"ward_code","ward","district_code","district","province_code","province"
"3","Phường Vĩnh Phúc","2","Quận Ba Đình","1","Hà Nội"
"4","Phường Cống Vị","2","Quận Ba Đình","1","Hà Nội"
"5","Phường Liễu Giai","2","Quận Ba Đình","1","Hà Nội"
"6","Phường Nguyễn Trung Trực","2","Quận Ba Đình","1","Hà Nội"
"7","Phường Quán Thánh","2","Quận Ba Đình","1","Hà Nội"
"8","Phường Ngọc Hà","2","Quận Ba Đình","1","Hà Nội"
"9","Phường Điện Biên","2","Quận Ba Đình","1","Hà Nội"
"10","Phường Đội Cấn","2","Quận Ba Đình","1","Hà Nội"
"11","Phường Ngọc Khánh","2","Quận Ba Đình","1","Hà Nội"
"12","Phường Kim Mã","2","Quận Ba Đình","1","Hà Nội"
"13","Phường Giảng Võ","2","Quận Ba Đình","1","Hà Nội"
"14","Phường Thành Công","2","Quận Ba Đình","1","Hà Nội"
"15","Phường Phúc Tân","7","Quận Hoàn Kiếm","1","Hà Nội"
"16","Phường Đồng Xuân","7","Quận Hoàn Kiếm","1","Hà Nội"
"17","Phường Hàng Mã","7","Quận Hoàn Kiếm","1","Hà Nội"
"18","Phường Hàng Buồm","7","Quận Hoàn Kiếm","1","Hà Nội"
"19","Phường Hàng Đào","7","Quận Hoàn Kiếm","1","Hà Nội"
"20","Phường Hàng Bồ","7","Quận Hoàn Kiếm","1","Hà Nội"
"21","Phường Cửa Đông","7","Quận Hoàn Kiếm","1","Hà Nội"
"22","Phường Lý Thái Tổ","7","Quận Hoàn Kiếm","1","Hà Nội"
"23","Phường Hàng Bạc","7","Quận Hoàn Kiếm","1","Hà Nội"
"24","Phường Hàng Gai","7","Quận Hoàn Kiếm","1","Hà Nội"
"25","Phường Chương Dương","7","Quận Hoàn Kiếm","1","Hà Nội"
"26","Phường Hàng Trống","7","Quận Hoàn Kiếm","1","Hà Nội"
"27","Phường Cửa Nam","7","Quận Hoàn Kiếm","1","Hà Nội"
"28","Phường Hàng Bông","7","Quận Hoàn Kiếm","1","Hà Nội"
"29","Phường Tràng Tiền","7","Quận Hoàn Kiếm","1","Hà Nội"
"30","Phường Trần Hưng Đạo","7","Quận Hoàn Kiếm","1","Hà Nội"
"31","Phường Phan Chu Trinh","7","Quận Hoàn Kiếm","1","Hà Nội"
"32","Phường Hàng Bài","7","Quận Hoàn Kiếm","1","Hà Nội"
"33","Phường Phú Thượng","10","Quận Tây Hồ","1","Hà Nội"
"34","Phường Nhật Tân","10","Quận Tây Hồ","1","Hà Nội"
"35","Phường Tứ Liên","10","Quận Tây Hồ","1","Hà Nội"
"36","Phường Quảng An","10","Quận Tây Hồ","1","Hà Nội"
"37","Phường Xuân La","10","Quận Tây Hồ","1","Hà Nội"
"38","Phường Yên Phụ","10","Quận Tây Hồ","1","Hà Nội"
"39","Phường Bưởi","10","Quận Tây Hồ","1","Hà Nội"
"40","Phường Thụy Khuê","10","Quận Tây Hồ","1","Hà Nội"
"41","Phường Thượng Thanh","9","Quận Long Biên","1","Hà Nội"
"42","Phường Ngọc Thụy","9","Quận Long Biên","1","Hà Nội"
"43","Phường Giang Biên","9","Quận Long Biên","1","Hà Nội"
"44","Phường Đức Giang","9","Quận Long Biên","1","Hà Nội"
"45","Phường Việt Hưng","9","Quận Long Biên","1","Hà Nội"
"46","Phường Gia Thụy","9","Quận Long Biên","1","Hà Nội"
"47","Phường Ngọc Lâm","9","Quận Long Biên","1","Hà Nội"
"48","Phường Phúc Lợi","9","Quận Long Biên","1","Hà Nội"
"49","Phường Bồ Đề","9","Quận Long Biên","1","Hà Nội"
"50","Phường Sài Đồng","9","Quận Long Biên","1","Hà Nội"
"51","Phường Long Biên","9","Quận Long Biên","1","Hà Nội"
"52","Phường Thạch Bàn","9","Quận Long Biên","1","Hà Nội"
"53","Phường Phúc Đồng","9","Quận Long Biên","1","Hà Nội"
"54","Phường Cự Khối","9","Quận Long Biên","1","Hà Nội"
"55","Phường Nghĩa Đô","3","Quận Cầu Giấy","1","Hà Nội"
"56","Phường Nghĩa Tân","3","Quận Cầu Giấy","1","Hà Nội"
"57","Phường Mai Dịch","3","Quận Cầu Giấy","1","Hà Nội"
"58","Phường Dịch Vọng","3","Quận Cầu Giấy","1","Hà Nội"
"59","Phường Dịch Vọng Hậu","3","Quận Cầu Giấy","1","Hà Nội"
"60","Phường Quan Hoa","3","Quận Cầu Giấy","1","Hà Nội"
"61","Phường Yên Hòa","3","Quận Cầu Giấy","1","Hà Nội"
"62","Phường Trung Hòa","3","Quận Cầu Giấy","1","Hà Nội"
"63","Phường Cát Linh","4","Quận Đống Đa","1","Hà Nội"
"64","Phường Văn Miếu","4","Quận Đống Đa","1","Hà Nội"
"65","Phường Quốc Tử Giám","4","Quận Đống Đa","1","Hà Nội"
"66","Phường Láng Thượng","4","Quận Đống Đa","1","Hà Nội"
"67","Phường Ô Chợ Dừa","4","Quận Đống Đa","1","Hà Nội"
"68","Phường Văn Chương","4","Quận Đống Đa","1","Hà Nội"
"69","Phường Hàng Bột","4","Quận Đống Đa","1","Hà Nội"
"70","Phường Láng Hạ","4","Quận Đống Đa","1","Hà Nội"
"71","Phường Khâm Thiên","4","Quận Đống Đa","1","Hà Nội"
"72","Phường Thổ Quan","4","Quận Đống Đa","1","Hà Nội"
"73","Phường Nam Đồng","4","Quận Đống Đa","1","Hà Nội"
"74","Phường Trung Phụng","4","Quận Đống Đa","1","Hà Nội"
"75","Phường Quang Trung","4","Quận Đống Đa","1","Hà Nội"
"76","Phường Trung Liệt","4","Quận Đống Đa","1","Hà Nội"
"77","Phường Phương Liên","4","Quận Đống Đa","1","Hà Nội"
"78","Phường Thịnh Quang","4","Quận Đống Đa","1","Hà Nội"
"79","Phường Trung Tự","4","Quận Đống Đa","1","Hà Nội"
"80","Phường Kim Liên","4","Quận Đống Đa","1","Hà Nội"
"81","Phường Phương Mai","4","Quận Đống Đa","1","Hà Nội"
"82","Phường Ngã Tư Sở","4","Quận Đống Đa","1","Hà Nội"
"83","Phường Khương Thượng","4","Quận Đống Đa","1","Hà Nội"
"84","Phường Nguyễn Du","6","Quận Hai Bà Trưng","1","Hà Nội"
"85","Phường Bạch Đằng","6","Quận Hai Bà Trưng","1","Hà Nội"
"86","Phường Phạm Đình Hổ","6","Quận Hai Bà Trưng","1","Hà Nội"
"87","Phường Bùi Thị Xuân","6","Quận Hai Bà Trưng","1","Hà Nội"
"88","Phường Ngô Thì Nhậm","6","Quận Hai Bà Trưng","1","Hà Nội"
"89","Phường Lê Đại Hành","6","Quận Hai Bà Trưng","1","Hà Nội"
"90","Phường Đồng Nhân","6","Quận Hai Bà Trưng","1","Hà Nội"
"91","Phường Phố Huế","6","Quận Hai Bà Trưng","1","Hà Nội"
"92","Phường Đống Mác","6","Quận Hai Bà Trưng","1","Hà Nội"
"93","Phường Thanh Lương","6","Quận Hai Bà Trưng","1","Hà Nội"
"94","Phường Thanh Nhàn","6","Quận Hai Bà Trưng","1","Hà Nội"
"95","Phường Cầu Dền","6","Quận Hai Bà Trưng","1","Hà Nội"
"96","Phường Bách Khoa","6","Quận Hai Bà Trưng","1","Hà Nội"
"97","Phường Đồng Tâm","6","Quận Hai Bà Trưng","1","Hà Nội"
"98","Phường Vĩnh Tuy","6","Quận Hai Bà Trưng","1","Hà Nội"
"99","Phường Bạch Mai","6","Quận Hai Bà Trưng","1","Hà Nội"
"100","Phường Quỳnh Mai","6","Quận Hai Bà Trưng","1","Hà Nội"
"101","Phường Quỳnh Lôi","6","Quận Hai Bà Trưng","1","Hà Nội"
"102","Phường Minh Khai","6","Quận Hai Bà Trưng","1","Hà Nội"
"103","Phường Trương Định","6","Quận Hai Bà Trưng","1","Hà Nội"
"104","Phường Thanh Trì","8","Quận Hoàng Mai","1","Hà Nội"
"105","Phường Vĩnh Hưng","8","Quận Hoàng Mai","1","Hà Nội"
"106","Phường Định Công","8","Quận Hoàng Mai","1","Hà Nội"
"107","Phường Mai Động","8","Quận Hoàng Mai","1","Hà Nội"
"108","Phường Tương Mai","8","Quận Hoàng Mai","1","Hà Nội"
"109","Phường Đại Kim","8","Quận Hoàng Mai","1","Hà Nội"
"110","Phường Tân Mai","8","Quận Hoàng Mai","1","Hà Nội"
"111","Phường Hoàng Văn Thụ","8","Quận Hoàng Mai","1","Hà Nội"
"112","Phường Giáp Bát","8","Quận Hoàng Mai","1","Hà Nội"
"113","Phường Lĩnh Nam","8","Quận Hoàng Mai","1","Hà Nội"
"114","Phường Thịnh Liệt","8","Quận Hoàng Mai","1","Hà Nội"
"115","Phường Trần Phú","8","Quận Hoàng Mai","1","Hà Nội"
"116","Phường Hoàng Liệt","8","Quận Hoàng Mai","1","Hà Nội"
"117","Phường Yên Sở","8","Quận Hoàng Mai","1","Hà Nội"
"118","Phường Nhân Chính","11","Quận Thanh Xuân","1","Hà Nội"
"119","Phường Thượng Đình","11","Quận Thanh Xuân","1","Hà Nội"
"120","Phường Khương Trung","11","Quận Thanh Xuân","1","Hà Nội"
"121","Phường Khương Mai","11","Quận Thanh Xuân","1","Hà Nội"
"122","Phường Thanh Xuân Trung","11","Quận Thanh Xuân","1","Hà Nội"
"123","Phường Phương Liệt","11","Quận Thanh Xuân","1","Hà Nội"
"124","Phường Hạ Đình","11","Quận Thanh Xuân","1","Hà Nội"
"125","Phường Khương Đình","11","Quận Thanh Xuân","1","Hà Nội"
"126","Phường Thanh Xuân Bắc","11","Quận Thanh Xuân","1","Hà Nội"
"127","Phường Thanh Xuân Nam","11","Quận Thanh Xuân","1","Hà Nội"
"128","Phường Kim Giang","11","Quận Thanh Xuân","1","Hà Nội"
"129","Thị trấn Sóc Sơn","23","Huyện Sóc Sơn","1","Hà Nội"
"130","Xã Bắc Sơn","23","Huyện Sóc Sơn","1","Hà Nội"
"131","Xã Minh Trí","23","Huyện Sóc Sơn","1","Hà Nội"
"132","Xã Hồng Kỳ","23","Huyện Sóc Sơn","1","Hà Nội"
"133","Xã Nam Sơn","23","Huyện Sóc Sơn","1","Hà Nội"
"134","Xã Trung Giã","23","Huyện Sóc Sơn","1","Hà Nội"
"135","Xã Tân Hưng","23","Huyện Sóc Sơn","1","Hà Nội"
"136","Xã Minh Phú","23","Huyện Sóc Sơn","1","Hà Nội"
"137","Xã Phù Linh","23","Huyện Sóc Sơn","1","Hà Nội"
"138","Xã Bắc Phú","23","Huyện Sóc Sơn","1","Hà Nội"
"139","Xã Tân Minh","23","Huyện Sóc Sơn","1","Hà Nội"
"140","Xã Quang Tiến","23","Huyện Sóc Sơn","1","Hà Nội"
"141","Xã Hiền Ninh","23","Huyện Sóc Sơn","1","Hà Nội"
"142","Xã Tân Dân","23","Huyện Sóc Sơn","1","Hà Nội"
"143","Xã Tiên Dược","23","Huyện Sóc Sơn","1","Hà Nội"
"144","Xã Việt Long","23","Huyện Sóc Sơn","1","Hà Nội"
"145","Xã Xuân Giang","23","Huyện Sóc Sơn","1","Hà Nội"
"146","Xã Mai Đình","23","Huyện Sóc Sơn","1","Hà Nội"
"147","Xã Đức Hòa","23","Huyện Sóc Sơn","1","Hà Nội"
"148","Xã Thanh Xuân","23","Huyện Sóc Sơn","1","Hà Nội"
"149","Xã Đông Xuân","23","Huyện Sóc Sơn","1","Hà Nội"
"150","Xã Kim Lũ","23","Huyện Sóc Sơn","1","Hà Nội"
"151","Xã Phú Cường","23","Huyện Sóc Sơn","1","Hà Nội"
"152","Xã Phú Minh","23","Huyện Sóc Sơn","1","Hà Nội"
"153","Xã Phù Lỗ","23","Huyện Sóc Sơn","1","Hà Nội"
"154","Xã Xuân Thu","23","Huyện Sóc Sơn","1","Hà Nội"
"155","Thị trấn Đông Anh","15","Huyện Đông Anh","1","Hà Nội"
"156","Xã Xuân Nộn","15","Huyện Đông Anh","1","Hà Nội"
"157","Xã Thụy Lâm","15","Huyện Đông Anh","1","Hà Nội"
"158","Xã Bắc Hồng","15","Huyện Đông Anh","1","Hà Nội"
"159","Xã Nguyên Khê","15","Huyện Đông Anh","1","Hà Nội"
"160","Xã Nam Hồng","15","Huyện Đông Anh","1","Hà Nội"
"161","Xã Tiên Dương","15","Huyện Đông Anh","1","Hà Nội"
"162","Xã Vân Hà","15","Huyện Đông Anh","1","Hà Nội"
"163","Xã Uy Nỗ","15","Huyện Đông Anh","1","Hà Nội"
"164","Xã Vân Nội","15","Huyện Đông Anh","1","Hà Nội"
"165","Xã Liên Hà","15","Huyện Đông Anh","1","Hà Nội"
"166","Xã Việt Hùng","15","Huyện Đông Anh","1","Hà Nội"
"167","Xã Kim Nỗ","15","Huyện Đông Anh","1","Hà Nội"
"168","Xã Kim Chung","15","Huyện Đông Anh","1","Hà Nội"
"169","Xã Dục Tú","15","Huyện Đông Anh","1","Hà Nội"
"170","Xã Đại Mạch","15","Huyện Đông Anh","1","Hà Nội"
"171","Xã Vĩnh Ngọc","15","Huyện Đông Anh","1","Hà Nội"
"172","Xã Cổ Loa","15","Huyện Đông Anh","1","Hà Nội"
"173","Xã Hải Bối","15","Huyện Đông Anh","1","Hà Nội"
"174","Xã Xuân Canh","15","Huyện Đông Anh","1","Hà Nội"
"175","Xã Võng La","15","Huyện Đông Anh","1","Hà Nội"
"176","Xã Tàm Xá","15","Huyện Đông Anh","1","Hà Nội"
"177","Xã Mai Lâm","15","Huyện Đông Anh","1","Hà Nội"
"178","Xã Đông Hội","15","Huyện Đông Anh","1","Hà Nội"
"179","Thị trấn Yên Viên","16","Huyện Gia Lâm","1","Hà Nội"
"180","Xã Yên Thường","16","Huyện Gia Lâm","1","Hà Nội"
"181","Xã Yên Viên","16","Huyện Gia Lâm","1","Hà Nội"
"182","Xã Ninh Hiệp","16","Huyện Gia Lâm","1","Hà Nội"
"183","Xã Đình Xuyên","16","Huyện Gia Lâm","1","Hà Nội"
"184","Xã Dương Hà","16","Huyện Gia Lâm","1","Hà Nội"
"185","Xã Phù Đổng","16","Huyện Gia Lâm","1","Hà Nội"
"186","Xã Trung Mầu","16","Huyện Gia Lâm","1","Hà Nội"
"187","Xã Lệ Chi","16","Huyện Gia Lâm","1","Hà Nội"
"188","Xã Cổ Bi","16","Huyện Gia Lâm","1","Hà Nội"
"189","Xã Đặng Xá","16","Huyện Gia Lâm","1","Hà Nội"
"190","Xã Phú Thị","16","Huyện Gia Lâm","1","Hà Nội"
"191","Xã Kim Sơn","16","Huyện Gia Lâm","1","Hà Nội"
"192","Thị trấn Trâu Quỳ","16","Huyện Gia Lâm","1","Hà Nội"
"193","Xã Dương Quang","16","Huyện Gia Lâm","1","Hà Nội"
"194","Xã Dương Xá","16","Huyện Gia Lâm","1","Hà Nội"
"195","Xã Đông Dư","16","Huyện Gia Lâm","1","Hà Nội"
"196","Xã Đa Tốn","16","Huyện Gia Lâm","1","Hà Nội"
"197","Xã Kiêu Kỵ","16","Huyện Gia Lâm","1","Hà Nội"
"198","Xã Bát Tràng","16","Huyện Gia Lâm","1","Hà Nội"
"199","Xã Kim Lan","16","Huyện Gia Lâm","1","Hà Nội"
"200","Xã Văn Đức","16","Huyện Gia Lâm","1","Hà Nội"
"201","Phường Cầu Diễn","688","Quận Nam Từ Liêm","1","Hà Nội"
"202","Phường Thượng Cát","28","Quận Bắc Từ Liêm","1","Hà Nội"
"203","Phường Liên Mạc","28","Quận Bắc Từ Liêm","1","Hà Nội"
"204","Phường Đông Ngạc","28","Quận Bắc Từ Liêm","1","Hà Nội"
"205","Phường Đức Thắng","28","Quận Bắc Từ Liêm","1","Hà Nội"
"206","Phường Thụy Phương","28","Quận Bắc Từ Liêm","1","Hà Nội"
"207","Phường Tây Tựu","28","Quận Bắc Từ Liêm","1","Hà Nội"
"208","Phường Xuân Đỉnh","28","Quận Bắc Từ Liêm","1","Hà Nội"
"209","Phường Xuân Tảo","28","Quận Bắc Từ Liêm","1","Hà Nội"
"210","Phường Minh Khai","28","Quận Bắc Từ Liêm","1","Hà Nội"
"211","Phường Cổ Nhuế 1","28","Quận Bắc Từ Liêm","1","Hà Nội"
"212","Phường Cổ Nhuế 2","28","Quận Bắc Từ Liêm","1","Hà Nội"
"213","Phường Phú Diễn","28","Quận Bắc Từ Liêm","1","Hà Nội"
"214","Phường Phúc Diễn","28","Quận Bắc Từ Liêm","1","Hà Nội"
"215","Phường Xuân Phương","688","Quận Nam Từ Liêm","1","Hà Nội"
"216","Phường Phương Canh","688","Quận Nam Từ Liêm","1","Hà Nội"
"217","Phường Mỹ Đình 1","688","Quận Nam Từ Liêm","1","Hà Nội"
"218","Phường Mỹ Đình 2","688","Quận Nam Từ Liêm","1","Hà Nội"
"219","Phường Tây Mỗ","688","Quận Nam Từ Liêm","1","Hà Nội"
"220","Phường Mễ Trì","688","Quận Nam Từ Liêm","1","Hà Nội"
"221","Phường Phú Đô","688","Quận Nam Từ Liêm","1","Hà Nội"
"222","Phường Đại Mỗ","688","Quận Nam Từ Liêm","1","Hà Nội"
"223","Phường Trung Văn","688","Quận Nam Từ Liêm","1","Hà Nội"
"224","Thị trấn Văn Điển","26","Huyện Thanh Trì","1","Hà Nội"
"225","Xã Tân Triều","26","Huyện Thanh Trì","1","Hà Nội"
"226","Xã Thanh Liệt","26","Huyện Thanh Trì","1","Hà Nội"
"227","Xã Tả Thanh Oai","26","Huyện Thanh Trì","1","Hà Nội"
"228","Xã Hữu Hòa","26","Huyện Thanh Trì","1","Hà Nội"
"229","Xã Tam Hiệp","26","Huyện Thanh Trì","1","Hà Nội"
"230","Xã Tứ Hiệp","26","Huyện Thanh Trì","1","Hà Nội"
"231","Xã Yên Mỹ","26","Huyện Thanh Trì","1","Hà Nội"
"232","Xã Vĩnh Quỳnh","26","Huyện Thanh Trì","1","Hà Nội"
"233","Xã Ngũ Hiệp","26","Huyện Thanh Trì","1","Hà Nội"
"234","Xã Duyên Hà","26","Huyện Thanh Trì","1","Hà Nội"
"235","Xã Ngọc Hồi","26","Huyện Thanh Trì","1","Hà Nội"
"236","Xã Vạn Phúc","26","Huyện Thanh Trì","1","Hà Nội"
"237","Xã Đại áng","26","Huyện Thanh Trì","1","Hà Nội"
"238","Xã Liên Ninh","26","Huyện Thanh Trì","1","Hà Nội"
"239","Xã Đông Mỹ","26","Huyện Thanh Trì","1","Hà Nội"
"240","Phường Quang Trung","264","Thành phố Hà Giang","24","Hà Giang"
"241","Phường Trần Phú","264","Thành phố Hà Giang","24","Hà Giang"
"242","Phường Ngọc Hà","264","Thành phố Hà Giang","24","Hà Giang"
"243","Phường Nguyễn Trãi","264","Thành phố Hà Giang","24","Hà Giang"
"244","Phường Minh Khai","264","Thành phố Hà Giang","24","Hà Giang"
"245","Xã Ngọc Đường","264","Thành phố Hà Giang","24","Hà Giang"
"246","Xã Kim Thạch","272","Huyện Vị Xuyên","24","Hà Giang"
"247","Xã Phú Linh","272","Huyện Vị Xuyên","24","Hà Giang"
"248","Xã Kim Linh","272","Huyện Vị Xuyên","24","Hà Giang"
"249","Thị trấn Phó Bảng","267","Huyện Đồng Văn","24","Hà Giang"
"250","Xã Lũng Cú","267","Huyện Đồng Văn","24","Hà Giang"
"251","Xã Má Lé","267","Huyện Đồng Văn","24","Hà Giang"
"252","Thị trấn Đồng Văn","267","Huyện Đồng Văn","24","Hà Giang"
"253","Xã Lũng Táo","267","Huyện Đồng Văn","24","Hà Giang"
"254","Xã Phố Là","267","Huyện Đồng Văn","24","Hà Giang"
"255","Xã Thài Phìn Tủng","267","Huyện Đồng Văn","24","Hà Giang"
"256","Xã Sủng Là","267","Huyện Đồng Văn","24","Hà Giang"
"257","Xã Xà Phìn","267","Huyện Đồng Văn","24","Hà Giang"
"258","Xã Tả Phìn","267","Huyện Đồng Văn","24","Hà Giang"
"259","Xã Tả Lủng","267","Huyện Đồng Văn","24","Hà Giang"
"260","Xã Phố Cáo","267","Huyện Đồng Văn","24","Hà Giang"
"261","Xã Sính Lủng","267","Huyện Đồng Văn","24","Hà Giang"
"262","Xã Sảng Tủng","267","Huyện Đồng Văn","24","Hà Giang"
"263","Xã Lũng Thầu","267","Huyện Đồng Văn","24","Hà Giang"
"264","Xã Hố Quáng Phìn","267","Huyện Đồng Văn","24","Hà Giang"
"265","Xã Vần Chải","267","Huyện Đồng Văn","24","Hà Giang"
"266","Xã Lũng Phìn","267","Huyện Đồng Văn","24","Hà Giang"
"267","Xã Sủng Trái","267","Huyện Đồng Văn","24","Hà Giang"
"268","Thị trấn Mèo Vạc","269","Huyện Mèo Vạc","24","Hà Giang"
"269","Xã Thượng Phùng","269","Huyện Mèo Vạc","24","Hà Giang"
"270","Xã Pải Lủng","269","Huyện Mèo Vạc","24","Hà Giang"
"271","Xã Xín Cái","269","Huyện Mèo Vạc","24","Hà Giang"
"272","Xã Pả Vi","269","Huyện Mèo Vạc","24","Hà Giang"
"273","Xã Giàng Chu Phìn","269","Huyện Mèo Vạc","24","Hà Giang"
"274","Xã Sủng Trà","269","Huyện Mèo Vạc","24","Hà Giang"
"275","Xã Sủng Máng","269","Huyện Mèo Vạc","24","Hà Giang"
"276","Xã Sơn Vĩ","269","Huyện Mèo Vạc","24","Hà Giang"
"277","Xã Tả Lủng","269","Huyện Mèo Vạc","24","Hà Giang"
"278","Xã Cán Chu Phìn","269","Huyện Mèo Vạc","24","Hà Giang"
"279","Xã Lũng Pù","269","Huyện Mèo Vạc","24","Hà Giang"
"280","Xã Lũng Chinh","269","Huyện Mèo Vạc","24","Hà Giang"
"281","Xã Tát Ngà","269","Huyện Mèo Vạc","24","Hà Giang"
"282","Xã Nậm Ban","269","Huyện Mèo Vạc","24","Hà Giang"
"283","Xã Khâu Vai","269","Huyện Mèo Vạc","24","Hà Giang"
"284","Xã Niêm Tòng","269","Huyện Mèo Vạc","24","Hà Giang"
"285","Xã Niêm Sơn","269","Huyện Mèo Vạc","24","Hà Giang"
"286","Thị trấn Yên Minh","274","Huyện Yên Minh","24","Hà Giang"
"287","Xã Thắng Mố","274","Huyện Yên Minh","24","Hà Giang"
"288","Xã Phú Lũng","274","Huyện Yên Minh","24","Hà Giang"
"289","Xã Sủng Tráng","274","Huyện Yên Minh","24","Hà Giang"
"290","Xã Bạch Đích","274","Huyện Yên Minh","24","Hà Giang"
"291","Xã Na Khê","274","Huyện Yên Minh","24","Hà Giang"
"292","Xã Sủng Thài","274","Huyện Yên Minh","24","Hà Giang"
"293","Xã Hữu Vinh","274","Huyện Yên Minh","24","Hà Giang"
"294","Xã Lao Và Chải","274","Huyện Yên Minh","24","Hà Giang"
"295","Xã Mậu Duệ","274","Huyện Yên Minh","24","Hà Giang"
"296","Xã Đông Minh","274","Huyện Yên Minh","24","Hà Giang"
"297","Xã Mậu Long","274","Huyện Yên Minh","24","Hà Giang"
"298","Xã Ngam La","274","Huyện Yên Minh","24","Hà Giang"
"299","Xã Ngọc Long","274","Huyện Yên Minh","24","Hà Giang"
"300","Xã Đường Thượng","274","Huyện Yên Minh","24","Hà Giang"
"301","Xã Lũng Hồ","274","Huyện Yên Minh","24","Hà Giang"
"302","Xã Du Tiến","274","Huyện Yên Minh","24","Hà Giang"
"303","Xã Du Già","274","Huyện Yên Minh","24","Hà Giang"
"304","Thị trấn Tam Sơn","270","Huyện Quản Bạ","24","Hà Giang"
"305","Xã Bát Đại Sơn","270","Huyện Quản Bạ","24","Hà Giang"
"306","Xã Nghĩa Thuận","270","Huyện Quản Bạ","24","Hà Giang"
"307","Xã Cán Tỷ","270","Huyện Quản Bạ","24","Hà Giang"
"308","Xã Cao Mã Pờ","270","Huyện Quản Bạ","24","Hà Giang"
"309","Xã Thanh Vân","270","Huyện Quản Bạ","24","Hà Giang"
"310","Xã Tùng Vài","270","Huyện Quản Bạ","24","Hà Giang"
"311","Xã Đông Hà","270","Huyện Quản Bạ","24","Hà Giang"
"312","Xã Quản Bạ","270","Huyện Quản Bạ","24","Hà Giang"
"313","Xã Lùng Tám","270","Huyện Quản Bạ","24","Hà Giang"
"314","Xã Quyết Tiến","270","Huyện Quản Bạ","24","Hà Giang"
"315","Xã Tả Ván","270","Huyện Quản Bạ","24","Hà Giang"
"316","Xã Thái An","270","Huyện Quản Bạ","24","Hà Giang"
"317","Thị trấn Vị Xuyên","272","Huyện Vị Xuyên","24","Hà Giang"
"318","Thị trấn Nông Trường Việt Lâm","272","Huyện Vị Xuyên","24","Hà Giang"
"319","Xã Minh Tân","272","Huyện Vị Xuyên","24","Hà Giang"
"320","Xã Thuận Hòa","272","Huyện Vị Xuyên","24","Hà Giang"
"321","Xã Tùng Bá","272","Huyện Vị Xuyên","24","Hà Giang"
"322","Xã Thanh Thủy","272","Huyện Vị Xuyên","24","Hà Giang"
"323","Xã Thanh Đức","272","Huyện Vị Xuyên","24","Hà Giang"
"324","Xã Phong Quang","272","Huyện Vị Xuyên","24","Hà Giang"
"325","Xã Xín Chải","272","Huyện Vị Xuyên","24","Hà Giang"
"326","Xã Phương Tiến","272","Huyện Vị Xuyên","24","Hà Giang"
"327","Xã Lao Chải","272","Huyện Vị Xuyên","24","Hà Giang"
"328","Xã Phương Độ","264","Thành phố Hà Giang","24","Hà Giang"
"329","Xã Phương Thiện","264","Thành phố Hà Giang","24","Hà Giang"
"330","Xã Cao Bồ","272","Huyện Vị Xuyên","24","Hà Giang"
"331","Xã Đạo Đức","272","Huyện Vị Xuyên","24","Hà Giang"
"332","Xã Thượng Sơn","272","Huyện Vị Xuyên","24","Hà Giang"
"333","Xã Linh Hồ","272","Huyện Vị Xuyên","24","Hà Giang"
"334","Xã Quảng Ngần","272","Huyện Vị Xuyên","24","Hà Giang"
"335","Xã Việt Lâm","272","Huyện Vị Xuyên","24","Hà Giang"
"336","Xã Ngọc Linh","272","Huyện Vị Xuyên","24","Hà Giang"
"337","Xã Ngọc Minh","272","Huyện Vị Xuyên","24","Hà Giang"
"338","Xã Bạch Ngọc","272","Huyện Vị Xuyên","24","Hà Giang"
"339","Xã Trung Thành","272","Huyện Vị Xuyên","24","Hà Giang"
"340","Xã Minh Sơn","265","Huyện Bắc Mê","24","Hà Giang"
"341","Xã Giáp Trung","265","Huyện Bắc Mê","24","Hà Giang"
"342","Xã Yên Định","265","Huyện Bắc Mê","24","Hà Giang"
"343","Thị trấn Yên Phú","265","Huyện Bắc Mê","24","Hà Giang"
"344","Xã Minh Ngọc","265","Huyện Bắc Mê","24","Hà Giang"
"345","Xã Yên Phong","265","Huyện Bắc Mê","24","Hà Giang"
"346","Xã Lạc Nông","265","Huyện Bắc Mê","24","Hà Giang"
"347","Xã Phú Nam","265","Huyện Bắc Mê","24","Hà Giang"
"348","Xã Yên Cường","265","Huyện Bắc Mê","24","Hà Giang"
"349","Xã Thượng Tân","265","Huyện Bắc Mê","24","Hà Giang"
"350","Xã Đường Âm","265","Huyện Bắc Mê","24","Hà Giang"
"351","Xã Đường Hồng","265","Huyện Bắc Mê","24","Hà Giang"
"352","Xã Phiêng Luông","265","Huyện Bắc Mê","24","Hà Giang"
"353","Thị trấn Vinh Quang","268","Huyện Hoàng Su Phì","24","Hà Giang"
"354","Xã Bản Máy","268","Huyện Hoàng Su Phì","24","Hà Giang"
"355","Xã Thàng Tín","268","Huyện Hoàng Su Phì","24","Hà Giang"
"356","Xã Thèn Chu Phìn","268","Huyện Hoàng Su Phì","24","Hà Giang"
"357","Xã Pố Lồ","268","Huyện Hoàng Su Phì","24","Hà Giang"
"358","Xã Bản Phùng","268","Huyện Hoàng Su Phì","24","Hà Giang"
"359","Xã Túng Sán","268","Huyện Hoàng Su Phì","24","Hà Giang"
"360","Xã Chiến Phố","268","Huyện Hoàng Su Phì","24","Hà Giang"
"361","Xã Đản Ván","268","Huyện Hoàng Su Phì","24","Hà Giang"
"362","Xã Tụ Nhân","268","Huyện Hoàng Su Phì","24","Hà Giang"
"363","Xã Tân Tiến","268","Huyện Hoàng Su Phì","24","Hà Giang"
"364","Xã Nàng Đôn","268","Huyện Hoàng Su Phì","24","Hà Giang"
"365","Xã Pờ Ly Ngài","268","Huyện Hoàng Su Phì","24","Hà Giang"
"366","Xã Sán Xả Hồ","268","Huyện Hoàng Su Phì","24","Hà Giang"
"367","Xã Bản Luốc","268","Huyện Hoàng Su Phì","24","Hà Giang"
"368","Xã Ngàm Đăng Vài","268","Huyện Hoàng Su Phì","24","Hà Giang"
"369","Xã Bản Nhùng","268","Huyện Hoàng Su Phì","24","Hà Giang"
"370","Xã Tả Sử Choóng","268","Huyện Hoàng Su Phì","24","Hà Giang"
"371","Xã Nậm Dịch","268","Huyện Hoàng Su Phì","24","Hà Giang"
"372","Xã Bản Péo","268","Huyện Hoàng Su Phì","24","Hà Giang"
"373","Xã Hồ Thầu","268","Huyện Hoàng Su Phì","24","Hà Giang"
"374","Xã Nam Sơn","268","Huyện Hoàng Su Phì","24","Hà Giang"
"375","Xã Nậm Tỵ","268","Huyện Hoàng Su Phì","24","Hà Giang"
"376","Xã Thông Nguyên","268","Huyện Hoàng Su Phì","24","Hà Giang"
"377","Xã Nậm Khòa","268","Huyện Hoàng Su Phì","24","Hà Giang"
"378","Thị trấn Cốc Pài","273","Huyện Xín Mần","24","Hà Giang"
"379","Xã Nàn Xỉn","273","Huyện Xín Mần","24","Hà Giang"
"380","Xã Bản Díu","273","Huyện Xín Mần","24","Hà Giang"
"381","Xã Chí Cà","273","Huyện Xín Mần","24","Hà Giang"
"382","Xã Xín Mần","273","Huyện Xín Mần","24","Hà Giang"
"383","Xã Trung Thịnh","273","Huyện Xín Mần","24","Hà Giang"
"384","Xã Thèn Phàng","273","Huyện Xín Mần","24","Hà Giang"
"385","Xã Ngán Chiên","273","Huyện Xín Mần","24","Hà Giang"
"386","Xã Pà Vầy Sủ","273","Huyện Xín Mần","24","Hà Giang"
"387","Xã Cốc Rế","273","Huyện Xín Mần","24","Hà Giang"
"388","Xã Thu Tà","273","Huyện Xín Mần","24","Hà Giang"
"389","Xã Nàn Ma","273","Huyện Xín Mần","24","Hà Giang"
"390","Xã Tả Nhìu","273","Huyện Xín Mần","24","Hà Giang"
"391","Xã Bản Ngò","273","Huyện Xín Mần","24","Hà Giang"
"392","Xã Chế Là","273","Huyện Xín Mần","24","Hà Giang"
"393","Xã Nấm Dẩn","273","Huyện Xín Mần","24","Hà Giang"
"394","Xã Quảng Nguyên","273","Huyện Xín Mần","24","Hà Giang"
"395","Xã Nà Chì","273","Huyện Xín Mần","24","Hà Giang"
"396","Xã Khuôn Lùng","273","Huyện Xín Mần","24","Hà Giang"
"397","Thị trấn Việt Quang","266","Huyện Bắc Quang","24","Hà Giang"
"398","Thị trấn Vĩnh Tuy","266","Huyện Bắc Quang","24","Hà Giang"
"399","Xã Tân Lập","266","Huyện Bắc Quang","24","Hà Giang"
"400","Xã Tân Thành","266","Huyện Bắc Quang","24","Hà Giang"
"401","Xã Đồng Tiến","266","Huyện Bắc Quang","24","Hà Giang"
"402","Xã Đồng Tâm","266","Huyện Bắc Quang","24","Hà Giang"
"403","Xã Tân Quang","266","Huyện Bắc Quang","24","Hà Giang"
"404","Xã Thượng Bình","266","Huyện Bắc Quang","24","Hà Giang"
"405","Xã Hữu Sản","266","Huyện Bắc Quang","24","Hà Giang"
"406","Xã Kim Ngọc","266","Huyện Bắc Quang","24","Hà Giang"
"407","Xã Việt Vinh","266","Huyện Bắc Quang","24","Hà Giang"
"408","Xã Bằng Hành","266","Huyện Bắc Quang","24","Hà Giang"
"409","Xã Quang Minh","266","Huyện Bắc Quang","24","Hà Giang"
"410","Xã Liên Hiệp","266","Huyện Bắc Quang","24","Hà Giang"
"411","Xã Vô Điếm","266","Huyện Bắc Quang","24","Hà Giang"
"412","Xã Việt Hồng","266","Huyện Bắc Quang","24","Hà Giang"
"413","Xã Hùng An","266","Huyện Bắc Quang","24","Hà Giang"
"414","Xã Đức Xuân","266","Huyện Bắc Quang","24","Hà Giang"
"415","Xã Tiên Kiều","266","Huyện Bắc Quang","24","Hà Giang"
"416","Xã Vĩnh Hảo","266","Huyện Bắc Quang","24","Hà Giang"
"417","Xã Vĩnh Phúc","266","Huyện Bắc Quang","24","Hà Giang"
"418","Xã Đồng Yên","266","Huyện Bắc Quang","24","Hà Giang"
"419","Xã Đông Thành","266","Huyện Bắc Quang","24","Hà Giang"
"420","Xã Xuân Minh","271","Huyện Quang Bình","24","Hà Giang"
"421","Xã Tiên Nguyên","271","Huyện Quang Bình","24","Hà Giang"
"422","Xã Tân Nam","271","Huyện Quang Bình","24","Hà Giang"
"423","Xã Bản Rịa","271","Huyện Quang Bình","24","Hà Giang"
"424","Xã Yên Thành","271","Huyện Quang Bình","24","Hà Giang"
"425","Thị trấn Yên Bình","271","Huyện Quang Bình","24","Hà Giang"
"426","Xã Tân Trịnh","271","Huyện Quang Bình","24","Hà Giang"
"427","Xã Tân Bắc","271","Huyện Quang Bình","24","Hà Giang"
"428","Xã Bằng Lang","271","Huyện Quang Bình","24","Hà Giang"
"429","Xã Yên Hà","271","Huyện Quang Bình","24","Hà Giang"
"430","Xã Hương Sơn","271","Huyện Quang Bình","24","Hà Giang"
"431","Xã Xuân Giang","271","Huyện Quang Bình","24","Hà Giang"
"432","Xã Nà Khương","271","Huyện Quang Bình","24","Hà Giang"
"433","Xã Tiên Yên","271","Huyện Quang Bình","24","Hà Giang"
"434","Xã Vĩ Thượng","271","Huyện Quang Bình","24","Hà Giang"
"435","Phường Sông Hiến","161","Thành phố Cao Bằng","15","Cao Bằng"
"436","Phường Sông Bằng","161","Thành phố Cao Bằng","15","Cao Bằng"
"437","Phường Hợp Giang","161","Thành phố Cao Bằng","15","Cao Bằng"
"438","Phường Tân Giang","161","Thành phố Cao Bằng","15","Cao Bằng"
"439","Phường Ngọc Xuân","161","Thành phố Cao Bằng","15","Cao Bằng"
"440","Phường Đề Thám","161","Thành phố Cao Bằng","15","Cao Bằng"
"441","Phường Hòa Chung","161","Thành phố Cao Bằng","15","Cao Bằng"
"442","Phường Duyệt Trung","161","Thành phố Cao Bằng","15","Cao Bằng"
"443","Thị trấn Pác Miầu","163","Huyện Bảo Lâm","15","Cao Bằng"
"444","Xã Đức Hạnh","163","Huyện Bảo Lâm","15","Cao Bằng"
"445","Xã Lý Bôn","163","Huyện Bảo Lâm","15","Cao Bằng"
"446","Xã Nam Cao","163","Huyện Bảo Lâm","15","Cao Bằng"
"447","Xã Nam Quang","163","Huyện Bảo Lâm","15","Cao Bằng"
"448","Xã Vĩnh Quang","163","Huyện Bảo Lâm","15","Cao Bằng"
"449","Xã Quảng Lâm","163","Huyện Bảo Lâm","15","Cao Bằng"
"450","Xã Thạch Lâm","163","Huyện Bảo Lâm","15","Cao Bằng"
"451","Xã Tân Việt","163","Huyện Bảo Lâm","15","Cao Bằng"
"452","Xã Vĩnh Phong","163","Huyện Bảo Lâm","15","Cao Bằng"
"453","Xã Mông Ân","163","Huyện Bảo Lâm","15","Cao Bằng"
"454","Xã Thái Học","163","Huyện Bảo Lâm","15","Cao Bằng"
"455","Xã Thái Sơn","163","Huyện Bảo Lâm","15","Cao Bằng"
"456","Xã Yên Thổ","163","Huyện Bảo Lâm","15","Cao Bằng"
"457","Thị trấn Bảo Lạc","162","Huyện Bảo Lạc","15","Cao Bằng"
"458","Xã Cốc Pàng","162","Huyện Bảo Lạc","15","Cao Bằng"
"459","Xã Thượng Hà","162","Huyện Bảo Lạc","15","Cao Bằng"
"460","Xã Cô Ba","162","Huyện Bảo Lạc","15","Cao Bằng"
"461","Xã Bảo Toàn","162","Huyện Bảo Lạc","15","Cao Bằng"
"462","Xã Khánh Xuân","162","Huyện Bảo Lạc","15","Cao Bằng"
"463","Xã Xuân Trường","162","Huyện Bảo Lạc","15","Cao Bằng"
"464","Xã Hồng Trị","162","Huyện Bảo Lạc","15","Cao Bằng"
"465","Xã Kim Cúc","162","Huyện Bảo Lạc","15","Cao Bằng"
"466","Xã Phan Thanh","162","Huyện Bảo Lạc","15","Cao Bằng"
"467","Xã Hồng An","162","Huyện Bảo Lạc","15","Cao Bằng"
"468","Xã Hưng Đạo","162","Huyện Bảo Lạc","15","Cao Bằng"
"469","Xã Hưng Thịnh","162","Huyện Bảo Lạc","15","Cao Bằng"
"470","Xã Huy Giáp","162","Huyện Bảo Lạc","15","Cao Bằng"
"471","Xã Đình Phùng","162","Huyện Bảo Lạc","15","Cao Bằng"
"472","Xã Sơn Lập","162","Huyện Bảo Lạc","15","Cao Bằng"
"473","Xã Sơn Lộ","162","Huyện Bảo Lạc","15","Cao Bằng"
"474","Thị trấn Thông Nông","171","Huyện Thông Nông","15","Cao Bằng"
"475","Xã Cần Yên","171","Huyện Thông Nông","15","Cao Bằng"
"476","Xã Cần Nông","171","Huyện Thông Nông","15","Cao Bằng"
"477","Xã Vị Quang","171","Huyện Thông Nông","15","Cao Bằng"
"478","Xã Lương Thông","171","Huyện Thông Nông","15","Cao Bằng"
"479","Xã Đa Thông","171","Huyện Thông Nông","15","Cao Bằng"
"480","Xã Ngọc Động","171","Huyện Thông Nông","15","Cao Bằng"
"481","Xã Yên Sơn","171","Huyện Thông Nông","15","Cao Bằng"
"482","Xã Lương Can","171","Huyện Thông Nông","15","Cao Bằng"
"483","Xã Thanh Long","171","Huyện Thông Nông","15","Cao Bằng"
"484","Xã Bình Lãng","171","Huyện Thông Nông","15","Cao Bằng"
"485","Thị trấn Xuân Hòa","165","Huyện Hà Quảng","15","Cao Bằng"
"486","Xã Lũng Nặm","165","Huyện Hà Quảng","15","Cao Bằng"
"487","Xã Kéo Yên","165","Huyện Hà Quảng","15","Cao Bằng"
"488","Xã Trường Hà","165","Huyện Hà Quảng","15","Cao Bằng"
"489","Xã Vân An","165","Huyện Hà Quảng","15","Cao Bằng"
"490","Xã Cải Viên","165","Huyện Hà Quảng","15","Cao Bằng"
"491","Xã Nà Sác","165","Huyện Hà Quảng","15","Cao Bằng"
"492","Xã Nội Thôn","165","Huyện Hà Quảng","15","Cao Bằng"
"493","Xã Tổng Cọt","165","Huyện Hà Quảng","15","Cao Bằng"
"494","Xã Sóc Hà","165","Huyện Hà Quảng","15","Cao Bằng"
"495","Xã Thượng Thôn","165","Huyện Hà Quảng","15","Cao Bằng"
"496","Xã Vần Dính","165","Huyện Hà Quảng","15","Cao Bằng"
"497","Xã Hồng Sỹ","165","Huyện Hà Quảng","15","Cao Bằng"
"498","Xã Sĩ Hai","165","Huyện Hà Quảng","15","Cao Bằng"
"499","Xã Quý Quân","165","Huyện Hà Quảng","15","Cao Bằng"
"500","Xã Mã Ba","165","Huyện Hà Quảng","15","Cao Bằng"
"501","Xã Phù Ngọc","165","Huyện Hà Quảng","15","Cao Bằng"
"502","Xã Đào Ngạn","165","Huyện Hà Quảng","15","Cao Bằng"
"503","Xã Hạ Thôn","165","Huyện Hà Quảng","15","Cao Bằng"
"504","Thị trấn Hùng Quốc","172","Huyện Trà Lĩnh","15","Cao Bằng"
"505","Xã Cô Mười","172","Huyện Trà Lĩnh","15","Cao Bằng"
"506","Xã Tri Phương","172","Huyện Trà Lĩnh","15","Cao Bằng"
"507","Xã Quang Hán","172","Huyện Trà Lĩnh","15","Cao Bằng"
"508","Xã Quang Vinh","172","Huyện Trà Lĩnh","15","Cao Bằng"
"509","Xã Xuân Nội","172","Huyện Trà Lĩnh","15","Cao Bằng"
"510","Xã Quang Trung","172","Huyện Trà Lĩnh","15","Cao Bằng"
"511","Xã Lưu Ngọc","172","Huyện Trà Lĩnh","15","Cao Bằng"
"512","Xã Cao Chương","172","Huyện Trà Lĩnh","15","Cao Bằng"
"513","Xã Quốc Toản","172","Huyện Trà Lĩnh","15","Cao Bằng"
"514","Thị trấn Trùng Khánh","173","Huyện Trùng Khánh","15","Cao Bằng"
"515","Xã Ngọc Khê","173","Huyện Trùng Khánh","15","Cao Bằng"
"516","Xã Ngọc Côn","173","Huyện Trùng Khánh","15","Cao Bằng"
"517","Xã Phong Nậm","173","Huyện Trùng Khánh","15","Cao Bằng"
"518","Xã Ngọc Chung","173","Huyện Trùng Khánh","15","Cao Bằng"
"519","Xã Đình Phong","173","Huyện Trùng Khánh","15","Cao Bằng"
"520","Xã Lăng Yên","173","Huyện Trùng Khánh","15","Cao Bằng"
"521","Xã Đàm Thủy","173","Huyện Trùng Khánh","15","Cao Bằng"
"522","Xã Khâm Thành","173","Huyện Trùng Khánh","15","Cao Bằng"
"523","Xã Chí Viễn","173","Huyện Trùng Khánh","15","Cao Bằng"
"524","Xã Lăng Hiếu","173","Huyện Trùng Khánh","15","Cao Bằng"
"525","Xã Phong Châu","173","Huyện Trùng Khánh","15","Cao Bằng"
"526","Xã Đình Minh","173","Huyện Trùng Khánh","15","Cao Bằng"
"527","Xã Cảnh Tiên","173","Huyện Trùng Khánh","15","Cao Bằng"
"528","Xã Trung Phúc","173","Huyện Trùng Khánh","15","Cao Bằng"
"529","Xã Cao Thăng","173","Huyện Trùng Khánh","15","Cao Bằng"
"530","Xã Đức Hồng","173","Huyện Trùng Khánh","15","Cao Bằng"
"531","Xã Thông Hoè","173","Huyện Trùng Khánh","15","Cao Bằng"
"532","Xã Thân Giáp","173","Huyện Trùng Khánh","15","Cao Bằng"
"533","Xã Đoài Côn","173","Huyện Trùng Khánh","15","Cao Bằng"
"534","Xã Minh Long","164","Huyện Hạ Lang","15","Cao Bằng"
"535","Xã Lý Quốc","164","Huyện Hạ Lang","15","Cao Bằng"
"536","Xã Thắng Lợi","164","Huyện Hạ Lang","15","Cao Bằng"
"537","Xã Đồng Loan","164","Huyện Hạ Lang","15","Cao Bằng"
"538","Xã Đức Quang","164","Huyện Hạ Lang","15","Cao Bằng"
"539","Xã Kim Loan","164","Huyện Hạ Lang","15","Cao Bằng"
"540","Xã Quang Long","164","Huyện Hạ Lang","15","Cao Bằng"
"541","Xã An Lạc","164","Huyện Hạ Lang","15","Cao Bằng"
"542","Thị trấn Thanh Nhật","164","Huyện Hạ Lang","15","Cao Bằng"
"543","Xã Vinh Quý","164","Huyện Hạ Lang","15","Cao Bằng"
"544","Xã Việt Chu","164","Huyện Hạ Lang","15","Cao Bằng"
"545","Xã Cô Ngân","164","Huyện Hạ Lang","15","Cao Bằng"
"546","Xã Thái Đức","164","Huyện Hạ Lang","15","Cao Bằng"
"547","Xã Thị Hoa","164","Huyện Hạ Lang","15","Cao Bằng"
"548","Thị trấn Quảng Uyên","169","Huyện Quảng Uyên","15","Cao Bằng"
"549","Xã Phi Hải","169","Huyện Quảng Uyên","15","Cao Bằng"
"550","Xã Quảng Hưng","169","Huyện Quảng Uyên","15","Cao Bằng"
"551","Xã Bình Lăng","169","Huyện Quảng Uyên","15","Cao Bằng"
"552","Xã Quốc Dân","169","Huyện Quảng Uyên","15","Cao Bằng"
"553","Xã Quốc Phong","169","Huyện Quảng Uyên","15","Cao Bằng"
"554","Xã Độc Lập","169","Huyện Quảng Uyên","15","Cao Bằng"
"555","Xã Cai Bộ","169","Huyện Quảng Uyên","15","Cao Bằng"
"556","Xã Đoài Khôn","169","Huyện Quảng Uyên","15","Cao Bằng"
"557","Xã Phúc Sen","169","Huyện Quảng Uyên","15","Cao Bằng"
"558","Xã Chí Thảo","169","Huyện Quảng Uyên","15","Cao Bằng"
"559","Xã Tự Do","169","Huyện Quảng Uyên","15","Cao Bằng"
"560","Xã Hồng Định","169","Huyện Quảng Uyên","15","Cao Bằng"
"561","Xã Hồng Quang","169","Huyện Quảng Uyên","15","Cao Bằng"
"562","Xã Ngọc Động","169","Huyện Quảng Uyên","15","Cao Bằng"
"563","Xã Hoàng Hải","169","Huyện Quảng Uyên","15","Cao Bằng"
"564","Xã Hạnh Phúc","169","Huyện Quảng Uyên","15","Cao Bằng"
"565","Thị trấn Tà Lùng","168","Huyện Phục Hòa","15","Cao Bằng"
"566","Xã Triệu ẩu","168","Huyện Phục Hòa","15","Cao Bằng"
"567","Xã Hồng Đại","168","Huyện Phục Hòa","15","Cao Bằng"
"568","Xã Cách Linh","168","Huyện Phục Hòa","15","Cao Bằng"
"569","Xã Đại Sơn","168","Huyện Phục Hòa","15","Cao Bằng"
"570","Xã Lương Thiện","168","Huyện Phục Hòa","15","Cao Bằng"
"571","Xã Tiên Thành","168","Huyện Phục Hòa","15","Cao Bằng"
"572","Thị trấn Hòa Thuận","168","Huyện Phục Hòa","15","Cao Bằng"
"573","Xã Mỹ Hưng","168","Huyện Phục Hòa","15","Cao Bằng"
"574","Thị trấn Nước Hai","166","Huyện Hòa An","15","Cao Bằng"
"575","Xã Dân Chủ","166","Huyện Hòa An","15","Cao Bằng"
"576","Xã Nam Tuấn","166","Huyện Hòa An","15","Cao Bằng"
"577","Xã Đức Xuân","166","Huyện Hòa An","15","Cao Bằng"
"578","Xã Đại Tiến","166","Huyện Hòa An","15","Cao Bằng"
"579","Xã Đức Long","166","Huyện Hòa An","15","Cao Bằng"
"580","Xã Ngũ Lão","166","Huyện Hòa An","15","Cao Bằng"
"581","Xã Trương Lương","166","Huyện Hòa An","15","Cao Bằng"
"582","Xã Bình Long","166","Huyện Hòa An","15","Cao Bằng"
"583","Xã Nguyễn Huệ","166","Huyện Hòa An","15","Cao Bằng"
"584","Xã Công Trừng","166","Huyện Hòa An","15","Cao Bằng"
"585","Xã Hồng Việt","166","Huyện Hòa An","15","Cao Bằng"
"586","Xã Bế Triều","166","Huyện Hòa An","15","Cao Bằng"
"587","Xã Vĩnh Quang","161","Thành phố Cao Bằng","15","Cao Bằng"
"588","Xã Hoàng Tung","166","Huyện Hòa An","15","Cao Bằng"
"589","Xã Trương Vương","166","Huyện Hòa An","15","Cao Bằng"
"590","Xã Quang Trung","166","Huyện Hòa An","15","Cao Bằng"
"591","Xã Hưng Đạo","161","Thành phố Cao Bằng","15","Cao Bằng"
"592","Xã Bạch Đằng","166","Huyện Hòa An","15","Cao Bằng"
"593","Xã Bình Dương","166","Huyện Hòa An","15","Cao Bằng"
"594","Xã Lê Chung","166","Huyện Hòa An","15","Cao Bằng"
"595","Xã Hà Trì","166","Huyện Hòa An","15","Cao Bằng"
"596","Xã Chu Trinh","161","Thành phố Cao Bằng","15","Cao Bằng"
"597","Xã Hồng Nam","166","Huyện Hòa An","15","Cao Bằng"
"598","Thị trấn Nguyên Bình","167","Huyện Nguyên Bình","15","Cao Bằng"
"599","Thị trấn Tĩnh Túc","167","Huyện Nguyên Bình","15","Cao Bằng"
"600","Xã Yên Lạc","167","Huyện Nguyên Bình","15","Cao Bằng"
"601","Xã Triệu Nguyên","167","Huyện Nguyên Bình","15","Cao Bằng"
"602","Xã Ca Thành","167","Huyện Nguyên Bình","15","Cao Bằng"
"603","Xã Thái Học","167","Huyện Nguyên Bình","15","Cao Bằng"
"604","Xã Vũ Nông","167","Huyện Nguyên Bình","15","Cao Bằng"
"605","Xã Minh Tâm","167","Huyện Nguyên Bình","15","Cao Bằng"
"606","Xã Thể Dục","167","Huyện Nguyên Bình","15","Cao Bằng"
"607","Xã Bắc Hợp","167","Huyện Nguyên Bình","15","Cao Bằng"
"608","Xã Mai Long","167","Huyện Nguyên Bình","15","Cao Bằng"
"609","Xã Lang Môn","167","Huyện Nguyên Bình","15","Cao Bằng"
"610","Xã Minh Thanh","167","Huyện Nguyên Bình","15","Cao Bằng"
"611","Xã Hoa Thám","167","Huyện Nguyên Bình","15","Cao Bằng"
"612","Xã Phan Thanh","167","Huyện Nguyên Bình","15","Cao Bằng"
"613","Xã Quang Thành","167","Huyện Nguyên Bình","15","Cao Bằng"
"614","Xã Tam Kim","167","Huyện Nguyên Bình","15","Cao Bằng"
"615","Xã Thành Công","167","Huyện Nguyên Bình","15","Cao Bằng"
"616","Xã Thịnh Vượng","167","Huyện Nguyên Bình","15","Cao Bằng"
"617","Xã Hưng Đạo","167","Huyện Nguyên Bình","15","Cao Bằng"
"618","Thị trấn Đông Khê","170","Huyện Thạch An","15","Cao Bằng"
"619","Xã Canh Tân","170","Huyện Thạch An","15","Cao Bằng"
"620","Xã Kim Đồng","170","Huyện Thạch An","15","Cao Bằng"
"621","Xã Minh Khai","170","Huyện Thạch An","15","Cao Bằng"
"622","Xã Thị Ngân","170","Huyện Thạch An","15","Cao Bằng"
"623","Xã Đức Thông","170","Huyện Thạch An","15","Cao Bằng"
"624","Xã Thái Cường","170","Huyện Thạch An","15","Cao Bằng"
"625","Xã Vân Trình","170","Huyện Thạch An","15","Cao Bằng"
"626","Xã Thụy Hùng","170","Huyện Thạch An","15","Cao Bằng"
"627","Xã Quang Trọng","170","Huyện Thạch An","15","Cao Bằng"
"628","Xã Trọng Con","170","Huyện Thạch An","15","Cao Bằng"
"629","Xã Lê Lai","170","Huyện Thạch An","15","Cao Bằng"
"630","Xã Đức Long","170","Huyện Thạch An","15","Cao Bằng"
"631","Xã Danh Sỹ","170","Huyện Thạch An","15","Cao Bằng"
"632","Xã Lê Lợi","170","Huyện Thạch An","15","Cao Bằng"
"633","Xã Đức Xuân","170","Huyện Thạch An","15","Cao Bằng"
"634","Phường Nguyễn Thị Minh Khai","79","Thành Phố Bắc Kạn","6","Bắc Kạn"
"635","Phường Sông Cầu","79","Thành Phố Bắc Kạn","6","Bắc Kạn"
"636","Phường Đức Xuân","79","Thành Phố Bắc Kạn","6","Bắc Kạn"
"637","Phường Phùng Chí Kiên","79","Thành Phố Bắc Kạn","6","Bắc Kạn"
"638","Phường Huyền Tụng","79","Thành Phố Bắc Kạn","6","Bắc Kạn"
"639","Xã Dương Quang","79","Thành Phố Bắc Kạn","6","Bắc Kạn"
"640","Xã Nông Thượng","79","Thành Phố Bắc Kạn","6","Bắc Kạn"
"641","Phường Xuất Hóa","79","Thành Phố Bắc Kạn","6","Bắc Kạn"
"642","Xã Bằng Thành","86","Huyện Pác Nặm","6","Bắc Kạn"
"643","Xã Nhạn Môn","86","Huyện Pác Nặm","6","Bắc Kạn"
"644","Xã Bộc Bố","86","Huyện Pác Nặm","6","Bắc Kạn"
"645","Xã Công Bằng","86","Huyện Pác Nặm","6","Bắc Kạn"
"646","Xã Giáo Hiệu","86","Huyện Pác Nặm","6","Bắc Kạn"
"647","Xã Xuân La","86","Huyện Pác Nặm","6","Bắc Kạn"
"648","Xã An Thắng","86","Huyện Pác Nặm","6","Bắc Kạn"
"649","Xã Cổ Linh","86","Huyện Pác Nặm","6","Bắc Kạn"
"650","Xã Nghiên Loan","86","Huyện Pác Nặm","6","Bắc Kạn"
"651","Xã Cao Tân","86","Huyện Pác Nặm","6","Bắc Kạn"
"652","Thị trấn Chợ Rã","80","Huyện Ba Bể","6","Bắc Kạn"
"653","Xã Bành Trạch","80","Huyện Ba Bể","6","Bắc Kạn"
"654","Xã Phúc Lộc","80","Huyện Ba Bể","6","Bắc Kạn"
"655","Xã Hà Hiệu","80","Huyện Ba Bể","6","Bắc Kạn"
"656","Xã Cao Thượng","80","Huyện Ba Bể","6","Bắc Kạn"
"657","Xã Cao Trĩ","80","Huyện Ba Bể","6","Bắc Kạn"
"658","Xã Khang Ninh","80","Huyện Ba Bể","6","Bắc Kạn"
"659","Xã Nam Mẫu","80","Huyện Ba Bể","6","Bắc Kạn"
"660","Xã Thượng Giáo","80","Huyện Ba Bể","6","Bắc Kạn"
"661","Xã Địa Linh","80","Huyện Ba Bể","6","Bắc Kạn"
"662","Xã Yến Dương","80","Huyện Ba Bể","6","Bắc Kạn"
"663","Xã Chu Hương","80","Huyện Ba Bể","6","Bắc Kạn"
"664","Xã Quảng Khê","80","Huyện Ba Bể","6","Bắc Kạn"
"665","Xã Mỹ Phương","80","Huyện Ba Bể","6","Bắc Kạn"
"666","Xã Hoàng Trĩ","80","Huyện Ba Bể","6","Bắc Kạn"
"667","Xã Đồng Phúc","80","Huyện Ba Bể","6","Bắc Kạn"
"668","Thị trấn Nà Phặc","85","Huyện Ngân Sơn","6","Bắc Kạn"
"669","Xã Thượng Ân","85","Huyện Ngân Sơn","6","Bắc Kạn"
"670","Xã Bằng Vân","85","Huyện Ngân Sơn","6","Bắc Kạn"
"671","Xã Cốc Đán","85","Huyện Ngân Sơn","6","Bắc Kạn"
"672","Xã Trung Hòa","85","Huyện Ngân Sơn","6","Bắc Kạn"
"673","Xã Đức Vân","85","Huyện Ngân Sơn","6","Bắc Kạn"
"674","Xã Vân Tùng","85","Huyện Ngân Sơn","6","Bắc Kạn"
"675","Xã Thượng Quan","85","Huyện Ngân Sơn","6","Bắc Kạn"
"676","Xã Lãng Ngâm","85","Huyện Ngân Sơn","6","Bắc Kạn"
"677","Xã Thuần Mang","85","Huyện Ngân Sơn","6","Bắc Kạn"
"678","Xã Hương Nê","85","Huyện Ngân Sơn","6","Bắc Kạn"
"679","Thị trấn Phủ Thông","81","Huyện Bạch Thông","6","Bắc Kạn"
"680","Xã Phương Linh","81","Huyện Bạch Thông","6","Bắc Kạn"
"681","Xã Vi Hương","81","Huyện Bạch Thông","6","Bắc Kạn"
"682","Xã Sĩ Bình","81","Huyện Bạch Thông","6","Bắc Kạn"
"683","Xã Vũ Muộn","81","Huyện Bạch Thông","6","Bắc Kạn"
"684","Xã Đôn Phong","81","Huyện Bạch Thông","6","Bắc Kạn"
"685","Xã Tú Trĩ","81","Huyện Bạch Thông","6","Bắc Kạn"
"686","Xã Lục Bình","81","Huyện Bạch Thông","6","Bắc Kạn"
"687","Xã Tân Tiến","81","Huyện Bạch Thông","6","Bắc Kạn"
"688","Xã Quân Bình","81","Huyện Bạch Thông","6","Bắc Kạn"
"689","Xã Nguyên Phúc","81","Huyện Bạch Thông","6","Bắc Kạn"
"690","Xã Cao Sơn","81","Huyện Bạch Thông","6","Bắc Kạn"
"691","Xã Hà Vị","81","Huyện Bạch Thông","6","Bắc Kạn"
"692","Xã Cẩm Giàng","81","Huyện Bạch Thông","6","Bắc Kạn"
"693","Xã Mỹ Thanh","81","Huyện Bạch Thông","6","Bắc Kạn"
"694","Xã Dương Phong","81","Huyện Bạch Thông","6","Bắc Kạn"
"695","Xã Quang Thuận","81","Huyện Bạch Thông","6","Bắc Kạn"
"696","Thị trấn Bằng Lũng","82","Huyện Chợ Đồn","6","Bắc Kạn"
"697","Xã Xuân Lạc","82","Huyện Chợ Đồn","6","Bắc Kạn"
"698","Xã Nam Cường","82","Huyện Chợ Đồn","6","Bắc Kạn"
"699","Xã Đồng Lạc","82","Huyện Chợ Đồn","6","Bắc Kạn"
"700","Xã Tân Lập","82","Huyện Chợ Đồn","6","Bắc Kạn"
"701","Xã Bản Thi","82","Huyện Chợ Đồn","6","Bắc Kạn"
"702","Xã Quảng Bạch","82","Huyện Chợ Đồn","6","Bắc Kạn"
"703","Xã Bằng Phúc","82","Huyện Chợ Đồn","6","Bắc Kạn"
"704","Xã Yên Thịnh","82","Huyện Chợ Đồn","6","Bắc Kạn"
"705","Xã Yên Thượng","82","Huyện Chợ Đồn","6","Bắc Kạn"
"706","Xã Phương Viên","82","Huyện Chợ Đồn","6","Bắc Kạn"
"707","Xã Ngọc Phái","82","Huyện Chợ Đồn","6","Bắc Kạn"
"708","Xã Rã Bản","82","Huyện Chợ Đồn","6","Bắc Kạn"
"709","Xã Đông Viên","82","Huyện Chợ Đồn","6","Bắc Kạn"
"710","Xã Lương Bằng","82","Huyện Chợ Đồn","6","Bắc Kạn"
"711","Xã Bằng Lãng","82","Huyện Chợ Đồn","6","Bắc Kạn"
"712","Xã Đại Sảo","82","Huyện Chợ Đồn","6","Bắc Kạn"
"713","Xã Nghĩa Tá","82","Huyện Chợ Đồn","6","Bắc Kạn"
"714","Xã Phong Huân","82","Huyện Chợ Đồn","6","Bắc Kạn"
"715","Xã Yên Mỹ","82","Huyện Chợ Đồn","6","Bắc Kạn"
"716","Xã Bình Trung","82","Huyện Chợ Đồn","6","Bắc Kạn"
"717","Xã Yên Nhuận","82","Huyện Chợ Đồn","6","Bắc Kạn"
"718","Thị trấn Chợ Mới","83","Huyện Chợ Mới","6","Bắc Kạn"
"719","Xã Tân Sơn","83","Huyện Chợ Mới","6","Bắc Kạn"
"720","Xã Thanh Vận","83","Huyện Chợ Mới","6","Bắc Kạn"
"721","Xã Mai Lạp","83","Huyện Chợ Mới","6","Bắc Kạn"
"722","Xã Hòa Mục","83","Huyện Chợ Mới","6","Bắc Kạn"
"723","Xã Thanh Mai","83","Huyện Chợ Mới","6","Bắc Kạn"
"724","Xã Cao Kỳ","83","Huyện Chợ Mới","6","Bắc Kạn"
"725","Xã Nông Hạ","83","Huyện Chợ Mới","6","Bắc Kạn"
"726","Xã Yên Cư","83","Huyện Chợ Mới","6","Bắc Kạn"
"727","Xã Nông Thịnh","83","Huyện Chợ Mới","6","Bắc Kạn"
"728","Xã Yên Hân","83","Huyện Chợ Mới","6","Bắc Kạn"
"729","Xã Thanh Bình","83","Huyện Chợ Mới","6","Bắc Kạn"
"730","Xã Như Cố","83","Huyện Chợ Mới","6","Bắc Kạn"
"731","Xã Bình Văn","83","Huyện Chợ Mới","6","Bắc Kạn"
"732","Xã Yên Đĩnh","83","Huyện Chợ Mới","6","Bắc Kạn"
"733","Xã Quảng Chu","83","Huyện Chợ Mới","6","Bắc Kạn"
"734","Thị trấn Yến Lạc","84","Huyện Na Rì","6","Bắc Kạn"
"735","Xã Vũ Loan","84","Huyện Na Rì","6","Bắc Kạn"
"736","Xã Lạng San","84","Huyện Na Rì","6","Bắc Kạn"
"737","Xã Lương Thượng","84","Huyện Na Rì","6","Bắc Kạn"
"738","Xã Kim Hỷ","84","Huyện Na Rì","6","Bắc Kạn"
"739","Xã Văn Học","84","Huyện Na Rì","6","Bắc Kạn"
"740","Xã Cường Lợi","84","Huyện Na Rì","6","Bắc Kạn"
"741","Xã Lương Hạ","84","Huyện Na Rì","6","Bắc Kạn"
"742","Xã Kim Lư","84","Huyện Na Rì","6","Bắc Kạn"
"743","Xã Lương Thành","84","Huyện Na Rì","6","Bắc Kạn"
"744","Xã Ân Tình","84","Huyện Na Rì","6","Bắc Kạn"
"745","Xã Lam Sơn","84","Huyện Na Rì","6","Bắc Kạn"
"746","Xã Văn Minh","84","Huyện Na Rì","6","Bắc Kạn"
"747","Xã Côn Minh","84","Huyện Na Rì","6","Bắc Kạn"
"748","Xã Cư Lễ","84","Huyện Na Rì","6","Bắc Kạn"
"749","Xã Hữu Thác","84","Huyện Na Rì","6","Bắc Kạn"
"750","Xã Hảo Nghĩa","84","Huyện Na Rì","6","Bắc Kạn"
"751","Xã Quang Phong","84","Huyện Na Rì","6","Bắc Kạn"
"752","Xã Dương Sơn","84","Huyện Na Rì","6","Bắc Kạn"
"753","Xã Xuân Dương","84","Huyện Na Rì","6","Bắc Kạn"
"754","Xã Đổng Xá","84","Huyện Na Rì","6","Bắc Kạn"
"755","Xã Liêm Thủy","84","Huyện Na Rì","6","Bắc Kạn"
"756","Phường Phan Thiết","656","Thành phố Tuyên Quang","60","Tuyên Quang"
"757","Phường Minh Xuân","656","Thành phố Tuyên Quang","60","Tuyên Quang"
"758","Phường Tân Quang","656","Thành phố Tuyên Quang","60","Tuyên Quang"
"759","Xã Tràng Đà","656","Thành phố Tuyên Quang","60","Tuyên Quang"
"760","Phường Nông Tiến","656","Thành phố Tuyên Quang","60","Tuyên Quang"
"761","Phường Ỷ La","656","Thành phố Tuyên Quang","60","Tuyên Quang"
"762","Phường Tân Hà","656","Thành phố Tuyên Quang","60","Tuyên Quang"
"763","Phường Hưng Thành","656","Thành phố Tuyên Quang","60","Tuyên Quang"
"764","Thị trấn Na Hang","659","Huyện Nà Hang","60","Tuyên Quang"
"765","Xã Sinh Long","659","Huyện Nà Hang","60","Tuyên Quang"
"766","Xã Thượng Giáp","659","Huyện Nà Hang","60","Tuyên Quang"
"767","Xã Phúc Yên","715","Huyện Lâm Bình","60","Tuyên Quang"
"768","Xã Thượng Nông","659","Huyện Nà Hang","60","Tuyên Quang"
"769","Xã Xuân Lập","715","Huyện Lâm Bình","60","Tuyên Quang"
"770","Xã Côn Lôn","659","Huyện Nà Hang","60","Tuyên Quang"
"771","Xã Yên Hoa","659","Huyện Nà Hang","60","Tuyên Quang"
"772","Xã Khuôn Hà","715","Huyện Lâm Bình","60","Tuyên Quang"
"773","Xã Hồng Thái","659","Huyện Nà Hang","60","Tuyên Quang"
"774","Xã Đà Vị","659","Huyện Nà Hang","60","Tuyên Quang"
"775","Xã Khau Tinh","659","Huyện Nà Hang","60","Tuyên Quang"
"776","Thị trấn Lăng Can","715","Huyện Lâm Bình","60","Tuyên Quang"
"777","Xã Thượng Lâm","715","Huyện Lâm Bình","60","Tuyên Quang"
"778","Xã Sơn Phú","659","Huyện Nà Hang","60","Tuyên Quang"
"779","Xã Năng Khả","659","Huyện Nà Hang","60","Tuyên Quang"
"780","Xã Thanh Tương","659","Huyện Nà Hang","60","Tuyên Quang"
"781","Thị trấn Vĩnh Lộc","657","Huyện Chiêm Hóa","60","Tuyên Quang"
"782","Xã Bình An","715","Huyện Lâm Bình","60","Tuyên Quang"
"783","Xã Hồng Quang","715","Huyện Lâm Bình","60","Tuyên Quang"
"784","Xã Thổ Bình","715","Huyện Lâm Bình","60","Tuyên Quang"
"785","Xã Phúc Sơn","657","Huyện Chiêm Hóa","60","Tuyên Quang"
"786","Xã Minh Quang","657","Huyện Chiêm Hóa","60","Tuyên Quang"
"787","Xã Trung Hà","657","Huyện Chiêm Hóa","60","Tuyên Quang"
"788","Xã Tân Mỹ","657","Huyện Chiêm Hóa","60","Tuyên Quang"
"789","Xã Hà Lang","657","Huyện Chiêm Hóa","60","Tuyên Quang"
"790","Xã Hùng Mỹ","657","Huyện Chiêm Hóa","60","Tuyên Quang"
"791","Xã Yên Lập","657","Huyện Chiêm Hóa","60","Tuyên Quang"
"792","Xã Tân An","657","Huyện Chiêm Hóa","60","Tuyên Quang"
"793","Xã Bình Phú","657","Huyện Chiêm Hóa","60","Tuyên Quang"
"794","Xã Xuân Quang","657","Huyện Chiêm Hóa","60","Tuyên Quang"
"795","Xã Ngọc Hội","657","Huyện Chiêm Hóa","60","Tuyên Quang"
"796","Xã Phú Bình","657","Huyện Chiêm Hóa","60","Tuyên Quang"
"797","Xã Hòa Phú","657","Huyện Chiêm Hóa","60","Tuyên Quang"
"798","Xã Phúc Thịnh","657","Huyện Chiêm Hóa","60","Tuyên Quang"
"799","Xã Kiên Đài","657","Huyện Chiêm Hóa","60","Tuyên Quang"
"800","Xã Tân Thịnh","657","Huyện Chiêm Hóa","60","Tuyên Quang"
"801","Xã Trung Hòa","657","Huyện Chiêm Hóa","60","Tuyên Quang"
"802","Xã Kim Bình","657","Huyện Chiêm Hóa","60","Tuyên Quang"
"803","Xã Hòa An","657","Huyện Chiêm Hóa","60","Tuyên Quang"
"804","Xã Vinh Quang","657","Huyện Chiêm Hóa","60","Tuyên Quang"
"805","Xã Tri Phú","657","Huyện Chiêm Hóa","60","Tuyên Quang"
"806","Xã Nhân Lý","657","Huyện Chiêm Hóa","60","Tuyên Quang"
"807","Xã Yên Nguyên","657","Huyện Chiêm Hóa","60","Tuyên Quang"
"808","Xã Linh Phú","657","Huyện Chiêm Hóa","60","Tuyên Quang"
"809","Xã Bình Nhân","657","Huyện Chiêm Hóa","60","Tuyên Quang"
"810","Thị trấn Tân Yên","658","Huyện Hàm Yên","60","Tuyên Quang"
"811","Xã Yên Thuận","658","Huyện Hàm Yên","60","Tuyên Quang"
"812","Xã Bạch Xa","658","Huyện Hàm Yên","60","Tuyên Quang"
"813","Xã Minh Khương","658","Huyện Hàm Yên","60","Tuyên Quang"
"814","Xã Yên Lâm","658","Huyện Hàm Yên","60","Tuyên Quang"
"815","Xã Minh Dân","658","Huyện Hàm Yên","60","Tuyên Quang"
"816","Xã Phù Lưu","658","Huyện Hàm Yên","60","Tuyên Quang"
"817","Xã Minh Hương","658","Huyện Hàm Yên","60","Tuyên Quang"
"818","Xã Yên Phú","658","Huyện Hàm Yên","60","Tuyên Quang"
"819","Xã Tân Thành","658","Huyện Hàm Yên","60","Tuyên Quang"
"820","Xã Bình Xa","658","Huyện Hàm Yên","60","Tuyên Quang"
"821","Xã Thái Sơn","658","Huyện Hàm Yên","60","Tuyên Quang"
"822","Xã Nhân Mục","658","Huyện Hàm Yên","60","Tuyên Quang"
"823","Xã Thành Long","658","Huyện Hàm Yên","60","Tuyên Quang"
"824","Xã Bằng Cốc","658","Huyện Hàm Yên","60","Tuyên Quang"
"825","Xã Thái Hòa","658","Huyện Hàm Yên","60","Tuyên Quang"
"826","Xã Đức Ninh","658","Huyện Hàm Yên","60","Tuyên Quang"
"827","Xã Hùng Đức","658","Huyện Hàm Yên","60","Tuyên Quang"
"828","Thị trấn Tân Bình","661","Huyện Yên Sơn","60","Tuyên Quang"
"829","Xã Quí Quân","661","Huyện Yên Sơn","60","Tuyên Quang"
"830","Xã Lực Hành","661","Huyện Yên Sơn","60","Tuyên Quang"
"831","Xã Kiến Thiết","661","Huyện Yên Sơn","60","Tuyên Quang"
"832","Xã Trung Minh","661","Huyện Yên Sơn","60","Tuyên Quang"
"833","Xã Chiêu Yên","661","Huyện Yên Sơn","60","Tuyên Quang"
"834","Xã Trung Trực","661","Huyện Yên Sơn","60","Tuyên Quang"
"835","Xã Xuân Vân","661","Huyện Yên Sơn","60","Tuyên Quang"
"836","Xã Phúc Ninh","661","Huyện Yên Sơn","60","Tuyên Quang"
"837","Xã Hùng Lợi","661","Huyện Yên Sơn","60","Tuyên Quang"
"838","Xã Trung Sơn","661","Huyện Yên Sơn","60","Tuyên Quang"
"839","Xã Tân Tiến","661","Huyện Yên Sơn","60","Tuyên Quang"
"840","Xã Tứ Quận","661","Huyện Yên Sơn","60","Tuyên Quang"
"841","Xã Đạo Viện","661","Huyện Yên Sơn","60","Tuyên Quang"
"842","Xã Tân Long","661","Huyện Yên Sơn","60","Tuyên Quang"
"843","Xã Thắng Quân","661","Huyện Yên Sơn","60","Tuyên Quang"
"844","Xã Kim Quan","661","Huyện Yên Sơn","60","Tuyên Quang"
"845","Xã Lang Quán","661","Huyện Yên Sơn","60","Tuyên Quang"
"846","Xã Phú Thịnh","661","Huyện Yên Sơn","60","Tuyên Quang"
"847","Xã Công Đa","661","Huyện Yên Sơn","60","Tuyên Quang"
"848","Xã Trung Môn","661","Huyện Yên Sơn","60","Tuyên Quang"
"849","Xã Chân Sơn","661","Huyện Yên Sơn","60","Tuyên Quang"
"850","Xã Thái Bình","661","Huyện Yên Sơn","60","Tuyên Quang"
"851","Xã Kim Phú","661","Huyện Yên Sơn","60","Tuyên Quang"
"852","Xã Tiến Bộ","661","Huyện Yên Sơn","60","Tuyên Quang"
"853","Xã An Khang","656","Thành phố Tuyên Quang","60","Tuyên Quang"
"854","Xã Mỹ Bằng","661","Huyện Yên Sơn","60","Tuyên Quang"
"855","Xã Phú Lâm","661","Huyện Yên Sơn","60","Tuyên Quang"
"856","Xã An Tường","656","Thành phố Tuyên Quang","60","Tuyên Quang"
"857","Xã Lưỡng Vượng","656","Thành phố Tuyên Quang","60","Tuyên Quang"
"858","Xã Hoàng Khai","661","Huyện Yên Sơn","60","Tuyên Quang"
"859","Xã Thái Long","656","Thành phố Tuyên Quang","60","Tuyên Quang"
"860","Phường Đội Cấn","656","Thành phố Tuyên Quang","60","Tuyên Quang"
"861","Xã Nhữ Hán","661","Huyện Yên Sơn","60","Tuyên Quang"
"862","Xã Nhữ Khê","661","Huyện Yên Sơn","60","Tuyên Quang"
"863","Xã Đội Bình","661","Huyện Yên Sơn","60","Tuyên Quang"
"864","Thị trấn Sơn Dương","660","Huyện Sơn Dương","60","Tuyên Quang"
"865","Xã Trung Yên","660","Huyện Sơn Dương","60","Tuyên Quang"
"866","Xã Minh Thanh","660","Huyện Sơn Dương","60","Tuyên Quang"
"867","Xã Tân Trào","660","Huyện Sơn Dương","60","Tuyên Quang"
"868","Xã Vĩnh Lợi","660","Huyện Sơn Dương","60","Tuyên Quang"
"869","Xã Thượng Ấm","660","Huyện Sơn Dương","60","Tuyên Quang"
"870","Xã Bình Yên","660","Huyện Sơn Dương","60","Tuyên Quang"
"871","Xã Lương Thiện","660","Huyện Sơn Dương","60","Tuyên Quang"
"872","Xã Tú Thịnh","660","Huyện Sơn Dương","60","Tuyên Quang"
"873","Xã Cấp Tiến","660","Huyện Sơn Dương","60","Tuyên Quang"
"874","Xã Hợp Thành","660","Huyện Sơn Dương","60","Tuyên Quang"
"875","Xã Phúc Ứng","660","Huyện Sơn Dương","60","Tuyên Quang"
"876","Xã Đông Thọ","660","Huyện Sơn Dương","60","Tuyên Quang"
"877","Xã Kháng Nhật","660","Huyện Sơn Dương","60","Tuyên Quang"
"878","Xã Hợp Hòa","660","Huyện Sơn Dương","60","Tuyên Quang"
"879","Xã Thanh Phát","660","Huyện Sơn Dương","60","Tuyên Quang"
"880","Xã Quyết Thắng","660","Huyện Sơn Dương","60","Tuyên Quang"
"881","Xã Đồng Quý","660","Huyện Sơn Dương","60","Tuyên Quang"
"882","Xã Tuân Lộ","660","Huyện Sơn Dương","60","Tuyên Quang"
"883","Xã Vân Sơn","660","Huyện Sơn Dương","60","Tuyên Quang"
"884","Xã Văn Phú","660","Huyện Sơn Dương","60","Tuyên Quang"
"885","Xã Chi Thiết","660","Huyện Sơn Dương","60","Tuyên Quang"
"886","Xã Đông Lợi","660","Huyện Sơn Dương","60","Tuyên Quang"
"887","Xã Thiện Kế","660","Huyện Sơn Dương","60","Tuyên Quang"
"888","Xã Hồng Lạc","660","Huyện Sơn Dương","60","Tuyên Quang"
"889","Xã Phú Lương","660","Huyện Sơn Dương","60","Tuyên Quang"
"890","Xã Ninh Lai","660","Huyện Sơn Dương","60","Tuyên Quang"
"891","Xã Đại Phú","660","Huyện Sơn Dương","60","Tuyên Quang"
"892","Xã Sơn Nam","660","Huyện Sơn Dương","60","Tuyên Quang"
"893","Xã Hào Phú","660","Huyện Sơn Dương","60","Tuyên Quang"
"894","Xã Tam Đa","660","Huyện Sơn Dương","60","Tuyên Quang"
"895","Xã Sầm Dương","660","Huyện Sơn Dương","60","Tuyên Quang"
"896","Xã Lâm Xuyên","660","Huyện Sơn Dương","60","Tuyên Quang"
"897","Phường Duyên Hải","399","Thành phố Lào Cai","38","Lào Cai"
"898","Phường Lào Cai","399","Thành phố Lào Cai","38","Lào Cai"
"899","Phường Phố Mới","399","Thành phố Lào Cai","38","Lào Cai"
"900","Phường Cốc Lếu","399","Thành phố Lào Cai","38","Lào Cai"
"901","Phường Kim Tân","399","Thành phố Lào Cai","38","Lào Cai"
"902","Phường Bắc Lệnh","399","Thành phố Lào Cai","38","Lào Cai"
"903","Phường Pom Hán","399","Thành phố Lào Cai","38","Lào Cai"
"904","Phường Xuân Tăng","399","Thành phố Lào Cai","38","Lào Cai"
"905","Phường Bình Minh","399","Thành phố Lào Cai","38","Lào Cai"
"906","Phường Thống Nhất","399","Thành phố Lào Cai","38","Lào Cai"
"907","Xã Đồng Tuyển","399","Thành phố Lào Cai","38","Lào Cai"
"908","Xã Vạn Hòa","399","Thành phố Lào Cai","38","Lào Cai"
"909","Phường Bắc Cường","399","Thành phố Lào Cai","38","Lào Cai"
"910","Phường Nam Cường","399","Thành phố Lào Cai","38","Lào Cai"
"911","Xã Cam Đường","399","Thành phố Lào Cai","38","Lào Cai"
"912","Xã Tả Phời","399","Thành phố Lào Cai","38","Lào Cai"
"913","Xã Hợp Thành","399","Thành phố Lào Cai","38","Lào Cai"
"914","Thị trấn Bát Xát","402","Huyện Bát Xát","38","Lào Cai"
"915","Xã A Mú Sung","402","Huyện Bát Xát","38","Lào Cai"
"916","Xã Nậm Chạc","402","Huyện Bát Xát","38","Lào Cai"
"917","Xã A Lù","402","Huyện Bát Xát","38","Lào Cai"
"918","Xã Trịnh Tường","402","Huyện Bát Xát","38","Lào Cai"
"919","Xã Ngải Thầu","402","Huyện Bát Xát","38","Lào Cai"
"920","Xã Y Tý","402","Huyện Bát Xát","38","Lào Cai"
"921","Xã Cốc Mỳ","402","Huyện Bát Xát","38","Lào Cai"
"922","Xã Dền Sáng","402","Huyện Bát Xát","38","Lào Cai"
"923","Xã Bản Vược","402","Huyện Bát Xát","38","Lào Cai"
"924","Xã Sàng Ma Sáo","402","Huyện Bát Xát","38","Lào Cai"
"925","Xã Bản Qua","402","Huyện Bát Xát","38","Lào Cai"
"926","Xã Mường Vi","402","Huyện Bát Xát","38","Lào Cai"
"927","Xã Dền Thàng","402","Huyện Bát Xát","38","Lào Cai"
"928","Xã Bản Xèo","402","Huyện Bát Xát","38","Lào Cai"
"929","Xã Mường Hum","402","Huyện Bát Xát","38","Lào Cai"
"930","Xã Trung Lèng Hồ","402","Huyện Bát Xát","38","Lào Cai"
"931","Xã Quang Kim","402","Huyện Bát Xát","38","Lào Cai"
"932","Xã Pa Cheo","402","Huyện Bát Xát","38","Lào Cai"
"933","Xã Nậm Pung","402","Huyện Bát Xát","38","Lào Cai"
"934","Xã Phìn Ngan","402","Huyện Bát Xát","38","Lào Cai"
"935","Xã Cốc San","402","Huyện Bát Xát","38","Lào Cai"
"936","Xã Tòng Sành","402","Huyện Bát Xát","38","Lào Cai"
"937","Xã Pha Long","404","Huyện Mường Khương","38","Lào Cai"
"938","Xã Tả Ngải Chồ","404","Huyện Mường Khương","38","Lào Cai"
"939","Xã Tung Chung Phố","404","Huyện Mường Khương","38","Lào Cai"
"940","Thị trấn Mường Khương","404","Huyện Mường Khương","38","Lào Cai"
"941","Xã Dìn Chin","404","Huyện Mường Khương","38","Lào Cai"
"942","Xã Tả Gia Khâu","404","Huyện Mường Khương","38","Lào Cai"
"943","Xã Nậm Chảy","404","Huyện Mường Khương","38","Lào Cai"
"944","Xã Nấm Lư","404","Huyện Mường Khương","38","Lào Cai"
"945","Xã Lùng Khấu Nhin","404","Huyện Mường Khương","38","Lào Cai"
"946","Xã Thanh Bình","404","Huyện Mường Khương","38","Lào Cai"
"947","Xã Cao Sơn","404","Huyện Mường Khương","38","Lào Cai"
"948","Xã Lùng Vai","404","Huyện Mường Khương","38","Lào Cai"
"949","Xã Bản Lầu","404","Huyện Mường Khương","38","Lào Cai"
"950","Xã La Pan Tẩn","404","Huyện Mường Khương","38","Lào Cai"
"951","Xã Tả Thàng","404","Huyện Mường Khương","38","Lào Cai"
"952","Xã Bản Sen","404","Huyện Mường Khương","38","Lào Cai"
"953","Xã Nàn Sán","406","Huyện Si Ma Cai","38","Lào Cai"
"954","Xã Thào Chư Phìn","406","Huyện Si Ma Cai","38","Lào Cai"
"955","Xã Bản Mế","406","Huyện Si Ma Cai","38","Lào Cai"
"956","Thị trấn Si Ma Cai","406","Huyện Si Ma Cai","38","Lào Cai"
"957","Xã Sán Chải","406","Huyện Si Ma Cai","38","Lào Cai"
"958","Xã Mản Thẩn","406","Huyện Si Ma Cai","38","Lào Cai"
"959","Xã Lùng Sui","406","Huyện Si Ma Cai","38","Lào Cai"
"960","Xã Cán Cấu","406","Huyện Si Ma Cai","38","Lào Cai"
"961","Xã Sín Chéng","406","Huyện Si Ma Cai","38","Lào Cai"
"962","Xã Cán Hồ","406","Huyện Si Ma Cai","38","Lào Cai"
"963","Xã Quan Thần Sán","406","Huyện Si Ma Cai","38","Lào Cai"
"964","Xã Lử Thẩn","406","Huyện Si Ma Cai","38","Lào Cai"
"965","Xã Nàn Xín","406","Huyện Si Ma Cai","38","Lào Cai"
"966","Thị trấn Bắc Hà","403","Huyện Bắc Hà","38","Lào Cai"
"967","Xã Lùng Cải","403","Huyện Bắc Hà","38","Lào Cai"
"968","Xã Bản Già","403","Huyện Bắc Hà","38","Lào Cai"
"969","Xã Lùng Phình","403","Huyện Bắc Hà","38","Lào Cai"
"970","Xã Tả Van Chư","403","Huyện Bắc Hà","38","Lào Cai"
"971","Xã Tả Củ Tỷ","403","Huyện Bắc Hà","38","Lào Cai"
"972","Xã Thải Giàng Phố","403","Huyện Bắc Hà","38","Lào Cai"
"973","Xã Lầu Thí Ngài","403","Huyện Bắc Hà","38","Lào Cai"
"974","Xã Hoàng Thu Phố","403","Huyện Bắc Hà","38","Lào Cai"
"975","Xã Bản Phố","403","Huyện Bắc Hà","38","Lào Cai"
"976","Xã Bản Liền","403","Huyện Bắc Hà","38","Lào Cai"
"977","Xã Tà Chải","403","Huyện Bắc Hà","38","Lào Cai"
"978","Xã Na Hối","403","Huyện Bắc Hà","38","Lào Cai"
"979","Xã Cốc Ly","403","Huyện Bắc Hà","38","Lào Cai"
"980","Xã Nậm Mòn","403","Huyện Bắc Hà","38","Lào Cai"
"981","Xã Nậm Đét","403","Huyện Bắc Hà","38","Lào Cai"
"982","Xã Nậm Khánh","403","Huyện Bắc Hà","38","Lào Cai"
"983","Xã Bảo Nhai","403","Huyện Bắc Hà","38","Lào Cai"
"984","Xã Nậm Lúc","403","Huyện Bắc Hà","38","Lào Cai"
"985","Xã Cốc Lầu","403","Huyện Bắc Hà","38","Lào Cai"
"986","Xã Bản Cái","403","Huyện Bắc Hà","38","Lào Cai"
"987","Thị trấn Nông trường Phong Hải","400","Huyện Bảo Thắng","38","Lào Cai"
"988","Thị trấn Phố Lu","400","Huyện Bảo Thắng","38","Lào Cai"
"989","Thị trấn Tằng Loỏng","400","Huyện Bảo Thắng","38","Lào Cai"
"990","Xã Bản Phiệt","400","Huyện Bảo Thắng","38","Lào Cai"
"991","Xã Bản Cầm","400","Huyện Bảo Thắng","38","Lào Cai"
"992","Xã Thái Niên","400","Huyện Bảo Thắng","38","Lào Cai"
"993","Xã Phong Niên","400","Huyện Bảo Thắng","38","Lào Cai"
"994","Xã Gia Phú","400","Huyện Bảo Thắng","38","Lào Cai"
"995","Xã Xuân Quang","400","Huyện Bảo Thắng","38","Lào Cai"
"996","Xã Sơn Hải","400","Huyện Bảo Thắng","38","Lào Cai"
"997","Xã Xuân Giao","400","Huyện Bảo Thắng","38","Lào Cai"
"998","Xã Trì Quang","400","Huyện Bảo Thắng","38","Lào Cai"
"999","Xã Sơn Hà","400","Huyện Bảo Thắng","38","Lào Cai"
"1000","Xã Phố Lu","400","Huyện Bảo Thắng","38","Lào Cai"
"1001","Xã Phú Nhuận","400","Huyện Bảo Thắng","38","Lào Cai"
"1002","Thị trấn Phố Ràng","401","Huyện Bảo Yên","38","Lào Cai"
"1003","Xã Tân Tiến","401","Huyện Bảo Yên","38","Lào Cai"
"1004","Xã Nghĩa Đô","401","Huyện Bảo Yên","38","Lào Cai"
"1005","Xã Vĩnh Yên","401","Huyện Bảo Yên","38","Lào Cai"
"1006","Xã Điện Quan","401","Huyện Bảo Yên","38","Lào Cai"
"1007","Xã Xuân Hòa","401","Huyện Bảo Yên","38","Lào Cai"
"1008","Xã Tân Dương","401","Huyện Bảo Yên","38","Lào Cai"
"1009","Xã Thượng Hà","401","Huyện Bảo Yên","38","Lào Cai"
"1010","Xã Kim Sơn","401","Huyện Bảo Yên","38","Lào Cai"
"1011","Xã Cam Cọn","401","Huyện Bảo Yên","38","Lào Cai"
"1012","Xã Minh Tân","401","Huyện Bảo Yên","38","Lào Cai"
"1013","Xã Xuân Thượng","401","Huyện Bảo Yên","38","Lào Cai"
"1014","Xã Việt Tiến","401","Huyện Bảo Yên","38","Lào Cai"
"1015","Xã Yên Sơn","401","Huyện Bảo Yên","38","Lào Cai"
"1016","Xã Bảo Hà","401","Huyện Bảo Yên","38","Lào Cai"
"1017","Xã Lương Sơn","401","Huyện Bảo Yên","38","Lào Cai"
"1018","Xã Long Phúc","401","Huyện Bảo Yên","38","Lào Cai"
"1019","Xã Long Khánh","401","Huyện Bảo Yên","38","Lào Cai"
"1020","Phường Sa Pa","405","Huyện Sa Pa","38","Lào Cai"
"1021","Xã Bản Khoang","405","Huyện Sa Pa","38","Lào Cai"
"1022","Xã Tả Giàng Phình","405","Huyện Sa Pa","38","Lào Cai"
"1023","Xã Trung Chải","405","Huyện Sa Pa","38","Lào Cai"
"1024","Xã Tả Phìn","405","Huyện Sa Pa","38","Lào Cai"
"1025","Phường Sa Pả","405","Huyện Sa Pa","38","Lào Cai"
"1026","Xã San Sả Hồ","405","Huyện Sa Pa","38","Lào Cai"
"1027","Xã Bản Phùng","405","Huyện Sa Pa","38","Lào Cai"
"1028","Xã Hầu Thào","405","Huyện Sa Pa","38","Lào Cai"
"1029","Xã Lao Chải","405","Huyện Sa Pa","38","Lào Cai"
"1030","Xã Thanh Kim","405","Huyện Sa Pa","38","Lào Cai"
"1031","Xã Suối Thầu","405","Huyện Sa Pa","38","Lào Cai"
"1032","Xã Sử Pán","405","Huyện Sa Pa","38","Lào Cai"
"1033","Xã Tả Van","405","Huyện Sa Pa","38","Lào Cai"
"1034","Xã Thanh Phú","405","Huyện Sa Pa","38","Lào Cai"
"1035","Xã Bản Hồ","405","Huyện Sa Pa","38","Lào Cai"
"1036","Xã Nậm Sài","405","Huyện Sa Pa","38","Lào Cai"
"1037","Xã Nậm Cang","405","Huyện Sa Pa","38","Lào Cai"
"1038","Thị trấn Khánh Yên","407","Huyện Văn Bàn","38","Lào Cai"
"1039","Xã Văn Sơn","407","Huyện Văn Bàn","38","Lào Cai"
"1040","Xã Võ Lao","407","Huyện Văn Bàn","38","Lào Cai"
"1041","Xã Sơn Thủy","407","Huyện Văn Bàn","38","Lào Cai"
"1042","Xã Nậm Mả","407","Huyện Văn Bàn","38","Lào Cai"
"1043","Xã Tân Thượng","407","Huyện Văn Bàn","38","Lào Cai"
"1044","Xã Nậm Rạng","407","Huyện Văn Bàn","38","Lào Cai"
"1045","Xã Nậm Chầy","407","Huyện Văn Bàn","38","Lào Cai"
"1046","Xã Tân An","407","Huyện Văn Bàn","38","Lào Cai"
"1047","Xã Khánh Yên Thượng","407","Huyện Văn Bàn","38","Lào Cai"
"1048","Xã Nậm Xé","407","Huyện Văn Bàn","38","Lào Cai"
"1049","Xã Dần Thàng","407","Huyện Văn Bàn","38","Lào Cai"
"1050","Xã Chiềng Ken","407","Huyện Văn Bàn","38","Lào Cai"
"1051","Xã Làng Giàng","407","Huyện Văn Bàn","38","Lào Cai"
"1052","Xã Hòa Mạc","407","Huyện Văn Bàn","38","Lào Cai"
"1053","Xã Khánh Yên Trung","407","Huyện Văn Bàn","38","Lào Cai"
"1054","Xã Khánh Yên Hạ","407","Huyện Văn Bàn","38","Lào Cai"
"1055","Xã Dương Quỳ","407","Huyện Văn Bàn","38","Lào Cai"
"1056","Xã Nậm Tha","407","Huyện Văn Bàn","38","Lào Cai"
"1057","Xã Minh Lương","407","Huyện Văn Bàn","38","Lào Cai"
"1058","Xã Thẩm Dương","407","Huyện Văn Bàn","38","Lào Cai"
"1059","Xã Liêm Phú","407","Huyện Văn Bàn","38","Lào Cai"
"1060","Xã Nậm Xây","407","Huyện Văn Bàn","38","Lào Cai"
"1061","Phường Noong Bua","215","Thành phố Điện Biên Phủ","20","Điện Biên"
"1062","Phường Him Lam","215","Thành phố Điện Biên Phủ","20","Điện Biên"
"1063","Phường Thanh Bình","215","Thành phố Điện Biên Phủ","20","Điện Biên"
"1064","Phường Tân Thanh","215","Thành phố Điện Biên Phủ","20","Điện Biên"
"1065","Phường Mường Thanh","215","Thành phố Điện Biên Phủ","20","Điện Biên"
"1066","Phường Nam Thanh","215","Thành phố Điện Biên Phủ","20","Điện Biên"
"1067","Phường Thanh Trường","215","Thành phố Điện Biên Phủ","20","Điện Biên"
"1068","Xã Tà Lèng","215","Thành phố Điện Biên Phủ","20","Điện Biên"
"1069","Xã Thanh Minh","215","Thành phố Điện Biên Phủ","20","Điện Biên"
"1070","Phường Sông Đà","216","Thị xã Mường Lay","20","Điện Biên"
"1071","Phường Na Lay","216","Thị xã Mường Lay","20","Điện Biên"
"1072","Xã Sín Thầu","221","Huyện Mường Nhé","20","Điện Biên"
"1073","Xã Sen Thượng","221","Huyện Mường Nhé","20","Điện Biên"
"1074","Xã Nậm Tin","704","Huyện Nậm Pồ","20","Điện Biên"
"1075","Xã Chung Chải","221","Huyện Mường Nhé","20","Điện Biên"
"1076","Xã Leng Su Sìn","221","Huyện Mường Nhé","20","Điện Biên"
"1077","Xã Pá Mỳ","221","Huyện Mường Nhé","20","Điện Biên"
"1078","Xã Mường Nhé","221","Huyện Mường Nhé","20","Điện Biên"
"1079","Xã Nậm Vì","221","Huyện Mường Nhé","20","Điện Biên"
"1080","Xã Nậm Kè","221","Huyện Mường Nhé","20","Điện Biên"
"1081","Xã Mường Toong","221","Huyện Mường Nhé","20","Điện Biên"
"1082","Xã Quảng Lâm","221","Huyện Mường Nhé","20","Điện Biên"
"1083","Xã Pa Tần","704","Huyện Nậm Pồ","20","Điện Biên"
"1084","Xã Chà Cang","704","Huyện Nậm Pồ","20","Điện Biên"
"1085","Xã Na Cô Sa","704","Huyện Nậm Pồ","20","Điện Biên"
"1086","Xã Nà Khoa","704","Huyện Nậm Pồ","20","Điện Biên"
"1087","Xã Nà Hỳ","704","Huyện Nậm Pồ","20","Điện Biên"
"1088","Xã Nà Bủng","704","Huyện Nậm Pồ","20","Điện Biên"
"1089","Xã Nậm Nhừ","704","Huyện Nậm Pồ","20","Điện Biên"
"1090","Thị Trấn Mường Chà","220","Huyện Mường Chà","20","Điện Biên"
"1091","Xã Nậm Chua","704","Huyện Nậm Pồ","20","Điện Biên"
"1092","Xã Nậm Khăn","704","Huyện Nậm Pồ","20","Điện Biên"
"1093","Xã Chà Tở","704","Huyện Nậm Pồ","20","Điện Biên"
"1094","Xã Vàng Đán","704","Huyện Nậm Pồ","20","Điện Biên"
"1095","Xã Huổi Lếnh","221","Huyện Mường Nhé","20","Điện Biên"
"1096","Xã Xá Tổng","220","Huyện Mường Chà","20","Điện Biên"
"1097","Xã Mường Tùng","220","Huyện Mường Chà","20","Điện Biên"
"1098","Xã Lay Nưa","216","Thị xã Mường Lay","20","Điện Biên"
"1099","Xã Chà Nưa","704","Huyện Nậm Pồ","20","Điện Biên"
"1100","Xã Hừa Ngài","220","Huyện Mường Chà","20","Điện Biên"
"1101","Xã Huổi Mí","220","Huyện Mường Chà","20","Điện Biên"
"1102","Xã Pa Ham","220","Huyện Mường Chà","20","Điện Biên"
"1103","Xã Nậm Nèn","220","Huyện Mường Chà","20","Điện Biên"
"1104","Xã Huổi Lèng","220","Huyện Mường Chà","20","Điện Biên"
"1105","Xã Sa Lông","220","Huyện Mường Chà","20","Điện Biên"
"1106","Xã Phìn Hồ","704","Huyện Nậm Pồ","20","Điện Biên"
"1107","Xã Si Pa Phìn","704","Huyện Nậm Pồ","20","Điện Biên"
"1108","Xã Ma Thì Hồ","220","Huyện Mường Chà","20","Điện Biên"
"1109","Xã Na Sang","220","Huyện Mường Chà","20","Điện Biên"
"1110","Xã Mường Mươn","220","Huyện Mường Chà","20","Điện Biên"
"1111","Thị trấn Điện Biên Đông","218","Huyện Điện Biên Đông","20","Điện Biên"
"1112","Xã Na Son","218","Huyện Điện Biên Đông","20","Điện Biên"
"1113","Xã Phì Nhừ","218","Huyện Điện Biên Đông","20","Điện Biên"
"1114","Xã Chiềng Sơ","218","Huyện Điện Biên Đông","20","Điện Biên"
"1115","Xã Mường Luân","218","Huyện Điện Biên Đông","20","Điện Biên"
"1116","Thị trấn Tủa Chùa","222","Huyện Tủa Chùa","20","Điện Biên"
"1117","Xã Huổi Só","222","Huyện Tủa Chùa","20","Điện Biên"
"1118","Xã Xín Chải","222","Huyện Tủa Chùa","20","Điện Biên"
"1119","Xã Tả Sìn Thàng","222","Huyện Tủa Chùa","20","Điện Biên"
"1120","Xã Lao Xả Phình","222","Huyện Tủa Chùa","20","Điện Biên"
"1121","Xã Tả Phìn","222","Huyện Tủa Chùa","20","Điện Biên"
"1122","Xã Tủa Thàng","222","Huyện Tủa Chùa","20","Điện Biên"
"1123","Xã Trung Thu","222","Huyện Tủa Chùa","20","Điện Biên"
"1124","Xã Sính Phình","222","Huyện Tủa Chùa","20","Điện Biên"
"1125","Xã Sáng Nhè","222","Huyện Tủa Chùa","20","Điện Biên"
"1126","Xã Mường Đun","222","Huyện Tủa Chùa","20","Điện Biên"
"1127","Xã Mường Báng","222","Huyện Tủa Chùa","20","Điện Biên"
"1128","Thị trấn Tuần Giáo","223","Huyện Tuần Giáo","20","Điện Biên"
"1129","Thị trấn Mường Ảng","219","Huyện Mường Ảng","20","Điện Biên"
"1130","Xã Phình Sáng","223","Huyện Tuần Giáo","20","Điện Biên"
"1131","Xã Rạng Đông","223","Huyện Tuần Giáo","20","Điện Biên"
"1132","Xã Mùn Chung","223","Huyện Tuần Giáo","20","Điện Biên"
"1133","Xã Nà Tòng","223","Huyện Tuần Giáo","20","Điện Biên"
"1134","Xã Ta Ma","223","Huyện Tuần Giáo","20","Điện Biên"
"1135","Xã Mường Mùn","223","Huyện Tuần Giáo","20","Điện Biên"
"1136","Xã Pú Xi","223","Huyện Tuần Giáo","20","Điện Biên"
"1137","Xã Pú Nhung","223","Huyện Tuần Giáo","20","Điện Biên"
"1138","Xã Quài Nưa","223","Huyện Tuần Giáo","20","Điện Biên"
"1139","Xã Mường Thín","223","Huyện Tuần Giáo","20","Điện Biên"
"1140","Xã Tỏa Tình","223","Huyện Tuần Giáo","20","Điện Biên"
"1141","Xã Nà Sáy","223","Huyện Tuần Giáo","20","Điện Biên"
"1142","Xã Mường Khong","223","Huyện Tuần Giáo","20","Điện Biên"
"1143","Xã Mường Đăng","219","Huyện Mường Ảng","20","Điện Biên"
"1144","Xã Ngối Cáy","219","Huyện Mường Ảng","20","Điện Biên"
"1145","Xã Quài Cang","223","Huyện Tuần Giáo","20","Điện Biên"
"1146","Xã Ẳng Tở","219","Huyện Mường Ảng","20","Điện Biên"
"1147","Xã Quài Tở","223","Huyện Tuần Giáo","20","Điện Biên"
"1148","Xã Chiềng Sinh","223","Huyện Tuần Giáo","20","Điện Biên"
"1149","Xã Chiềng Đông","223","Huyện Tuần Giáo","20","Điện Biên"
"1150","Xã Búng Lao","219","Huyện Mường Ảng","20","Điện Biên"
"1151","Xã Xuân Lao","219","Huyện Mường Ảng","20","Điện Biên"
"1152","Xã Tênh Phông","223","Huyện Tuần Giáo","20","Điện Biên"
"1153","Xã Ẳng Nưa","219","Huyện Mường Ảng","20","Điện Biên"
"1154","Xã Ẳng Cang","219","Huyện Mường Ảng","20","Điện Biên"
"1155","Xã Nặm Lịch","219","Huyện Mường Ảng","20","Điện Biên"
"1156","Xã Mường Lạn","219","Huyện Mường Ảng","20","Điện Biên"
"1157","Xã Nà Tấu","215","Thành phố Điện Biên Phủ","20","Điện Biên"
"1158","Xã Nà Nhạn","215","Thành phố Điện Biên Phủ","20","Điện Biên"
"1159","Xã Mường Pồn","217","Huyện Điện Biên","20","Điện Biên"
"1160","Xã Thanh Nưa","217","Huyện Điện Biên","20","Điện Biên"
"1161","Xã Hua Thanh","217","Huyện Điện Biên","20","Điện Biên"
"1162","Xã Mường Phăng","215","Thành phố Điện Biên Phủ","20","Điện Biên"
"1163","Xã Pá Khoang","215","Thành phố Điện Biên Phủ","20","Điện Biên"
"1164","Xã Thanh Luông","217","Huyện Điện Biên","20","Điện Biên"
"1165","Xã Thanh Hưng","217","Huyện Điện Biên","20","Điện Biên"
"1166","Xã Thanh Xương","217","Huyện Điện Biên","20","Điện Biên"
"1167","Xã Thanh Chăn","217","Huyện Điện Biên","20","Điện Biên"
"1168","Xã Pa Thơm","217","Huyện Điện Biên","20","Điện Biên"
"1169","Xã Thanh An","217","Huyện Điện Biên","20","Điện Biên"
"1170","Xã Thanh Yên","217","Huyện Điện Biên","20","Điện Biên"
"1171","Xã Noong Luống","217","Huyện Điện Biên","20","Điện Biên"
"1172","Xã Noọng Hẹt","217","Huyện Điện Biên","20","Điện Biên"
"1173","Xã Sam Mứn","217","Huyện Điện Biên","20","Điện Biên"
"1174","Xã Pom Lót","217","Huyện Điện Biên","20","Điện Biên"
"1175","Xã Núa Ngam","217","Huyện Điện Biên","20","Điện Biên"
"1176","Xã Hẹ Muông","217","Huyện Điện Biên","20","Điện Biên"
"1177","Xã Na Ư","217","Huyện Điện Biên","20","Điện Biên"
"1178","Xã Mường Nhà","217","Huyện Điện Biên","20","Điện Biên"
"1179","Xã Na Tông","217","Huyện Điện Biên","20","Điện Biên"
"1180","Xã Mường Lói","217","Huyện Điện Biên","20","Điện Biên"
"1181","Xã Phu Luông","217","Huyện Điện Biên","20","Điện Biên"
"1182","Xã Pú Nhi","218","Huyện Điện Biên Đông","20","Điện Biên"
"1183","Xã Nong U","218","Huyện Điện Biên Đông","20","Điện Biên"
"1184","Xã Xa Dung","218","Huyện Điện Biên Đông","20","Điện Biên"
"1185","Xã Keo Lôm","218","Huyện Điện Biên Đông","20","Điện Biên"
"1186","Xã Luân Giới","218","Huyện Điện Biên Đông","20","Điện Biên"
"1187","Xã Phình Giàng","218","Huyện Điện Biên Đông","20","Điện Biên"
"1188","Xã Pú Hồng","218","Huyện Điện Biên Đông","20","Điện Biên"
"1189","Xã Tìa Dình","218","Huyện Điện Biên Đông","20","Điện Biên"
"1190","Xã Háng Lìa","218","Huyện Điện Biên Đông","20","Điện Biên"
"1191","Phường Quyết Thắng","381","Thành phố Lai Châu","35","Lai Châu"
"1192","Phường Tân Phong","381","Thành phố Lai Châu","35","Lai Châu"
"1193","Phường Quyết Tiến","381","Thành phố Lai Châu","35","Lai Châu"
"1194","Phường Đoàn Kết","381","Thành phố Lai Châu","35","Lai Châu"
"1195","Thị trấn Tam Đường","385","Huyện Tam Đường","35","Lai Châu"
"1196","Xã Lả Nhì Thàng","383","Huyện Phong Thổ","35","Lai Châu"
"1197","Xã Thèn Sin","385","Huyện Tam Đường","35","Lai Châu"
"1198","Xã Sùng Phài","385","Huyện Tam Đường","35","Lai Châu"
"1199","Xã Tả Lèng","385","Huyện Tam Đường","35","Lai Châu"
"1200","Xã Nậm Loỏng","381","Thành phố Lai Châu","35","Lai Châu"
"1201","Xã Giang Ma","385","Huyện Tam Đường","35","Lai Châu"
"1202","Xã Hồ Thầu","385","Huyện Tam Đường","35","Lai Châu"
"1203","Phường Đông Phong","381","Thành phố Lai Châu","35","Lai Châu"
"1204","Xã San Thàng","381","Thành phố Lai Châu","35","Lai Châu"
"1205","Xã Bình Lư","385","Huyện Tam Đường","35","Lai Châu"
"1206","Xã Sơn Bình","385","Huyện Tam Đường","35","Lai Châu"
"1207","Xã Nùng Nàng","385","Huyện Tam Đường","35","Lai Châu"
"1208","Xã Bản Giang","385","Huyện Tam Đường","35","Lai Châu"
"1209","Xã Bản Hon","385","Huyện Tam Đường","35","Lai Châu"
"1210","Xã Bản Bo","385","Huyện Tam Đường","35","Lai Châu"
"1211","Xã Nà Tăm","385","Huyện Tam Đường","35","Lai Châu"
"1212","Xã Khun Há","385","Huyện Tam Đường","35","Lai Châu"
"1213","Thị trấn Mường Tè","382","Huyện Mường Tè","35","Lai Châu"
"1214","Thị trấn Nậm Nhùn","708","Huyện Nậm Nhùn","35","Lai Châu"
"1215","Xã Thu Lũm","382","Huyện Mường Tè","35","Lai Châu"
"1216","Xã Ka Lăng","382","Huyện Mường Tè","35","Lai Châu"
"1217","Xã Tá Bạ","382","Huyện Mường Tè","35","Lai Châu"
"1218","Xã Pa ủ","382","Huyện Mường Tè","35","Lai Châu"
"1219","Xã Mường Tè","382","Huyện Mường Tè","35","Lai Châu"
"1220","Xã Pa Vệ Sử","382","Huyện Mường Tè","35","Lai Châu"
"1221","Xã Mù Cả","382","Huyện Mường Tè","35","Lai Châu"
"1222","Xã Bum Tở","382","Huyện Mường Tè","35","Lai Châu"
"1223","Xã Nậm Khao","382","Huyện Mường Tè","35","Lai Châu"
"1224","Xã Hua Bun","708","Huyện Nậm Nhùn","35","Lai Châu"
"1225","Xã Tà Tổng","382","Huyện Mường Tè","35","Lai Châu"
"1226","Xã Bum Nưa","382","Huyện Mường Tè","35","Lai Châu"
"1227","Xã Vàng San","382","Huyện Mường Tè","35","Lai Châu"
"1228","Xã Kan Hồ","382","Huyện Mường Tè","35","Lai Châu"
"1229","Xã Mường Mô","708","Huyện Nậm Nhùn","35","Lai Châu"
"1230","Xã Nậm Chà","708","Huyện Nậm Nhùn","35","Lai Châu"
"1231","Xã Nậm Manh","708","Huyện Nậm Nhùn","35","Lai Châu"
"1232","Xã Nậm Hàng","708","Huyện Nậm Nhùn","35","Lai Châu"
"1233","Thị trấn Sìn Hồ","384","Huyện Sìn Hồ","35","Lai Châu"
"1234","Xã Lê Lợi","708","Huyện Nậm Nhùn","35","Lai Châu"
"1235","Xã Pú Đao","708","Huyện Nậm Nhùn","35","Lai Châu"
"1236","Xã Chăn Nưa","384","Huyện Sìn Hồ","35","Lai Châu"
"1237","Xã Nậm Pì","708","Huyện Nậm Nhùn","35","Lai Châu"
"1238","Xã Huổi Luông","383","Huyện Phong Thổ","35","Lai Châu"
"1239","Xã Pa Tần","384","Huyện Sìn Hồ","35","Lai Châu"
"1240","Xã Phìn Hồ","384","Huyện Sìn Hồ","35","Lai Châu"
"1241","Xã Hồng Thu","384","Huyện Sìn Hồ","35","Lai Châu"
"1242","Xã Nậm Ban","708","Huyện Nậm Nhùn","35","Lai Châu"
"1243","Xã Trung Chải","708","Huyện Nậm Nhùn","35","Lai Châu"
"1244","Xã Phăng Sô Lin","384","Huyện Sìn Hồ","35","Lai Châu"
"1245","Xã Ma Quai","384","Huyện Sìn Hồ","35","Lai Châu"
"1246","Xã Lùng Thàng","384","Huyện Sìn Hồ","35","Lai Châu"
"1247","Xã Tả Phìn","384","Huyện Sìn Hồ","35","Lai Châu"
"1248","Xã Sà Dề Phìn","384","Huyện Sìn Hồ","35","Lai Châu"
"1249","Xã Nậm Tăm","384","Huyện Sìn Hồ","35","Lai Châu"
"1250","Xã Tả Ngảo","384","Huyện Sìn Hồ","35","Lai Châu"
"1251","Xã Pu Sam Cáp","384","Huyện Sìn Hồ","35","Lai Châu"
"1252","Xã Nậm Cha","384","Huyện Sìn Hồ","35","Lai Châu"
"1253","Phường Pa Khóa","384","Huyện Sìn Hồ","35","Lai Châu"
"1254","Xã Làng Mô","384","Huyện Sìn Hồ","35","Lai Châu"
"1255","Xã Noong Hẻo","384","Huyện Sìn Hồ","35","Lai Châu"
"1256","Xã Nậm Mạ","384","Huyện Sìn Hồ","35","Lai Châu"
"1257","Xã Căn Co","384","Huyện Sìn Hồ","35","Lai Châu"
"1258","Xã Tủa Sín Chải","384","Huyện Sìn Hồ","35","Lai Châu"
"1259","Xã Nậm Cuổi","384","Huyện Sìn Hồ","35","Lai Châu"
"1260","Xã Nậm Hăn","384","Huyện Sìn Hồ","35","Lai Châu"
"1261","Thị trấn Phong Thổ","383","Huyện Phong Thổ","35","Lai Châu"
"1262","Xã Sì Lở Lầu","383","Huyện Phong Thổ","35","Lai Châu"
"1263","Xã Mồ Sì San","383","Huyện Phong Thổ","35","Lai Châu"
"1264","Xã Ma Li Chải","383","Huyện Phong Thổ","35","Lai Châu"
"1265","Xã Pa Vây Sử","383","Huyện Phong Thổ","35","Lai Châu"
"1266","Xã Vàng Ma Chải","383","Huyện Phong Thổ","35","Lai Châu"
"1267","Xã Tông Qua Lìn","383","Huyện Phong Thổ","35","Lai Châu"
"1268","Xã Mù Sang","383","Huyện Phong Thổ","35","Lai Châu"
"1269","Xã Dào San","383","Huyện Phong Thổ","35","Lai Châu"
"1270","Xã Ma Ly Pho","383","Huyện Phong Thổ","35","Lai Châu"
"1271","Xã Bản Lang","383","Huyện Phong Thổ","35","Lai Châu"
"1272","Xã Hoang Thèn","383","Huyện Phong Thổ","35","Lai Châu"
"1273","Xã Khổng Lào","383","Huyện Phong Thổ","35","Lai Châu"
"1274","Xã Nậm Xe","383","Huyện Phong Thổ","35","Lai Châu"
"1275","Xã Mường So","383","Huyện Phong Thổ","35","Lai Châu"
"1276","Xã Sin Suối Hồ","383","Huyện Phong Thổ","35","Lai Châu"
"1277","Thị trấn Than Uyên","386","Huyện Than Uyên","35","Lai Châu"
"1278","Thị trấn Tân Uyên","387","Huyện Tân Uyên","35","Lai Châu"
"1279","Xã Mường Khoa","387","Huyện Tân Uyên","35","Lai Châu"
"1280","Xã Phúc Khoa","387","Huyện Tân Uyên","35","Lai Châu"
"1281","Xã Thân Thuộc","387","Huyện Tân Uyên","35","Lai Châu"
"1282","Xã Trung Đồng","387","Huyện Tân Uyên","35","Lai Châu"
"1283","Xã Hố Mít","387","Huyện Tân Uyên","35","Lai Châu"
"1284","Xã Nậm Cần","387","Huyện Tân Uyên","35","Lai Châu"
"1285","Xã Nậm Sỏ","387","Huyện Tân Uyên","35","Lai Châu"
"1286","Xã Pắc Ta","387","Huyện Tân Uyên","35","Lai Châu"
"1287","Xã Phúc Than","386","Huyện Than Uyên","35","Lai Châu"
"1288","Xã Mường Than","386","Huyện Than Uyên","35","Lai Châu"
"1289","Xã Tà Mít","387","Huyện Tân Uyên","35","Lai Châu"
"1290","Xã Mường Mít","386","Huyện Than Uyên","35","Lai Châu"
"1291","Xã Pha Mu","386","Huyện Than Uyên","35","Lai Châu"
"1292","Xã Mường Cang","386","Huyện Than Uyên","35","Lai Châu"
"1293","Xã Hua Nà","386","Huyện Than Uyên","35","Lai Châu"
"1294","Xã Tà Hừa","386","Huyện Than Uyên","35","Lai Châu"
"1295","Xã Mường Kim","386","Huyện Than Uyên","35","Lai Châu"
"1296","Xã Tà Mung","386","Huyện Than Uyên","35","Lai Châu"
"1297","Xã Tà Gia","386","Huyện Than Uyên","35","Lai Châu"
"1298","Xã Khoen On","386","Huyện Than Uyên","35","Lai Châu"
"1299","Phường Chiềng Lề","565","Thành phố Sơn La","52","Sơn La"
"1300","Phường Tô Hiệu","565","Thành phố Sơn La","52","Sơn La"
"1301","Phường Quyết Thắng","565","Thành phố Sơn La","52","Sơn La"
"1302","Phường Quyết Tâm","565","Thành phố Sơn La","52","Sơn La"
"1303","Xã Chiềng Cọ","565","Thành phố Sơn La","52","Sơn La"
"1304","Xã Chiềng Đen","565","Thành phố Sơn La","52","Sơn La"
"1305","Xã Chiềng Xôm","565","Thành phố Sơn La","52","Sơn La"
"1306","Phường Chiềng An","565","Thành phố Sơn La","52","Sơn La"
"1307","Phường Chiềng Cơi","565","Thành phố Sơn La","52","Sơn La"
"1308","Xã Chiềng Ngần","565","Thành phố Sơn La","52","Sơn La"
"1309","Xã Hua La","565","Thành phố Sơn La","52","Sơn La"
"1310","Phường Chiềng Sinh","565","Thành phố Sơn La","52","Sơn La"
"1311","Xã Mường Chiên","566","Huyện Quỳnh Nhai","52","Sơn La"
"1312","Xã Cà Nàng","566","Huyện Quỳnh Nhai","52","Sơn La"
"1313","Xã Chiềng Khay","566","Huyện Quỳnh Nhai","52","Sơn La"
"1314","Xã Mường Giôn","566","Huyện Quỳnh Nhai","52","Sơn La"
"1315","Xã Pá Ma Pha Khinh","566","Huyện Quỳnh Nhai","52","Sơn La"
"1316","Xã Chiềng Ơn","566","Huyện Quỳnh Nhai","52","Sơn La"
"1317","Xã Mường Giàng","566","Huyện Quỳnh Nhai","52","Sơn La"
"1318","Xã Chiềng Bằng","566","Huyện Quỳnh Nhai","52","Sơn La"
"1319","Xã Mường Sại","566","Huyện Quỳnh Nhai","52","Sơn La"
"1320","Xã Nậm ét","566","Huyện Quỳnh Nhai","52","Sơn La"
"1321","Xã Chiềng Khoang","566","Huyện Quỳnh Nhai","52","Sơn La"
"1322","Thị trấn Thuận Châu","568","Huyện Thuận Châu","52","Sơn La"
"1323","Xã Phổng Lái","568","Huyện Thuận Châu","52","Sơn La"
"1324","Xã Mường é","568","Huyện Thuận Châu","52","Sơn La"
"1325","Xã Chiềng Pha","568","Huyện Thuận Châu","52","Sơn La"
"1326","Xã Chiềng La","568","Huyện Thuận Châu","52","Sơn La"
"1327","Xã Chiềng Ngàm","568","Huyện Thuận Châu","52","Sơn La"
"1328","Xã Liệp Tè","568","Huyện Thuận Châu","52","Sơn La"
"1329","Xã é Tòng","568","Huyện Thuận Châu","52","Sơn La"
"1330","Xã Phổng Lập","568","Huyện Thuận Châu","52","Sơn La"
"1331","Xã Phổng Lăng","568","Huyện Thuận Châu","52","Sơn La"
"1332","Xã Chiềng Ly","568","Huyện Thuận Châu","52","Sơn La"
"1333","Xã Noong Lay","568","Huyện Thuận Châu","52","Sơn La"
"1334","Xã Mường Khiêng","568","Huyện Thuận Châu","52","Sơn La"
"1335","Xã Mường Bám","568","Huyện Thuận Châu","52","Sơn La"
"1336","Xã Long Hẹ","568","Huyện Thuận Châu","52","Sơn La"
"1337","Xã Chiềng Bôm","568","Huyện Thuận Châu","52","Sơn La"
"1338","Xã Thôm Mòn","568","Huyện Thuận Châu","52","Sơn La"
"1339","Xã Tông Lạnh","568","Huyện Thuận Châu","52","Sơn La"
"1340","Xã Tông Cọ","568","Huyện Thuận Châu","52","Sơn La"
"1341","Xã Bó Mười","568","Huyện Thuận Châu","52","Sơn La"
"1342","Xã Co Mạ","568","Huyện Thuận Châu","52","Sơn La"
"1343","Xã Púng Tra","568","Huyện Thuận Châu","52","Sơn La"
"1344","Xã Chiềng Pấc","568","Huyện Thuận Châu","52","Sơn La"
"1345","Xã Nậm Lầu","568","Huyện Thuận Châu","52","Sơn La"
"1346","Xã Bon Phặng","568","Huyện Thuận Châu","52","Sơn La"
"1347","Xã Co Tòng","568","Huyện Thuận Châu","52","Sơn La"
"1348","Xã Muổi Nọi","568","Huyện Thuận Châu","52","Sơn La"
"1349","Xã Pá Lông","568","Huyện Thuận Châu","52","Sơn La"
"1350","Xã Bản Lầm","568","Huyện Thuận Châu","52","Sơn La"
"1351","Thị trấn Ít Ong","567","Huyện Mường La","52","Sơn La"
"1352","Xã Nậm Giôn","567","Huyện Mường La","52","Sơn La"
"1353","Xã Chiềng Lao","567","Huyện Mường La","52","Sơn La"
"1354","Xã Hua Trai","567","Huyện Mường La","52","Sơn La"
"1355","Xã Ngọc Chiến","567","Huyện Mường La","52","Sơn La"
"1356","Xã Mường Trai","567","Huyện Mường La","52","Sơn La"
"1357","Xã Nậm Păm","567","Huyện Mường La","52","Sơn La"
"1358","Xã Chiềng Muôn","567","Huyện Mường La","52","Sơn La"
"1359","Xã Chiềng Ân","567","Huyện Mường La","52","Sơn La"
"1360","Xã Pi Toong","567","Huyện Mường La","52","Sơn La"
"1361","Xã Chiềng Công","567","Huyện Mường La","52","Sơn La"
"1362","Xã Tạ Bú","567","Huyện Mường La","52","Sơn La"
"1363","Xã Chiềng San","567","Huyện Mường La","52","Sơn La"
"1364","Xã Mường Bú","567","Huyện Mường La","52","Sơn La"
"1365","Xã Chiềng Hoa","567","Huyện Mường La","52","Sơn La"
"1366","Xã Mường Chùm","567","Huyện Mường La","52","Sơn La"
"1367","Thị trấn Bắc Yên","570","Huyện Bắc Yên","52","Sơn La"
"1368","Xã Phiêng Ban","570","Huyện Bắc Yên","52","Sơn La"
"1369","Xã Hang Chú","570","Huyện Bắc Yên","52","Sơn La"
"1370","Xã Xím Vàng","570","Huyện Bắc Yên","52","Sơn La"
"1371","Xã Tà Xùa","570","Huyện Bắc Yên","52","Sơn La"
"1372","Xã Háng Đồng","570","Huyện Bắc Yên","52","Sơn La"
"1373","Xã Pắc Ngà","570","Huyện Bắc Yên","52","Sơn La"
"1374","Xã Làng Chếu","570","Huyện Bắc Yên","52","Sơn La"
"1375","Xã Chim Vàn","570","Huyện Bắc Yên","52","Sơn La"
"1376","Xã Mường Khoa","570","Huyện Bắc Yên","52","Sơn La"
"1377","Xã Song Pe","570","Huyện Bắc Yên","52","Sơn La"
"1378","Xã Hồng Ngài","570","Huyện Bắc Yên","52","Sơn La"
"1379","Xã Tạ Khoa","570","Huyện Bắc Yên","52","Sơn La"
"1380","Xã Hua Nhàn","570","Huyện Bắc Yên","52","Sơn La"
"1381","Xã Phiêng Côn","570","Huyện Bắc Yên","52","Sơn La"
"1382","Xã Chiềng Sại","570","Huyện Bắc Yên","52","Sơn La"
"1383","Thị trấn Phù Yên","569","Huyện Phù Yên","52","Sơn La"
"1384","Xã Suối Tọ","569","Huyện Phù Yên","52","Sơn La"
"1385","Xã Mường Thải","569","Huyện Phù Yên","52","Sơn La"
"1386","Xã Mường Cơi","569","Huyện Phù Yên","52","Sơn La"
"1387","Xã Quang Huy","569","Huyện Phù Yên","52","Sơn La"
"1388","Xã Huy Bắc","569","Huyện Phù Yên","52","Sơn La"
"1389","Xã Huy Thượng","569","Huyện Phù Yên","52","Sơn La"
"1390","Xã Tân Lang","569","Huyện Phù Yên","52","Sơn La"
"1391","Xã Gia Phù","569","Huyện Phù Yên","52","Sơn La"
"1392","Xã Tường Phù","569","Huyện Phù Yên","52","Sơn La"
"1393","Xã Huy Hạ","569","Huyện Phù Yên","52","Sơn La"
"1394","Xã Huy Tân","569","Huyện Phù Yên","52","Sơn La"
"1395","Xã Mường Lang","569","Huyện Phù Yên","52","Sơn La"
"1396","Xã Suối Bau","569","Huyện Phù Yên","52","Sơn La"
"1397","Xã Huy Tường","569","Huyện Phù Yên","52","Sơn La"
"1398","Xã Mường Do","569","Huyện Phù Yên","52","Sơn La"
"1399","Xã Sập Xa","569","Huyện Phù Yên","52","Sơn La"
"1400","Xã Tường Thượng","569","Huyện Phù Yên","52","Sơn La"
"1401","Xã Tường Tiến","569","Huyện Phù Yên","52","Sơn La"
"1402","Xã Tường Phong","569","Huyện Phù Yên","52","Sơn La"
"1403","Xã Tường Hạ","569","Huyện Phù Yên","52","Sơn La"
"1404","Xã Kim Bon","569","Huyện Phù Yên","52","Sơn La"
"1405","Xã Mường Bang","569","Huyện Phù Yên","52","Sơn La"
"1406","Xã Đá Đỏ","569","Huyện Phù Yên","52","Sơn La"
"1407","Xã Tân Phong","569","Huyện Phù Yên","52","Sơn La"
"1408","Xã Nam Phong","569","Huyện Phù Yên","52","Sơn La"
"1409","Xã Bắc Phong","569","Huyện Phù Yên","52","Sơn La"
"1410","Thị trấn Mộc Châu","574","Huyện Mộc Châu","52","Sơn La"
"1411","Thị trấn NT Mộc Châu","574","Huyện Mộc Châu","52","Sơn La"
"1412","Xã Chiềng Sơn","574","Huyện Mộc Châu","52","Sơn La"
"1413","Xã Tân Hợp","574","Huyện Mộc Châu","52","Sơn La"
"1414","Xã Qui Hướng","574","Huyện Mộc Châu","52","Sơn La"
"1415","Xã Suối Bàng","712","Huyện Vân Hồ","52","Sơn La"
"1416","Xã Tân Lập","574","Huyện Mộc Châu","52","Sơn La"
"1417","Xã Nà Mường","574","Huyện Mộc Châu","52","Sơn La"
"1418","Xã Tà Lai","574","Huyện Mộc Châu","52","Sơn La"
"1419","Xã Song Khủa","712","Huyện Vân Hồ","52","Sơn La"
"1420","Xã Liên Hòa","712","Huyện Vân Hồ","52","Sơn La"
"1421","Xã Chiềng Hắc","574","Huyện Mộc Châu","52","Sơn La"
"1422","Xã Hua Păng","574","Huyện Mộc Châu","52","Sơn La"
"1423","Xã Tô Múa","712","Huyện Vân Hồ","52","Sơn La"
"1424","Xã Mường Tè","712","Huyện Vân Hồ","52","Sơn La"
"1425","Xã Chiềng Khừa","574","Huyện Mộc Châu","52","Sơn La"
"1426","Xã Mường Sang","574","Huyện Mộc Châu","52","Sơn La"
"1427","Xã Đông Sang","574","Huyện Mộc Châu","52","Sơn La"
"1428","Xã Phiêng Luông","574","Huyện Mộc Châu","52","Sơn La"
"1429","Xã Chiềng Khoa","712","Huyện Vân Hồ","52","Sơn La"
"1430","Xã Mường Men","712","Huyện Vân Hồ","52","Sơn La"
"1431","Xã Quang Minh","712","Huyện Vân Hồ","52","Sơn La"
"1432","Xã Lóng Sập","574","Huyện Mộc Châu","52","Sơn La"
"1433","Xã Vân Hồ","712","Huyện Vân Hồ","52","Sơn La"
"1434","Xã Lóng Luông","712","Huyện Vân Hồ","52","Sơn La"
"1435","Xã Chiềng Yên","712","Huyện Vân Hồ","52","Sơn La"
"1436","Xã Chiềng Xuân","712","Huyện Vân Hồ","52","Sơn La"
"1437","Xã Xuân Nha","712","Huyện Vân Hồ","52","Sơn La"
"1438","Xã Tân Xuân","712","Huyện Vân Hồ","52","Sơn La"
"1439","Thị trấn Yên Châu","573","Huyện Yên Châu","52","Sơn La"
"1440","Xã Chiềng Đông","573","Huyện Yên Châu","52","Sơn La"
"1441","Xã Sập Vạt","573","Huyện Yên Châu","52","Sơn La"
"1442","Xã Chiềng Sàng","573","Huyện Yên Châu","52","Sơn La"
"1443","Xã Chiềng Pằn","573","Huyện Yên Châu","52","Sơn La"
"1444","Xã Viêng Lán","573","Huyện Yên Châu","52","Sơn La"
"1445","Xã Chiềng Hặc","573","Huyện Yên Châu","52","Sơn La"
"1446","Xã Mường Lựm","573","Huyện Yên Châu","52","Sơn La"
"1447","Xã Chiềng On","573","Huyện Yên Châu","52","Sơn La"
"1448","Xã Yên Sơn","573","Huyện Yên Châu","52","Sơn La"
"1449","Xã Chiềng Khoi","573","Huyện Yên Châu","52","Sơn La"
"1450","Xã Tú Nang","573","Huyện Yên Châu","52","Sơn La"
"1451","Xã Lóng Phiêng","573","Huyện Yên Châu","52","Sơn La"
"1452","Xã Phiêng Khoài","573","Huyện Yên Châu","52","Sơn La"
"1453","Xã Chiềng Tương","573","Huyện Yên Châu","52","Sơn La"
"1454","Thị trấn Hát Lót","571","Huyện Mai Sơn","52","Sơn La"
"1455","Xã Chiềng Sung","571","Huyện Mai Sơn","52","Sơn La"
"1456","Xã Mường Bằng","571","Huyện Mai Sơn","52","Sơn La"
"1457","Xã Chiềng Chăn","571","Huyện Mai Sơn","52","Sơn La"
"1458","Xã Mương Chanh","571","Huyện Mai Sơn","52","Sơn La"
"1459","Xã Chiềng Ban","571","Huyện Mai Sơn","52","Sơn La"
"1460","Xã Chiềng Mung","571","Huyện Mai Sơn","52","Sơn La"
"1461","Xã Mường Bon","571","Huyện Mai Sơn","52","Sơn La"
"1462","Xã Chiềng Chung","571","Huyện Mai Sơn","52","Sơn La"
"1463","Xã Chiềng Mai","571","Huyện Mai Sơn","52","Sơn La"
"1464","Xã Hát Lót","571","Huyện Mai Sơn","52","Sơn La"
"1465","Xã Nà Pó","571","Huyện Mai Sơn","52","Sơn La"
"1466","Xã Cò Nòi","571","Huyện Mai Sơn","52","Sơn La"
"1467","Xã Chiềng Nơi","571","Huyện Mai Sơn","52","Sơn La"
"1468","Xã Phiêng Cằm","571","Huyện Mai Sơn","52","Sơn La"
"1469","Xã Chiềng Dong","571","Huyện Mai Sơn","52","Sơn La"
"1470","Xã Chiềng Kheo","571","Huyện Mai Sơn","52","Sơn La"
"1471","Xã Chiềng Ve","571","Huyện Mai Sơn","52","Sơn La"
"1472","Xã Chiềng Lương","571","Huyện Mai Sơn","52","Sơn La"
"1473","Xã Phiêng Pằn","571","Huyện Mai Sơn","52","Sơn La"
"1474","Xã Nà Ơt","571","Huyện Mai Sơn","52","Sơn La"
"1475","Xã Tà Hộc","571","Huyện Mai Sơn","52","Sơn La"
"1476","Thị trấn Sông Mã","572","Huyện Sông Mã","52","Sơn La"
"1477","Xã Bó Sinh","572","Huyện Sông Mã","52","Sơn La"
"1478","Xã Pú Pẩu","572","Huyện Sông Mã","52","Sơn La"
"1479","Xã Chiềng Phung","572","Huyện Sông Mã","52","Sơn La"
"1480","Xã Chiềng En","572","Huyện Sông Mã","52","Sơn La"
"1481","Xã Mường Lầm","572","Huyện Sông Mã","52","Sơn La"
"1482","Xã Nậm Ty","572","Huyện Sông Mã","52","Sơn La"
"1483","Xã Đứa Mòn","572","Huyện Sông Mã","52","Sơn La"
"1484","Xã Yên Hưng","572","Huyện Sông Mã","52","Sơn La"
"1485","Xã Chiềng Sơ","572","Huyện Sông Mã","52","Sơn La"
"1486","Xã Nà Nghịu","572","Huyện Sông Mã","52","Sơn La"
"1487","Xã Nậm Mằn","572","Huyện Sông Mã","52","Sơn La"
"1488","Xã Chiềng Khoong","572","Huyện Sông Mã","52","Sơn La"
"1489","Xã Chiềng Cang","572","Huyện Sông Mã","52","Sơn La"
"1490","Xã Huổi Một","572","Huyện Sông Mã","52","Sơn La"
"1491","Xã Mường Sai","572","Huyện Sông Mã","52","Sơn La"
"1492","Xã Mường Cai","572","Huyện Sông Mã","52","Sơn La"
"1493","Xã Mường Hung","572","Huyện Sông Mã","52","Sơn La"
"1494","Xã Chiềng Khương","572","Huyện Sông Mã","52","Sơn La"
"1495","Xã Sam Kha","575","Huyện Sốp Cộp","52","Sơn La"
"1496","Xã Púng Bánh","575","Huyện Sốp Cộp","52","Sơn La"
"1497","Xã Sốp Cộp","575","Huyện Sốp Cộp","52","Sơn La"
"1498","Xã Dồm Cang","575","Huyện Sốp Cộp","52","Sơn La"
"1499","Xã Nậm Lạnh","575","Huyện Sốp Cộp","52","Sơn La"
"1500","Xã Mường Lèo","575","Huyện Sốp Cộp","52","Sơn La"
"1501","Xã Mường Và","575","Huyện Sốp Cộp","52","Sơn La"
"1502","Xã Mường Lạn","575","Huyện Sốp Cộp","52","Sơn La"
"1503","Phường Yên Thịnh","679","Thành phố Yên Bái","63","Yên Bái"
"1504","Phường Yên Ninh","679","Thành phố Yên Bái","63","Yên Bái"
"1505","Phường Minh Tân","679","Thành phố Yên Bái","63","Yên Bái"
"1506","Phường Nguyễn Thái Học","679","Thành phố Yên Bái","63","Yên Bái"
"1507","Phường Đồng Tâm","679","Thành phố Yên Bái","63","Yên Bái"
"1508","Phường Nguyễn Phúc","679","Thành phố Yên Bái","63","Yên Bái"
"1509","Phường Hồng Hà","679","Thành phố Yên Bái","63","Yên Bái"
"1510","Xã Minh Bảo","679","Thành phố Yên Bái","63","Yên Bái"
"1511","Phường Nam Cường","679","Thành phố Yên Bái","63","Yên Bái"
"1512","Xã Tuy Lộc","679","Thành phố Yên Bái","63","Yên Bái"
"1513","Xã Tân Thịnh","679","Thành phố Yên Bái","63","Yên Bái"
"1514","Phường Pú Trạng","680","Thị xã Nghĩa Lộ","63","Yên Bái"
"1515","Phường Trung Tâm","680","Thị xã Nghĩa Lộ","63","Yên Bái"
"1516","Phường Tân An","680","Thị xã Nghĩa Lộ","63","Yên Bái"
"1517","Phường Cầu Thia","680","Thị xã Nghĩa Lộ","63","Yên Bái"
"1518","Xã Nghĩa Lợi","680","Thị xã Nghĩa Lộ","63","Yên Bái"
"1519","Xã Nghĩa Phúc","680","Thị xã Nghĩa Lộ","63","Yên Bái"
"1520","Xã Nghĩa An","680","Thị xã Nghĩa Lộ","63","Yên Bái"
"1521","Thị trấn Yên Thế","681","Huyện Lục Yên","63","Yên Bái"
"1522","Xã Tân Phượng","681","Huyện Lục Yên","63","Yên Bái"
"1523","Xã Lâm Thượng","681","Huyện Lục Yên","63","Yên Bái"
"1524","Xã Khánh Thiện","681","Huyện Lục Yên","63","Yên Bái"
"1525","Xã Minh Chuẩn","681","Huyện Lục Yên","63","Yên Bái"
"1526","Xã Mai Sơn","681","Huyện Lục Yên","63","Yên Bái"
"1527","Xã Khai Trung","681","Huyện Lục Yên","63","Yên Bái"
"1528","Xã Mường Lai","681","Huyện Lục Yên","63","Yên Bái"
"1529","Xã An Lạc","681","Huyện Lục Yên","63","Yên Bái"
"1530","Xã Minh Xuân","681","Huyện Lục Yên","63","Yên Bái"
"1531","Xã Tô Mậu","681","Huyện Lục Yên","63","Yên Bái"
"1532","Xã Tân Lĩnh","681","Huyện Lục Yên","63","Yên Bái"
"1533","Xã Yên Thắng","681","Huyện Lục Yên","63","Yên Bái"
"1534","Xã Khánh Hòa","681","Huyện Lục Yên","63","Yên Bái"
"1535","Xã Vĩnh Lạc","681","Huyện Lục Yên","63","Yên Bái"
"1536","Xã Liễu Đô","681","Huyện Lục Yên","63","Yên Bái"
"1537","Xã Động Quan","681","Huyện Lục Yên","63","Yên Bái"
"1538","Xã Tân Lập","681","Huyện Lục Yên","63","Yên Bái"
"1539","Xã Minh Tiến","681","Huyện Lục Yên","63","Yên Bái"
"1540","Xã Trúc Lâu","681","Huyện Lục Yên","63","Yên Bái"
"1541","Xã Phúc Lợi","681","Huyện Lục Yên","63","Yên Bái"
"1542","Xã Phan Thanh","681","Huyện Lục Yên","63","Yên Bái"
"1543","Xã An Phú","681","Huyện Lục Yên","63","Yên Bái"
"1544","Xã Trung Tâm","681","Huyện Lục Yên","63","Yên Bái"
"1545","Thị trấn Mậu A","686","Huyện Văn Yên","63","Yên Bái"
"1546","Xã Lang Thíp","686","Huyện Văn Yên","63","Yên Bái"
"1547","Xã Lâm Giang","686","Huyện Văn Yên","63","Yên Bái"
"1548","Xã Châu Quế Thượng","686","Huyện Văn Yên","63","Yên Bái"
"1549","Xã Châu Quế Hạ","686","Huyện Văn Yên","63","Yên Bái"
"1550","Xã An Bình","686","Huyện Văn Yên","63","Yên Bái"
"1551","Xã Quang Minh","686","Huyện Văn Yên","63","Yên Bái"
"1552","Xã Đông An","686","Huyện Văn Yên","63","Yên Bái"
"1553","Xã Đông Cuông","686","Huyện Văn Yên","63","Yên Bái"
"1554","Xã Phong Dụ Hạ","686","Huyện Văn Yên","63","Yên Bái"
"1555","Xã Mậu Đông","686","Huyện Văn Yên","63","Yên Bái"
"1556","Xã Ngòi A","686","Huyện Văn Yên","63","Yên Bái"
"1557","Xã Xuân Tầm","686","Huyện Văn Yên","63","Yên Bái"
"1558","Xã Tân Hợp","686","Huyện Văn Yên","63","Yên Bái"
"1559","Xã An Thịnh","686","Huyện Văn Yên","63","Yên Bái"
"1560","Xã Yên Thái","686","Huyện Văn Yên","63","Yên Bái"
"1561","Xã Phong Dụ Thượng","686","Huyện Văn Yên","63","Yên Bái"
"1562","Xã Yên Hợp","686","Huyện Văn Yên","63","Yên Bái"
"1563","Xã Đại Sơn","686","Huyện Văn Yên","63","Yên Bái"
"1564","Xã Yên Hưng","686","Huyện Văn Yên","63","Yên Bái"
"1565","Xã Đại Phác","686","Huyện Văn Yên","63","Yên Bái"
"1566","Xã Yên Phú","686","Huyện Văn Yên","63","Yên Bái"
"1567","Xã Xuân Ái","686","Huyện Văn Yên","63","Yên Bái"
"1568","Xã Hoàng Thắng","686","Huyện Văn Yên","63","Yên Bái"
"1569","Xã Viễn Sơn","686","Huyện Văn Yên","63","Yên Bái"
"1570","Xã Mỏ Vàng","686","Huyện Văn Yên","63","Yên Bái"
"1571","Xã Nà Hẩu","686","Huyện Văn Yên","63","Yên Bái"
"1572","Thị trấn Mù Căng Chải","682","Huyện Mù Căng Chải","63","Yên Bái"
"1573","Xã Hồ Bốn","682","Huyện Mù Căng Chải","63","Yên Bái"
"1574","Xã Nậm Có","682","Huyện Mù Căng Chải","63","Yên Bái"
"1575","Xã Khao Mang","682","Huyện Mù Căng Chải","63","Yên Bái"
"1576","Xã Mồ Dề","682","Huyện Mù Căng Chải","63","Yên Bái"
"1577","Xã Chế Cu Nha","682","Huyện Mù Căng Chải","63","Yên Bái"
"1578","Xã Lao Chải","682","Huyện Mù Căng Chải","63","Yên Bái"
"1579","Xã Kim Nọi","682","Huyện Mù Căng Chải","63","Yên Bái"
"1580","Xã Cao Phạ","682","Huyện Mù Căng Chải","63","Yên Bái"
"1581","Xã La Pán Tẩn","682","Huyện Mù Căng Chải","63","Yên Bái"
"1582","Xã Dế Su Phình","682","Huyện Mù Căng Chải","63","Yên Bái"
"1583","Xã Chế Tạo","682","Huyện Mù Căng Chải","63","Yên Bái"
"1584","Xã Púng Luông","682","Huyện Mù Căng Chải","63","Yên Bái"
"1585","Xã Nậm Khắt","682","Huyện Mù Căng Chải","63","Yên Bái"
"1586","Thị trấn Cổ Phúc","683","Huyện Trấn Yên","63","Yên Bái"
"1587","Xã Tân Đồng","683","Huyện Trấn Yên","63","Yên Bái"
"1588","Xã Báo Đáp","683","Huyện Trấn Yên","63","Yên Bái"
"1589","Xã Đào Thịnh","683","Huyện Trấn Yên","63","Yên Bái"
"1590","Xã Việt Thành","683","Huyện Trấn Yên","63","Yên Bái"
"1591","Xã Hòa Cuông","683","Huyện Trấn Yên","63","Yên Bái"
"1592","Xã Minh Quán","683","Huyện Trấn Yên","63","Yên Bái"
"1593","Xã Quy Mông","683","Huyện Trấn Yên","63","Yên Bái"
"1594","Xã Cường Thịnh","683","Huyện Trấn Yên","63","Yên Bái"
"1595","Xã Kiên Thành","683","Huyện Trấn Yên","63","Yên Bái"
"1596","Xã Nga Quán","683","Huyện Trấn Yên","63","Yên Bái"
"1597","Xã Y Can","683","Huyện Trấn Yên","63","Yên Bái"
"1598","Xã Minh Tiến","683","Huyện Trấn Yên","63","Yên Bái"
"1599","Xã Lương Thịnh","683","Huyện Trấn Yên","63","Yên Bái"
"1600","Xã Âu Lâu","679","Thành phố Yên Bái","63","Yên Bái"
"1601","Xã Giới Phiên","679","Thành phố Yên Bái","63","Yên Bái"
"1602","Phường Hợp Minh","679","Thành phố Yên Bái","63","Yên Bái"
"1603","Xã Văn Tiến","679","Thành phố Yên Bái","63","Yên Bái"
"1604","Xã Phúc Lộc","679","Thành phố Yên Bái","63","Yên Bái"
"1605","Xã Văn Lãng","687","Huyện Yên Bình","63","Yên Bái"
"1606","Xã Văn Phú","679","Thành phố Yên Bái","63","Yên Bái"
"1607","Xã Bảo Hưng","683","Huyện Trấn Yên","63","Yên Bái"
"1608","Xã Việt Cường","683","Huyện Trấn Yên","63","Yên Bái"
"1609","Xã Minh Quân","683","Huyện Trấn Yên","63","Yên Bái"
"1610","Xã Hồng Ca","683","Huyện Trấn Yên","63","Yên Bái"
"1611","Xã Hưng Thịnh","683","Huyện Trấn Yên","63","Yên Bái"
"1612","Xã Hưng Khánh","683","Huyện Trấn Yên","63","Yên Bái"
"1613","Xã Việt Hồng","683","Huyện Trấn Yên","63","Yên Bái"
"1614","Xã Vân Hội","683","Huyện Trấn Yên","63","Yên Bái"
"1615","Thị trấn Trạm Tấu","684","Huyện Trạm Tấu","63","Yên Bái"
"1616","Xã Túc Đán","684","Huyện Trạm Tấu","63","Yên Bái"
"1617","Xã Pá Lau","684","Huyện Trạm Tấu","63","Yên Bái"
"1618","Xã Xà Hồ","684","Huyện Trạm Tấu","63","Yên Bái"
"1619","Xã Phình Hồ","684","Huyện Trạm Tấu","63","Yên Bái"
"1620","Xã Trạm Tấu","684","Huyện Trạm Tấu","63","Yên Bái"
"1621","Xã Tà Si Láng","684","Huyện Trạm Tấu","63","Yên Bái"
"1622","Xã Pá Hu","684","Huyện Trạm Tấu","63","Yên Bái"
"1623","Xã Làng Nhì","684","Huyện Trạm Tấu","63","Yên Bái"
"1624","Xã Bản Công","684","Huyện Trạm Tấu","63","Yên Bái"
"1625","Xã Bản Mù","684","Huyện Trạm Tấu","63","Yên Bái"
"1626","Xã Hát Lìu","684","Huyện Trạm Tấu","63","Yên Bái"
"1627","Thị trấn NT Liên Sơn","685","Huyện Văn Chấn","63","Yên Bái"
"1628","Thị trấn NT Nghĩa Lộ","685","Huyện Văn Chấn","63","Yên Bái"
"1629","Thị trấn NT Trần Phú","685","Huyện Văn Chấn","63","Yên Bái"
"1630","Xã Tú Lệ","685","Huyện Văn Chấn","63","Yên Bái"
"1631","Xã Nậm Búng","685","Huyện Văn Chấn","63","Yên Bái"
"1632","Xã Gia Hội","685","Huyện Văn Chấn","63","Yên Bái"
"1633","Xã Sùng Đô","685","Huyện Văn Chấn","63","Yên Bái"
"1634","Xã Nậm Mười","685","Huyện Văn Chấn","63","Yên Bái"
"1635","Xã An Lương","685","Huyện Văn Chấn","63","Yên Bái"
"1636","Xã Nậm Lành","685","Huyện Văn Chấn","63","Yên Bái"
"1637","Xã Sơn Lương","685","Huyện Văn Chấn","63","Yên Bái"
"1638","Xã Suối Quyền","685","Huyện Văn Chấn","63","Yên Bái"
"1639","Xã Suối Giàng","685","Huyện Văn Chấn","63","Yên Bái"
"1640","Xã Sơn A","685","Huyện Văn Chấn","63","Yên Bái"
"1641","Xã Phù Nham","685","Huyện Văn Chấn","63","Yên Bái"
"1642","Xã Nghĩa Sơn","685","Huyện Văn Chấn","63","Yên Bái"
"1643","Xã Suối Bu","685","Huyện Văn Chấn","63","Yên Bái"
"1644","Thị trấn Sơn Thịnh","685","Huyện Văn Chấn","63","Yên Bái"
"1645","Xã Thanh Lương","685","Huyện Văn Chấn","63","Yên Bái"
"1646","Xã Hạnh Sơn","685","Huyện Văn Chấn","63","Yên Bái"
"1647","Xã Phúc Sơn","685","Huyện Văn Chấn","63","Yên Bái"
"1648","Xã Thạch Lương","685","Huyện Văn Chấn","63","Yên Bái"
"1649","Xã Đại Lịch","685","Huyện Văn Chấn","63","Yên Bái"
"1650","Xã Đồng Khê","685","Huyện Văn Chấn","63","Yên Bái"
"1651","Xã Cát Thịnh","685","Huyện Văn Chấn","63","Yên Bái"
"1652","Xã Tân Thịnh","685","Huyện Văn Chấn","63","Yên Bái"
"1653","Xã Chấn Thịnh","685","Huyện Văn Chấn","63","Yên Bái"
"1654","Xã Bình Thuận","685","Huyện Văn Chấn","63","Yên Bái"
"1655","Xã Thượng Bằng La","685","Huyện Văn Chấn","63","Yên Bái"
"1656","Xã Minh An","685","Huyện Văn Chấn","63","Yên Bái"
"1657","Xã Nghĩa Tâm","685","Huyện Văn Chấn","63","Yên Bái"
"1658","Thị trấn Yên Bình","687","Huyện Yên Bình","63","Yên Bái"
"1659","Thị trấn Thác Bà","687","Huyện Yên Bình","63","Yên Bái"
"1660","Xã Xuân Long","687","Huyện Yên Bình","63","Yên Bái"
"1661","Xã Tích Cốc","687","Huyện Yên Bình","63","Yên Bái"
"1662","Xã Cảm Nhân","687","Huyện Yên Bình","63","Yên Bái"
"1663","Xã Ngọc Chấn","687","Huyện Yên Bình","63","Yên Bái"
"1664","Xã Tân Nguyên","687","Huyện Yên Bình","63","Yên Bái"
"1665","Xã Phúc Ninh","687","Huyện Yên Bình","63","Yên Bái"
"1666","Xã Bảo Ái","687","Huyện Yên Bình","63","Yên Bái"
"1667","Xã Mỹ Gia","687","Huyện Yên Bình","63","Yên Bái"
"1668","Xã Xuân Lai","687","Huyện Yên Bình","63","Yên Bái"
"1669","Xã Mông Sơn","687","Huyện Yên Bình","63","Yên Bái"
"1670","Xã Cảm Ân","687","Huyện Yên Bình","63","Yên Bái"
"1671","Xã Yên Thành","687","Huyện Yên Bình","63","Yên Bái"
"1672","Xã Tân Hương","687","Huyện Yên Bình","63","Yên Bái"
"1673","Xã Phúc An","687","Huyện Yên Bình","63","Yên Bái"
"1674","Xã Bạch Hà","687","Huyện Yên Bình","63","Yên Bái"
"1675","Xã Vũ Linh","687","Huyện Yên Bình","63","Yên Bái"
"1676","Xã Đại Đồng","687","Huyện Yên Bình","63","Yên Bái"
"1677","Xã Vĩnh Kiên","687","Huyện Yên Bình","63","Yên Bái"
"1678","Xã Yên Bình","687","Huyện Yên Bình","63","Yên Bái"
"1679","Xã Thịnh Hưng","687","Huyện Yên Bình","63","Yên Bái"
"1680","Xã Hán Đà","687","Huyện Yên Bình","63","Yên Bái"
"1681","Xã Phú Thịnh","687","Huyện Yên Bình","63","Yên Bái"
"1682","Xã Đại Minh","687","Huyện Yên Bình","63","Yên Bái"
"1683","Phường Thái Bình","327","Thành phố Hòa Bình","30","Hòa Bình"
"1684","Phường Tân Hòa","327","Thành phố Hòa Bình","30","Hòa Bình"
"1685","Phường Thịnh Lang","327","Thành phố Hòa Bình","30","Hòa Bình"
"1686","Phường Hữu Nghị","327","Thành phố Hòa Bình","30","Hòa Bình"
"1687","Phường Tân Thịnh","327","Thành phố Hòa Bình","30","Hòa Bình"
"1688","Phường Đồng Tiến","327","Thành phố Hòa Bình","30","Hòa Bình"
"1689","Phường Phương Lâm","327","Thành phố Hòa Bình","30","Hòa Bình"
"1690","Phường Chăm Mát","327","Thành phố Hòa Bình","30","Hòa Bình"
"1691","Xã Yên Mông","327","Thành phố Hòa Bình","30","Hòa Bình"
"1692","Phường Quỳnh Lâm","327","Thành phố Hòa Bình","30","Hòa Bình"
"1693","Phường Dân Chủ","327","Thành phố Hòa Bình","30","Hòa Bình"
"1694","Xã Thái Thịnh","327","Thành phố Hòa Bình","30","Hòa Bình"
"1695","Xã Hòa Bình","327","Thành phố Hòa Bình","30","Hòa Bình"
"1696","Xã Thống Nhất","327","Thành phố Hòa Bình","30","Hòa Bình"
"1697","Thị trấn Đà Bắc","330","Huyện Đà Bắc","30","Hòa Bình"
"1698","Xã Đồng Nghê","330","Huyện Đà Bắc","30","Hòa Bình"
"1699","Xã Suối Nánh","330","Huyện Đà Bắc","30","Hòa Bình"
"1700","Xã Giáp Đắt","330","Huyện Đà Bắc","30","Hòa Bình"
"1701","Xã Mường Tuổng","330","Huyện Đà Bắc","30","Hòa Bình"
"1702","Xã Mường Chiềng","330","Huyện Đà Bắc","30","Hòa Bình"
"1703","Xã Tân Pheo","330","Huyện Đà Bắc","30","Hòa Bình"
"1704","Xã Đồng Chum","330","Huyện Đà Bắc","30","Hòa Bình"
"1705","Xã Tân Minh","330","Huyện Đà Bắc","30","Hòa Bình"
"1706","Xã Đoàn Kết","330","Huyện Đà Bắc","30","Hòa Bình"
"1707","Xã Đồng Ruộng","330","Huyện Đà Bắc","30","Hòa Bình"
"1708","Xã Hào Lý","330","Huyện Đà Bắc","30","Hòa Bình"
"1709","Xã Tú Lý","330","Huyện Đà Bắc","30","Hòa Bình"
"1710","Xã Trung Thành","330","Huyện Đà Bắc","30","Hòa Bình"
"1711","Xã Yên Hòa","330","Huyện Đà Bắc","30","Hòa Bình"
"1712","Xã Cao Sơn","330","Huyện Đà Bắc","30","Hòa Bình"
"1713","Xã Toàn Sơn","330","Huyện Đà Bắc","30","Hòa Bình"
"1714","Xã Tân Dân","335","Huyện Mai Châu","30","Hòa Bình"
"1715","Xã Hiền Lương","330","Huyện Đà Bắc","30","Hòa Bình"
"1716","Xã Tiền Phong","330","Huyện Đà Bắc","30","Hòa Bình"
"1717","Xã Vầy Nưa","330","Huyện Đà Bắc","30","Hòa Bình"
"1718","Thị trấn Kỳ Sơn","332","Huyện Kỳ Sơn","30","Hòa Bình"
"1719","Xã Hợp Thịnh","332","Huyện Kỳ Sơn","30","Hòa Bình"
"1720","Xã Phú Minh","332","Huyện Kỳ Sơn","30","Hòa Bình"
"1721","Xã Hợp Thành","332","Huyện Kỳ Sơn","30","Hòa Bình"
"1722","Xã Phúc Tiến","332","Huyện Kỳ Sơn","30","Hòa Bình"
"1723","Xã Dân Hòa","332","Huyện Kỳ Sơn","30","Hòa Bình"
"1724","Xã Mông Hóa","332","Huyện Kỳ Sơn","30","Hòa Bình"
"1725","Xã Dân Hạ","332","Huyện Kỳ Sơn","30","Hòa Bình"
"1726","Phường Trung Minh","327","Thành phố Hòa Bình","30","Hòa Bình"
"1727","Xã Độc Lập","332","Huyện Kỳ Sơn","30","Hòa Bình"
"1728","Thị trấn Lương Sơn","328","Huyện Lương Sơn","30","Hòa Bình"
"1729","Xã Yên Trung","24","Huyện Thạch Thất","1","Hà Nội"
"1730","Xã Yên Bình","24","Huyện Thạch Thất","1","Hà Nội"
"1731","Xã Yên Quang","332","Huyện Kỳ Sơn","30","Hòa Bình"
"1732","Xã Tiến Xuân","24","Huyện Thạch Thất","1","Hà Nội"
"1733","Xã Đông Xuân","22","Huyện Quốc Oai","1","Hà Nội"
"1734","Xã Lâm Sơn","328","Huyện Lương Sơn","30","Hòa Bình"
"1735","Xã Hòa Sơn","328","Huyện Lương Sơn","30","Hòa Bình"
"1736","Xã Trường Sơn","328","Huyện Lương Sơn","30","Hòa Bình"
"1737","Xã Tân Vinh","328","Huyện Lương Sơn","30","Hòa Bình"
"1738","Xã Nhuận Trạch","328","Huyện Lương Sơn","30","Hòa Bình"
"1739","Xã Cao Răm","328","Huyện Lương Sơn","30","Hòa Bình"
"1740","Xã Cư Yên","328","Huyện Lương Sơn","30","Hòa Bình"
"1741","Xã Hợp Hòa","328","Huyện Lương Sơn","30","Hòa Bình"
"1742","Xã Liên Sơn","328","Huyện Lương Sơn","30","Hòa Bình"
"1743","Xã Thành Lập","328","Huyện Lương Sơn","30","Hòa Bình"
"1744","Xã Tiến Sơn","328","Huyện Lương Sơn","30","Hòa Bình"
"1745","Xã Trung Sơn","328","Huyện Lương Sơn","30","Hòa Bình"
"1746","Thị trấn Bo","331","Huyện Kim Bôi","30","Hòa Bình"
"1747","Thị trấn Thanh Hà","334","Huyện Lạc Thủy","30","Hòa Bình"
"1748","Xã Đú Sáng","331","Huyện Kim Bôi","30","Hòa Bình"
"1749","Xã Bắc Sơn","331","Huyện Kim Bôi","30","Hòa Bình"
"1750","Xã Bình Sơn","331","Huyện Kim Bôi","30","Hòa Bình"
"1751","Xã Hùng Tiến","331","Huyện Kim Bôi","30","Hòa Bình"
"1752","Xã Tân Thành","328","Huyện Lương Sơn","30","Hòa Bình"
"1753","Xã Tú Sơn","331","Huyện Kim Bôi","30","Hòa Bình"
"1754","Xã Nật Sơn","331","Huyện Kim Bôi","30","Hòa Bình"
"1755","Xã Vĩnh Tiến","331","Huyện Kim Bôi","30","Hòa Bình"
"1756","Xã Cao Dương","328","Huyện Lương Sơn","30","Hòa Bình"
"1757","Xã Sơn Thủy","331","Huyện Kim Bôi","30","Hòa Bình"
"1758","Xã Đông Bắc","331","Huyện Kim Bôi","30","Hòa Bình"
"1759","Xã Thượng Bì","331","Huyện Kim Bôi","30","Hòa Bình"
"1760","Xã Lập Chiệng","331","Huyện Kim Bôi","30","Hòa Bình"
"1761","Xã Hợp Châu","328","Huyện Lương Sơn","30","Hòa Bình"
"1762","Xã Vĩnh Đồng","331","Huyện Kim Bôi","30","Hòa Bình"
"1763","Xã Hạ Bì","331","Huyện Kim Bôi","30","Hòa Bình"
"1764","Xã Trung Bì","331","Huyện Kim Bôi","30","Hòa Bình"
"1765","Xã Kim Sơn","331","Huyện Kim Bôi","30","Hòa Bình"
"1766","Xã Hợp Đồng","331","Huyện Kim Bôi","30","Hòa Bình"
"1767","Xã Long Sơn","328","Huyện Lương Sơn","30","Hòa Bình"
"1768","Xã Thượng Tiến","331","Huyện Kim Bôi","30","Hòa Bình"
"1769","Xã Cao Thắng","328","Huyện Lương Sơn","30","Hòa Bình"
"1770","Xã Kim Tiến","331","Huyện Kim Bôi","30","Hòa Bình"
"1771","Xã Kim Bình","331","Huyện Kim Bôi","30","Hòa Bình"
"1772","Xã Hợp Kim","331","Huyện Kim Bôi","30","Hòa Bình"
"1773","Xã Thanh Lương","328","Huyện Lương Sơn","30","Hòa Bình"
"1774","Xã Hợp Thanh","328","Huyện Lương Sơn","30","Hòa Bình"
"1775","Xã Kim Bôi","331","Huyện Kim Bôi","30","Hòa Bình"
"1776","Xã Nam Thượng","331","Huyện Kim Bôi","30","Hòa Bình"
"1777","Xã Kim Truy","331","Huyện Kim Bôi","30","Hòa Bình"
"1778","Xã Thanh Nông","334","Huyện Lạc Thủy","30","Hòa Bình"
"1779","Xã Cuối Hạ","331","Huyện Kim Bôi","30","Hòa Bình"
"1780","Xã Sào Báy","331","Huyện Kim Bôi","30","Hòa Bình"
"1781","Xã Mi Hòa","331","Huyện Kim Bôi","30","Hòa Bình"
"1782","Xã Nuông Dăm","331","Huyện Kim Bôi","30","Hòa Bình"
"1783","Thị trấn Cao Phong","329","Huyện Cao Phong","30","Hòa Bình"
"1784","Xã Bình Thanh","329","Huyện Cao Phong","30","Hòa Bình"
"1785","Xã Thung Nai","329","Huyện Cao Phong","30","Hòa Bình"
"1786","Xã Bắc Phong","329","Huyện Cao Phong","30","Hòa Bình"
"1787","Xã Thu Phong","329","Huyện Cao Phong","30","Hòa Bình"
"1788","Xã Đông Phong","329","Huyện Cao Phong","30","Hòa Bình"
"1789","Xã Xuân Phong","329","Huyện Cao Phong","30","Hòa Bình"
"1790","Xã Tây Phong","329","Huyện Cao Phong","30","Hòa Bình"
"1791","Xã Tân Phong","329","Huyện Cao Phong","30","Hòa Bình"
"1792","Xã Dũng Phong","329","Huyện Cao Phong","30","Hòa Bình"
"1793","Xã Nam Phong","329","Huyện Cao Phong","30","Hòa Bình"
"1794","Xã Yên Lập","329","Huyện Cao Phong","30","Hòa Bình"
"1795","Xã Yên Thượng","329","Huyện Cao Phong","30","Hòa Bình"
"1796","Thị trấn Mường Khến","336","Huyện Tân Lạc","30","Hòa Bình"
"1797","Xã Ngòi Hoa","336","Huyện Tân Lạc","30","Hòa Bình"
"1798","Xã Trung Hòa","336","Huyện Tân Lạc","30","Hòa Bình"
"1799","Xã Phú Vinh","336","Huyện Tân Lạc","30","Hòa Bình"
"1800","Xã Phú Cường","336","Huyện Tân Lạc","30","Hòa Bình"
"1801","Xã Mỹ Hòa","336","Huyện Tân Lạc","30","Hòa Bình"
"1802","Xã Quy Hậu","336","Huyện Tân Lạc","30","Hòa Bình"
"1803","Xã Phong Phú","336","Huyện Tân Lạc","30","Hòa Bình"
"1804","Xã Quyết Chiến","336","Huyện Tân Lạc","30","Hòa Bình"
"1805","Thị trấn Mãn Đức","336","Huyện Tân Lạc","30","Hòa Bình"
"1806","Xã Địch Giáo","336","Huyện Tân Lạc","30","Hòa Bình"
"1807","Xã Tuân Lộ","336","Huyện Tân Lạc","30","Hòa Bình"
"1808","Xã Tử Nê","336","Huyện Tân Lạc","30","Hòa Bình"
"1809","Xã Thanh Hối","336","Huyện Tân Lạc","30","Hòa Bình"
"1810","Xã Ngọc Mỹ","336","Huyện Tân Lạc","30","Hòa Bình"
"1811","Xã Đông Lai","336","Huyện Tân Lạc","30","Hòa Bình"
"1812","Xã Lũng Vân","336","Huyện Tân Lạc","30","Hòa Bình"
"1813","Xã Bắc Sơn","336","Huyện Tân Lạc","30","Hòa Bình"
"1814","Xã Quy Mỹ","336","Huyện Tân Lạc","30","Hòa Bình"
"1815","Xã Do Nhân","336","Huyện Tân Lạc","30","Hòa Bình"
"1816","Xã Nam Sơn","336","Huyện Tân Lạc","30","Hòa Bình"
"1817","Xã Lỗ Sơn","336","Huyện Tân Lạc","30","Hòa Bình"
"1818","Xã Ngổ Luông","336","Huyện Tân Lạc","30","Hòa Bình"
"1819","Xã Gia Mô","336","Huyện Tân Lạc","30","Hòa Bình"
"1820","Thị trấn Mai Châu","335","Huyện Mai Châu","30","Hòa Bình"
"1821","Xã Tân Mai","335","Huyện Mai Châu","30","Hòa Bình"
"1822","Xã Phúc Sạn","335","Huyện Mai Châu","30","Hòa Bình"
"1823","Xã Pà Cò","335","Huyện Mai Châu","30","Hòa Bình"
"1824","Xã Hang Kia","335","Huyện Mai Châu","30","Hòa Bình"
"1825","Xã Ba Khan","335","Huyện Mai Châu","30","Hòa Bình"
"1826","Xã Tân Sơn","335","Huyện Mai Châu","30","Hòa Bình"
"1827","Xã Đồng Bảng","335","Huyện Mai Châu","30","Hòa Bình"
"1828","Xã Cun Pheo","335","Huyện Mai Châu","30","Hòa Bình"
"1829","Xã Bao La","335","Huyện Mai Châu","30","Hòa Bình"
"1830","Xã Piềng Vế","335","Huyện Mai Châu","30","Hòa Bình"
"1831","Xã Tòng Đậu","335","Huyện Mai Châu","30","Hòa Bình"
"1832","Xã Nà Mèo","335","Huyện Mai Châu","30","Hòa Bình"
"1833","Xã Thung Khe","335","Huyện Mai Châu","30","Hòa Bình"
"1834","Xã Nà Phòn","335","Huyện Mai Châu","30","Hòa Bình"
"1835","Xã Săm Khóe","335","Huyện Mai Châu","30","Hòa Bình"
"1836","Xã Chiềng Châu","335","Huyện Mai Châu","30","Hòa Bình"
"1837","Xã Mai Hạ","335","Huyện Mai Châu","30","Hòa Bình"
"1838","Xã Nong Luông","335","Huyện Mai Châu","30","Hòa Bình"
"1839","Xã Mai Hịch","335","Huyện Mai Châu","30","Hòa Bình"
"1840","Xã Pù Pin","335","Huyện Mai Châu","30","Hòa Bình"
"1841","Xã Vạn Mai","335","Huyện Mai Châu","30","Hòa Bình"
"1842","Thị trấn Vụ Bản","333","Huyện Lạc Sơn","30","Hòa Bình"
"1843","Xã Quý Hòa","333","Huyện Lạc Sơn","30","Hòa Bình"
"1844","Xã Miền Đồi","333","Huyện Lạc Sơn","30","Hòa Bình"
"1845","Xã Mỹ Thành","333","Huyện Lạc Sơn","30","Hòa Bình"
"1846","Xã Tuân Đạo","333","Huyện Lạc Sơn","30","Hòa Bình"
"1847","Xã Văn Nghĩa","333","Huyện Lạc Sơn","30","Hòa Bình"
"1848","Xã Văn Sơn","333","Huyện Lạc Sơn","30","Hòa Bình"
"1849","Xã Tân Lập","333","Huyện Lạc Sơn","30","Hòa Bình"
"1850","Xã Nhân Nghĩa","333","Huyện Lạc Sơn","30","Hòa Bình"
"1851","Xã Thượng Cốc","333","Huyện Lạc Sơn","30","Hòa Bình"
"1852","Xã Phú Lương","333","Huyện Lạc Sơn","30","Hòa Bình"
"1853","Xã Phúc Tuy","333","Huyện Lạc Sơn","30","Hòa Bình"
"1854","Xã Xuất Hóa","333","Huyện Lạc Sơn","30","Hòa Bình"
"1855","Xã Yên Phú","333","Huyện Lạc Sơn","30","Hòa Bình"
"1856","Xã Bình Hẻm","333","Huyện Lạc Sơn","30","Hòa Bình"
"1857","Xã Chí Thiện","333","Huyện Lạc Sơn","30","Hòa Bình"
"1858","Xã Bình Cảng","333","Huyện Lạc Sơn","30","Hòa Bình"
"1859","Xã Bình Chân","333","Huyện Lạc Sơn","30","Hòa Bình"
"1860","Xã Định Cư","333","Huyện Lạc Sơn","30","Hòa Bình"
"1861","Xã Chí Đạo","333","Huyện Lạc Sơn","30","Hòa Bình"
"1862","Xã Liên Vũ","333","Huyện Lạc Sơn","30","Hòa Bình"
"1863","Xã Ngọc Sơn","333","Huyện Lạc Sơn","30","Hòa Bình"
"1864","Xã Hương Nhượng","333","Huyện Lạc Sơn","30","Hòa Bình"
"1865","Xã Vũ Lâm","333","Huyện Lạc Sơn","30","Hòa Bình"
"1866","Xã Tự Do","333","Huyện Lạc Sơn","30","Hòa Bình"
"1867","Xã Yên Nghiệp","333","Huyện Lạc Sơn","30","Hòa Bình"
"1868","Xã Tân Mỹ","333","Huyện Lạc Sơn","30","Hòa Bình"
"1869","Xã Ân Nghĩa","333","Huyện Lạc Sơn","30","Hòa Bình"
"1870","Xã Ngọc Lâu","333","Huyện Lạc Sơn","30","Hòa Bình"
"1871","Thị trấn Hàng Trạm","337","Huyện Yên Thủy","30","Hòa Bình"
"1872","Xã Lạc Sỹ","337","Huyện Yên Thủy","30","Hòa Bình"
"1873","Xã Lạc Hưng","337","Huyện Yên Thủy","30","Hòa Bình"
"1874","Xã Lạc Lương","337","Huyện Yên Thủy","30","Hòa Bình"
"1875","Xã Bảo Hiệu","337","Huyện Yên Thủy","30","Hòa Bình"
"1876","Xã Đa Phúc","337","Huyện Yên Thủy","30","Hòa Bình"
"1877","Xã Hữu Lợi","337","Huyện Yên Thủy","30","Hòa Bình"
"1878","Xã Lạc Thịnh","337","Huyện Yên Thủy","30","Hòa Bình"
"1879","Xã Yên Lạc","337","Huyện Yên Thủy","30","Hòa Bình"
"1880","Xã Đoàn Kết","337","Huyện Yên Thủy","30","Hòa Bình"
"1881","Xã Phú Lai","337","Huyện Yên Thủy","30","Hòa Bình"
"1882","Xã Yên Trị","337","Huyện Yên Thủy","30","Hòa Bình"
"1883","Xã Ngọc Lương","337","Huyện Yên Thủy","30","Hòa Bình"
"1884","Thị trấn Chi Nê","334","Huyện Lạc Thủy","30","Hòa Bình"
"1885","Xã Phú Lão","334","Huyện Lạc Thủy","30","Hòa Bình"
"1886","Xã Phú Thành","334","Huyện Lạc Thủy","30","Hòa Bình"
"1887","Xã Cố Nghĩa","334","Huyện Lạc Thủy","30","Hòa Bình"
"1888","Xã Hưng Thi","334","Huyện Lạc Thủy","30","Hòa Bình"
"1889","Xã Lạc Long","334","Huyện Lạc Thủy","30","Hòa Bình"
"1890","Xã Liên Hòa","334","Huyện Lạc Thủy","30","Hòa Bình"
"1891","Xã Khoan Dụ","334","Huyện Lạc Thủy","30","Hòa Bình"
"1892","Xã Đồng Môn","334","Huyện Lạc Thủy","30","Hòa Bình"
"1893","Xã Đồng Tâm","334","Huyện Lạc Thủy","30","Hòa Bình"
"1894","Xã Yên Bồng","334","Huyện Lạc Thủy","30","Hòa Bình"
"1895","Xã An Lạc","334","Huyện Lạc Thủy","30","Hòa Bình"
"1896","Xã An Bình","334","Huyện Lạc Thủy","30","Hòa Bình"
"1897","Phường Quán Triều","593","Thành phố Thái Nguyên","55","Thái Nguyên"
"1898","Phường Quang Vinh","593","Thành phố Thái Nguyên","55","Thái Nguyên"
"1899","Phường Túc Duyên","593","Thành phố Thái Nguyên","55","Thái Nguyên"
"1900","Phường Hoàng Văn Thụ","593","Thành phố Thái Nguyên","55","Thái Nguyên"
"1901","Phường Trưng Vương","593","Thành phố Thái Nguyên","55","Thái Nguyên"
"1902","Phường Quang Trung","593","Thành phố Thái Nguyên","55","Thái Nguyên"
"1903","Phường Phan Đình Phùng","593","Thành phố Thái Nguyên","55","Thái Nguyên"
"1904","Phường Tân Thịnh","593","Thành phố Thái Nguyên","55","Thái Nguyên"
"1905","Phường Thịnh Đán","593","Thành phố Thái Nguyên","55","Thái Nguyên"
"1906","Phường Đồng Quang","593","Thành phố Thái Nguyên","55","Thái Nguyên"
"1907","Phường Gia Sàng","593","Thành phố Thái Nguyên","55","Thái Nguyên"
"1908","Phường Tân Lập","593","Thành phố Thái Nguyên","55","Thái Nguyên"
"1909","Phường Cam Giá","593","Thành phố Thái Nguyên","55","Thái Nguyên"
"1910","Phường Phú Xá","593","Thành phố Thái Nguyên","55","Thái Nguyên"
"1911","Phường Hương Sơn","593","Thành phố Thái Nguyên","55","Thái Nguyên"
"1912","Phường Trung Thành","593","Thành phố Thái Nguyên","55","Thái Nguyên"
"1913","Phường Tân Thành","593","Thành phố Thái Nguyên","55","Thái Nguyên"
"1914","Phường Tân Long","593","Thành phố Thái Nguyên","55","Thái Nguyên"
"1915","Xã Phúc Hà","593","Thành phố Thái Nguyên","55","Thái Nguyên"
"1916","Xã Phúc Xuân","593","Thành phố Thái Nguyên","55","Thái Nguyên"
"1917","Xã Quyết Thắng","593","Thành phố Thái Nguyên","55","Thái Nguyên"
"1918","Xã Phúc Trìu","593","Thành phố Thái Nguyên","55","Thái Nguyên"
"1919","Xã Thịnh Đức","593","Thành phố Thái Nguyên","55","Thái Nguyên"
"1920","Phường Tích Lương","593","Thành phố Thái Nguyên","55","Thái Nguyên"
"1921","Xã Tân Cương","593","Thành phố Thái Nguyên","55","Thái Nguyên"
"1922","Phường Lương Sơn","594","Thành phố Sông Công","55","Thái Nguyên"
"1923","Phường Lương Châu","594","Thành phố Sông Công","55","Thái Nguyên"
"1924","Phường Mỏ Chè","594","Thành phố Sông Công","55","Thái Nguyên"
"1925","Phường Cải Đan","594","Thành phố Sông Công","55","Thái Nguyên"
"1926","Phường Thắng Lợi","594","Thành phố Sông Công","55","Thái Nguyên"
"1927","Phường Phố Cò","594","Thành phố Sông Công","55","Thái Nguyên"
"1928","Xã Vinh Sơn","594","Thành phố Sông Công","55","Thái Nguyên"
"1929","Xã Tân Quang","594","Thành phố Sông Công","55","Thái Nguyên"
"1930","Phường Bách Quang","594","Thành phố Sông Công","55","Thái Nguyên"
"1931","Xã Bình Sơn","594","Thành phố Sông Công","55","Thái Nguyên"
"1932","Xã Bá Xuyên","594","Thành phố Sông Công","55","Thái Nguyên"
"1933","Thị trấn Chợ Chu","599","Huyện Định Hóa","55","Thái Nguyên"
"1934","Xã Linh Thông","599","Huyện Định Hóa","55","Thái Nguyên"
"1935","Xã Lam Vỹ","599","Huyện Định Hóa","55","Thái Nguyên"
"1936","Xã Quy Kỳ","599","Huyện Định Hóa","55","Thái Nguyên"
"1937","Xã Tân Thịnh","599","Huyện Định Hóa","55","Thái Nguyên"
"1938","Xã Kim Phượng","599","Huyện Định Hóa","55","Thái Nguyên"
"1939","Xã Bảo Linh","599","Huyện Định Hóa","55","Thái Nguyên"
"1940","Xã Kim Sơn","599","Huyện Định Hóa","55","Thái Nguyên"
"1941","Xã Phúc Chu","599","Huyện Định Hóa","55","Thái Nguyên"
"1942","Xã Tân Dương","599","Huyện Định Hóa","55","Thái Nguyên"
"1943","Xã Phượng Tiến","599","Huyện Định Hóa","55","Thái Nguyên"
"1944","Xã Bảo Cường","599","Huyện Định Hóa","55","Thái Nguyên"
"1945","Xã Đồng Thịnh","599","Huyện Định Hóa","55","Thái Nguyên"
"1946","Xã Định Biên","599","Huyện Định Hóa","55","Thái Nguyên"
"1947","Xã Thanh Định","599","Huyện Định Hóa","55","Thái Nguyên"
"1948","Xã Trung Hội","599","Huyện Định Hóa","55","Thái Nguyên"
"1949","Xã Trung Lương","599","Huyện Định Hóa","55","Thái Nguyên"
"1950","Xã Bình Yên","599","Huyện Định Hóa","55","Thái Nguyên"
"1951","Xã Điềm Mặc","599","Huyện Định Hóa","55","Thái Nguyên"
"1952","Xã Phú Tiến","599","Huyện Định Hóa","55","Thái Nguyên"
"1953","Xã Bộc Nhiêu","599","Huyện Định Hóa","55","Thái Nguyên"
"1954","Xã Sơn Phú","599","Huyện Định Hóa","55","Thái Nguyên"
"1955","Xã Phú Đình","599","Huyện Định Hóa","55","Thái Nguyên"
"1956","Xã Bình Thành","599","Huyện Định Hóa","55","Thái Nguyên"
"1957","Thị trấn Giang Tiên","601","Huyện Phú Lương","55","Thái Nguyên"
"1958","Thị trấn Đu","601","Huyện Phú Lương","55","Thái Nguyên"
"1959","Xã Yên Ninh","601","Huyện Phú Lương","55","Thái Nguyên"
"1960","Xã Yên Trạch","601","Huyện Phú Lương","55","Thái Nguyên"
"1961","Xã Yên Đổ","601","Huyện Phú Lương","55","Thái Nguyên"
"1962","Xã Yên Lạc","601","Huyện Phú Lương","55","Thái Nguyên"
"1963","Xã Ôn Lương","601","Huyện Phú Lương","55","Thái Nguyên"
"1964","Xã Động Đạt","601","Huyện Phú Lương","55","Thái Nguyên"
"1965","Xã Phủ Lý","601","Huyện Phú Lương","55","Thái Nguyên"
"1966","Xã Phú Đô","601","Huyện Phú Lương","55","Thái Nguyên"
"1967","Xã Hợp Thành","601","Huyện Phú Lương","55","Thái Nguyên"
"1968","Xã Tức Tranh","601","Huyện Phú Lương","55","Thái Nguyên"
"1969","Xã Phấn Mễ","601","Huyện Phú Lương","55","Thái Nguyên"
"1970","Xã Vô Tranh","601","Huyện Phú Lương","55","Thái Nguyên"
"1971","Xã Cổ Lũng","601","Huyện Phú Lương","55","Thái Nguyên"
"1972","Xã Sơn Cẩm","593","Thành phố Thái Nguyên","55","Thái Nguyên"
"1973","Thị trấn Sông Cầu","597","Huyện Đồng Hỷ","55","Thái Nguyên"
"1974","Phường Chùa Hang","593","Thành phố Thái Nguyên","55","Thái Nguyên"
"1975","Thị trấn Trại Cau","597","Huyện Đồng Hỷ","55","Thái Nguyên"
"1976","Xã Văn Lăng","597","Huyện Đồng Hỷ","55","Thái Nguyên"
"1977","Xã Tân Long","597","Huyện Đồng Hỷ","55","Thái Nguyên"
"1978","Xã Hòa Bình","597","Huyện Đồng Hỷ","55","Thái Nguyên"
"1979","Xã Quang Sơn","597","Huyện Đồng Hỷ","55","Thái Nguyên"
"1980","Xã Minh Lập","597","Huyện Đồng Hỷ","55","Thái Nguyên"
"1981","Xã Văn Hán","597","Huyện Đồng Hỷ","55","Thái Nguyên"
"1982","Xã Hóa Trung","597","Huyện Đồng Hỷ","55","Thái Nguyên"
"1983","Xã Khe Mo","597","Huyện Đồng Hỷ","55","Thái Nguyên"
"1984","Xã Cây Thị","597","Huyện Đồng Hỷ","55","Thái Nguyên"
"1985","Xã Hóa Thượng","597","Huyện Đồng Hỷ","55","Thái Nguyên"
"1986","Xã Cao Ngạn","593","Thành phố Thái Nguyên","55","Thái Nguyên"
"1987","Xã Hợp Tiến","597","Huyện Đồng Hỷ","55","Thái Nguyên"
"1988","Xã Linh Sơn","593","Thành phố Thái Nguyên","55","Thái Nguyên"
"1989","Xã Tân Lợi","597","Huyện Đồng Hỷ","55","Thái Nguyên"
"1990","Xã Nam Hòa","597","Huyện Đồng Hỷ","55","Thái Nguyên"
"1991","Phường Đồng Bẩm","593","Thành phố Thái Nguyên","55","Thái Nguyên"
"1992","Xã Huống Thượng","593","Thành phố Thái Nguyên","55","Thái Nguyên"
"1993","Thị trấn Đình Cả","598","Huyện Võ Nhai","55","Thái Nguyên"
"1994","Xã Sảng Mộc","598","Huyện Võ Nhai","55","Thái Nguyên"
"1995","Xã Nghinh Tường","598","Huyện Võ Nhai","55","Thái Nguyên"
"1996","Xã Thần Xa","598","Huyện Võ Nhai","55","Thái Nguyên"
"1997","Xã Vũ Chấn","598","Huyện Võ Nhai","55","Thái Nguyên"
"1998","Xã Thượng Nung","598","Huyện Võ Nhai","55","Thái Nguyên"
"1999","Xã Phú Thượng","598","Huyện Võ Nhai","55","Thái Nguyên"
"2000","Xã Cúc Đường","598","Huyện Võ Nhai","55","Thái Nguyên"
"2001","Xã La Hiên","598","Huyện Võ Nhai","55","Thái Nguyên"
"2002","Xã Lâu Thượng","598","Huyện Võ Nhai","55","Thái Nguyên"
"2003","Xã Tràng Xá","598","Huyện Võ Nhai","55","Thái Nguyên"
"2004","Xã Phương Giao","598","Huyện Võ Nhai","55","Thái Nguyên"
"2005","Xã Liên Minh","598","Huyện Võ Nhai","55","Thái Nguyên"
"2006","Xã Dân Tiến","598","Huyện Võ Nhai","55","Thái Nguyên"
"2007","Xã Bình Long","598","Huyện Võ Nhai","55","Thái Nguyên"
"2008","Thị trấn Hùng Sơn","600","Huyện Đại Từ","55","Thái Nguyên"
"2009","Thị trấn Quân Chu","600","Huyện Đại Từ","55","Thái Nguyên"
"2010","Xã Phúc Lương","600","Huyện Đại Từ","55","Thái Nguyên"
"2011","Xã Minh Tiến","600","Huyện Đại Từ","55","Thái Nguyên"
"2012","Xã Yên Lãng","600","Huyện Đại Từ","55","Thái Nguyên"
"2013","Xã Đức Lương","600","Huyện Đại Từ","55","Thái Nguyên"
"2014","Xã Phú Cường","600","Huyện Đại Từ","55","Thái Nguyên"
"2015","Xã Na Mao","600","Huyện Đại Từ","55","Thái Nguyên"
"2016","Xã Phú Lạc","600","Huyện Đại Từ","55","Thái Nguyên"
"2017","Xã Tân Linh","600","Huyện Đại Từ","55","Thái Nguyên"
"2018","Xã Phú Thịnh","600","Huyện Đại Từ","55","Thái Nguyên"
"2019","Xã Phục Linh","600","Huyện Đại Từ","55","Thái Nguyên"
"2020","Xã Phú Xuyên","600","Huyện Đại Từ","55","Thái Nguyên"
"2021","Xã Bản Ngoại","600","Huyện Đại Từ","55","Thái Nguyên"
"2022","Xã Tiên Hội","600","Huyện Đại Từ","55","Thái Nguyên"
"2023","Xã Cù Vân","600","Huyện Đại Từ","55","Thái Nguyên"
"2024","Xã Hà Thượng","600","Huyện Đại Từ","55","Thái Nguyên"
"2025","Xã La Bằng","600","Huyện Đại Từ","55","Thái Nguyên"
"2026","Xã Hoàng Nông","600","Huyện Đại Từ","55","Thái Nguyên"
"2027","Xã Khôi Kỳ","600","Huyện Đại Từ","55","Thái Nguyên"
"2028","Xã An Khánh","600","Huyện Đại Từ","55","Thái Nguyên"
"2029","Xã Tân Thái","600","Huyện Đại Từ","55","Thái Nguyên"
"2030","Xã Bình Thuận","600","Huyện Đại Từ","55","Thái Nguyên"
"2031","Xã Lục Ba","600","Huyện Đại Từ","55","Thái Nguyên"
"2032","Xã Mỹ Yên","600","Huyện Đại Từ","55","Thái Nguyên"
"2033","Xã Vạn Thọ","600","Huyện Đại Từ","55","Thái Nguyên"
"2034","Xã Văn Yên","600","Huyện Đại Từ","55","Thái Nguyên"
"2035","Xã Ký Phú","600","Huyện Đại Từ","55","Thái Nguyên"
"2036","Xã Cát Nê","600","Huyện Đại Từ","55","Thái Nguyên"
"2037","Xã Quân Chu","600","Huyện Đại Từ","55","Thái Nguyên"
"2038","Phường Bãi Bông","595","Thị xã Phổ Yên","55","Thái Nguyên"
"2039","Phường Bắc Sơn","595","Thị xã Phổ Yên","55","Thái Nguyên"
"2040","Phường Ba Hàng","595","Thị xã Phổ Yên","55","Thái Nguyên"
"2041","Xã Phúc Tân","595","Thị xã Phổ Yên","55","Thái Nguyên"
"2042","Xã Phúc Thuận","595","Thị xã Phổ Yên","55","Thái Nguyên"
"2043","Xã Hồng Tiến","595","Thị xã Phổ Yên","55","Thái Nguyên"
"2044","Xã Minh Đức","595","Thị xã Phổ Yên","55","Thái Nguyên"
"2045","Xã Đắc Sơn","595","Thị xã Phổ Yên","55","Thái Nguyên"
"2046","Phường Đồng Tiến","595","Thị xã Phổ Yên","55","Thái Nguyên"
"2047","Xã Thành Công","595","Thị xã Phổ Yên","55","Thái Nguyên"
"2048","Xã Tiên Phong","595","Thị xã Phổ Yên","55","Thái Nguyên"
"2049","Xã Vạn Phái","595","Thị xã Phổ Yên","55","Thái Nguyên"
"2050","Xã Nam Tiến","595","Thị xã Phổ Yên","55","Thái Nguyên"
"2051","Xã Tân Hương","595","Thị xã Phổ Yên","55","Thái Nguyên"
"2052","Xã Đông Cao","595","Thị xã Phổ Yên","55","Thái Nguyên"
"2053","Xã Trung Thành","595","Thị xã Phổ Yên","55","Thái Nguyên"
"2054","Xã Tân Phú","595","Thị xã Phổ Yên","55","Thái Nguyên"
"2055","Xã Thuận Thành","595","Thị xã Phổ Yên","55","Thái Nguyên"
"2056","Thị trấn Hương Sơn","596","Huyện Phú Bình","55","Thái Nguyên"
"2057","Xã Bàn Đạt","596","Huyện Phú Bình","55","Thái Nguyên"
"2058","Xã Đồng Liên","593","Thành phố Thái Nguyên","55","Thái Nguyên"
"2059","Xã Tân Khánh","596","Huyện Phú Bình","55","Thái Nguyên"
"2060","Xã Tân Kim","596","Huyện Phú Bình","55","Thái Nguyên"
"2061","Xã Tân Thành","596","Huyện Phú Bình","55","Thái Nguyên"
"2062","Xã Đào Xá","596","Huyện Phú Bình","55","Thái Nguyên"
"2063","Xã Bảo Lý","596","Huyện Phú Bình","55","Thái Nguyên"
"2064","Xã Thượng Đình","596","Huyện Phú Bình","55","Thái Nguyên"
"2065","Xã Tân Hòa","596","Huyện Phú Bình","55","Thái Nguyên"
"2066","Xã Nhã Lộng","596","Huyện Phú Bình","55","Thái Nguyên"
"2067","Xã Điềm Thụy","596","Huyện Phú Bình","55","Thái Nguyên"
"2068","Xã Xuân Phương","596","Huyện Phú Bình","55","Thái Nguyên"
"2069","Xã Tân Đức","596","Huyện Phú Bình","55","Thái Nguyên"
"2070","Xã Úc Kỳ","596","Huyện Phú Bình","55","Thái Nguyên"
"2071","Xã Lương Phú","596","Huyện Phú Bình","55","Thái Nguyên"
"2072","Xã Nga My","596","Huyện Phú Bình","55","Thái Nguyên"
"2073","Xã Kha Sơn","596","Huyện Phú Bình","55","Thái Nguyên"
"2074","Xã Thanh Ninh","596","Huyện Phú Bình","55","Thái Nguyên"
"2075","Xã Dương Thành","596","Huyện Phú Bình","55","Thái Nguyên"
"2076","Xã Hà Châu","596","Huyện Phú Bình","55","Thái Nguyên"
"2077","Phường Hoàng Văn Thụ","388","Thành phố Lạng Sơn","37","Lạng Sơn"
"2078","Phường Tam Thanh","388","Thành phố Lạng Sơn","37","Lạng Sơn"
"2079","Phường Vĩnh Trại","388","Thành phố Lạng Sơn","37","Lạng Sơn"
"2080","Phường Đông Kinh","388","Thành phố Lạng Sơn","37","Lạng Sơn"
"2081","Phường Chi Lăng","388","Thành phố Lạng Sơn","37","Lạng Sơn"
"2082","Xã Hoàng Đồng","388","Thành phố Lạng Sơn","37","Lạng Sơn"
"2083","Xã Quảng Lạc","388","Thành phố Lạng Sơn","37","Lạng Sơn"
"2084","Xã Mai Pha","388","Thành phố Lạng Sơn","37","Lạng Sơn"
"2085","Thị trấn Thất Khê","389","Huyện Tràng Định","37","Lạng Sơn"
"2086","Xã Khánh Long","389","Huyện Tràng Định","37","Lạng Sơn"
"2087","Xã Đoàn Kết","389","Huyện Tràng Định","37","Lạng Sơn"
"2088","Xã Quốc Khánh","389","Huyện Tràng Định","37","Lạng Sơn"
"2089","Xã Vĩnh Tiến","389","Huyện Tràng Định","37","Lạng Sơn"
"2090","Xã Cao Minh","389","Huyện Tràng Định","37","Lạng Sơn"
"2091","Xã Chí Minh","389","Huyện Tràng Định","37","Lạng Sơn"
"2092","Xã Tri Phương","389","Huyện Tràng Định","37","Lạng Sơn"
"2093","Xã Tân Tiến","389","Huyện Tràng Định","37","Lạng Sơn"
"2094","Xã Tân Yên","389","Huyện Tràng Định","37","Lạng Sơn"
"2095","Xã Đội Cấn","389","Huyện Tràng Định","37","Lạng Sơn"
"2096","Xã Tân Minh","389","Huyện Tràng Định","37","Lạng Sơn"
"2097","Xã Kim Đồng","389","Huyện Tràng Định","37","Lạng Sơn"
"2098","Xã Chi Lăng","389","Huyện Tràng Định","37","Lạng Sơn"
"2099","Xã Trung Thành","389","Huyện Tràng Định","37","Lạng Sơn"
"2100","Xã Đại Đồng","389","Huyện Tràng Định","37","Lạng Sơn"
"2101","Xã Đào Viên","389","Huyện Tràng Định","37","Lạng Sơn"
"2102","Xã Đề Thám","389","Huyện Tràng Định","37","Lạng Sơn"
"2103","Xã Kháng Chiến","389","Huyện Tràng Định","37","Lạng Sơn"
"2104","Xã Bắc Ái","389","Huyện Tràng Định","37","Lạng Sơn"
"2105","Xã Hùng Sơn","389","Huyện Tràng Định","37","Lạng Sơn"
"2106","Xã Quốc Việt","389","Huyện Tràng Định","37","Lạng Sơn"
"2107","Xã Hùng Việt","389","Huyện Tràng Định","37","Lạng Sơn"
"2108","Thị trấn Bình Gia","392","Huyện Bình Gia","37","Lạng Sơn"
"2109","Xã Hưng Đạo","392","Huyện Bình Gia","37","Lạng Sơn"
"2110","Xã Vĩnh Yên","392","Huyện Bình Gia","37","Lạng Sơn"
"2111","Xã Hoa Thám","392","Huyện Bình Gia","37","Lạng Sơn"
"2112","Xã Quý Hòa","392","Huyện Bình Gia","37","Lạng Sơn"
"2113","Xã Hồng Phong","392","Huyện Bình Gia","37","Lạng Sơn"
"2114","Xã Yên Lỗ","392","Huyện Bình Gia","37","Lạng Sơn"
"2115","Xã Thiện Hòa","392","Huyện Bình Gia","37","Lạng Sơn"
"2116","Xã Quang Trung","392","Huyện Bình Gia","37","Lạng Sơn"
"2117","Xã Thiện Thuật","392","Huyện Bình Gia","37","Lạng Sơn"
"2118","Xã Minh Khai","392","Huyện Bình Gia","37","Lạng Sơn"
"2119","Xã Thiện Long","392","Huyện Bình Gia","37","Lạng Sơn"
"2120","Xã Hoàng Văn Thụ","392","Huyện Bình Gia","37","Lạng Sơn"
"2121","Xã Hòa Bình","392","Huyện Bình Gia","37","Lạng Sơn"
"2122","Xã Mông Ân","392","Huyện Bình Gia","37","Lạng Sơn"
"2123","Xã Tân Hòa","392","Huyện Bình Gia","37","Lạng Sơn"
"2124","Xã Tô Hiệu","392","Huyện Bình Gia","37","Lạng Sơn"
"2125","Xã Hồng Thái","392","Huyện Bình Gia","37","Lạng Sơn"
"2126","Xã Bình La","392","Huyện Bình Gia","37","Lạng Sơn"
"2127","Xã Tân Văn","392","Huyện Bình Gia","37","Lạng Sơn"
"2128","Thị trấn Na Sầm","390","Huyện Văn Lãng","37","Lạng Sơn"
"2129","Xã Trùng Khánh","390","Huyện Văn Lãng","37","Lạng Sơn"
"2130","Xã Tân Việt","390","Huyện Văn Lãng","37","Lạng Sơn"
"2131","Xã Bắc La","390","Huyện Văn Lãng","37","Lạng Sơn"
"2132","Xã Thụy Hùng","390","Huyện Văn Lãng","37","Lạng Sơn"
"2133","Xã Trùng Quán","390","Huyện Văn Lãng","37","Lạng Sơn"
"2134","Xã Tân Tác","390","Huyện Văn Lãng","37","Lạng Sơn"
"2135","Xã An Hùng","390","Huyện Văn Lãng","37","Lạng Sơn"
"2136","Xã Thanh Long","390","Huyện Văn Lãng","37","Lạng Sơn"
"2137","Xã Hội Hoan","390","Huyện Văn Lãng","37","Lạng Sơn"
"2138","Xã Tân Lang","390","Huyện Văn Lãng","37","Lạng Sơn"
"2139","Xã Hoàng Việt","390","Huyện Văn Lãng","37","Lạng Sơn"
"2140","Xã Gia Miễn","390","Huyện Văn Lãng","37","Lạng Sơn"
"2141","Xã Thành Hòa","390","Huyện Văn Lãng","37","Lạng Sơn"
"2142","Xã Tân Thanh","390","Huyện Văn Lãng","37","Lạng Sơn"
"2143","Xã Nam La","390","Huyện Văn Lãng","37","Lạng Sơn"
"2144","Xã Tân Mỹ","390","Huyện Văn Lãng","37","Lạng Sơn"
"2145","Xã Hồng Thái","390","Huyện Văn Lãng","37","Lạng Sơn"
"2146","Xã Hoàng Văn Thụ","390","Huyện Văn Lãng","37","Lạng Sơn"
"2147","Xã Nhạc Kỳ","390","Huyện Văn Lãng","37","Lạng Sơn"
"2148","Thị trấn Đồng Đăng","396","Huyện Cao Lộc","37","Lạng Sơn"
"2149","Thị trấn Cao Lộc","396","Huyện Cao Lộc","37","Lạng Sơn"
"2150","Xã Bảo Lâm","396","Huyện Cao Lộc","37","Lạng Sơn"
"2151","Xã Thanh Lòa","396","Huyện Cao Lộc","37","Lạng Sơn"
"2152","Xã Cao Lâu","396","Huyện Cao Lộc","37","Lạng Sơn"
"2153","Xã Thạch Đạn","396","Huyện Cao Lộc","37","Lạng Sơn"
"2154","Xã Xuất Lễ","396","Huyện Cao Lộc","37","Lạng Sơn"
"2155","Xã Hồng Phong","396","Huyện Cao Lộc","37","Lạng Sơn"
"2156","Xã Thụy Hùng","396","Huyện Cao Lộc","37","Lạng Sơn"
"2157","Xã Lộc Yên","396","Huyện Cao Lộc","37","Lạng Sơn"
"2158","Xã Phú Xá","396","Huyện Cao Lộc","37","Lạng Sơn"
"2159","Xã Bình Trung","396","Huyện Cao Lộc","37","Lạng Sơn"
"2160","Xã Hải Yến","396","Huyện Cao Lộc","37","Lạng Sơn"
"2161","Xã Hòa Cư","396","Huyện Cao Lộc","37","Lạng Sơn"
"2162","Xã Hợp Thành","396","Huyện Cao Lộc","37","Lạng Sơn"
"2163","Xã Song Giáp","396","Huyện Cao Lộc","37","Lạng Sơn"
"2164","Xã Công Sơn","396","Huyện Cao Lộc","37","Lạng Sơn"
"2165","Xã Gia Cát","396","Huyện Cao Lộc","37","Lạng Sơn"
"2166","Xã Mẫu Sơn","396","Huyện Cao Lộc","37","Lạng Sơn"
"2167","Xã Xuân Long","396","Huyện Cao Lộc","37","Lạng Sơn"
"2168","Xã Tân Liên","396","Huyện Cao Lộc","37","Lạng Sơn"
"2169","Xã Yên Trạch","396","Huyện Cao Lộc","37","Lạng Sơn"
"2170","Xã Tân Thành","396","Huyện Cao Lộc","37","Lạng Sơn"
"2171","Thị trấn Văn Quan","391","Huyện Văn Quan","37","Lạng Sơn"
"2172","Xã Trấn Ninh","391","Huyện Văn Quan","37","Lạng Sơn"
"2173","Xã Phú Mỹ","391","Huyện Văn Quan","37","Lạng Sơn"
"2174","Xã Việt Yên","391","Huyện Văn Quan","37","Lạng Sơn"
"2175","Xã Song Giang","391","Huyện Văn Quan","37","Lạng Sơn"
"2176","Xã Vân Mộng","391","Huyện Văn Quan","37","Lạng Sơn"
"2177","Xã Vĩnh Lại","391","Huyện Văn Quan","37","Lạng Sơn"
"2178","Xã Hòa Bình","391","Huyện Văn Quan","37","Lạng Sơn"
"2179","Xã Tú Xuyên","391","Huyện Văn Quan","37","Lạng Sơn"
"2180","Xã Văn An","391","Huyện Văn Quan","37","Lạng Sơn"
"2181","Xã Đại An","391","Huyện Văn Quan","37","Lạng Sơn"
"2182","Xã Khánh Khê","391","Huyện Văn Quan","37","Lạng Sơn"
"2183","Xã Chu Túc","391","Huyện Văn Quan","37","Lạng Sơn"
"2184","Xã Lương Năng","391","Huyện Văn Quan","37","Lạng Sơn"
"2185","Xã Đồng Giáp","391","Huyện Văn Quan","37","Lạng Sơn"
"2186","Xã Xuân Mai","391","Huyện Văn Quan","37","Lạng Sơn"
"2187","Xã Tràng Các","391","Huyện Văn Quan","37","Lạng Sơn"
"2188","Xã Tràng Sơn","391","Huyện Văn Quan","37","Lạng Sơn"
"2189","Xã Tân Đoàn","391","Huyện Văn Quan","37","Lạng Sơn"
"2190","Xã Bình Phúc","391","Huyện Văn Quan","37","Lạng Sơn"
"2191","Xã Tri Lễ","391","Huyện Văn Quan","37","Lạng Sơn"
"2192","Xã Tràng Phái","391","Huyện Văn Quan","37","Lạng Sơn"
"2193","Xã Yên Phúc","391","Huyện Văn Quan","37","Lạng Sơn"
"2194","Xã Hữu Lễ","391","Huyện Văn Quan","37","Lạng Sơn"
"2195","Thị trấn Bắc Sơn","393","Huyện Bắc Sơn","37","Lạng Sơn"
"2196","Xã Long Đống","393","Huyện Bắc Sơn","37","Lạng Sơn"
"2197","Xã Vạn Thủy","393","Huyện Bắc Sơn","37","Lạng Sơn"
"2198","Xã Quỳnh Sơn","393","Huyện Bắc Sơn","37","Lạng Sơn"
"2199","Xã Đồng ý","393","Huyện Bắc Sơn","37","Lạng Sơn"
"2200","Xã Tân Tri","393","Huyện Bắc Sơn","37","Lạng Sơn"
"2201","Xã Bắc Sơn","393","Huyện Bắc Sơn","37","Lạng Sơn"
"2202","Xã Hữu Vĩnh","393","Huyện Bắc Sơn","37","Lạng Sơn"
"2203","Xã Hưng Vũ","393","Huyện Bắc Sơn","37","Lạng Sơn"
"2204","Xã Tân Lập","393","Huyện Bắc Sơn","37","Lạng Sơn"
"2205","Xã Vũ Sơn","393","Huyện Bắc Sơn","37","Lạng Sơn"
"2206","Xã Chiêu Vũ","393","Huyện Bắc Sơn","37","Lạng Sơn"
"2207","Xã Tân Hương","393","Huyện Bắc Sơn","37","Lạng Sơn"
"2208","Xã Chiến Thắng","393","Huyện Bắc Sơn","37","Lạng Sơn"
"2209","Xã Vũ Lăng","393","Huyện Bắc Sơn","37","Lạng Sơn"
"2210","Xã Trấn Yên","393","Huyện Bắc Sơn","37","Lạng Sơn"
"2211","Xã Vũ Lễ","393","Huyện Bắc Sơn","37","Lạng Sơn"
"2212","Xã Nhất Hòa","393","Huyện Bắc Sơn","37","Lạng Sơn"
"2213","Xã Tân Thành","393","Huyện Bắc Sơn","37","Lạng Sơn"
"2214","Xã Nhất Tiến","393","Huyện Bắc Sơn","37","Lạng Sơn"
"2215","Thị trấn Hữu Lũng","394","Huyện Hữu Lũng","37","Lạng Sơn"
"2216","Xã Hữu Liên","394","Huyện Hữu Lũng","37","Lạng Sơn"
"2217","Xã Yên Bình","394","Huyện Hữu Lũng","37","Lạng Sơn"
"2218","Xã Quyết Thắng","394","Huyện Hữu Lũng","37","Lạng Sơn"
"2219","Xã Hòa Bình","394","Huyện Hữu Lũng","37","Lạng Sơn"
"2220","Xã Yên Thịnh","394","Huyện Hữu Lũng","37","Lạng Sơn"
"2221","Xã Yên Sơn","394","Huyện Hữu Lũng","37","Lạng Sơn"
"2222","Xã Thiện Kỵ","394","Huyện Hữu Lũng","37","Lạng Sơn"
"2223","Xã Tân Lập","394","Huyện Hữu Lũng","37","Lạng Sơn"
"2224","Xã Yên Vượng","394","Huyện Hữu Lũng","37","Lạng Sơn"
"2225","Xã Minh Tiến","394","Huyện Hữu Lũng","37","Lạng Sơn"
"2226","Xã Nhật Tiến","394","Huyện Hữu Lũng","37","Lạng Sơn"
"2227","Xã Thanh Sơn","394","Huyện Hữu Lũng","37","Lạng Sơn"
"2228","Xã Đồng Tân","394","Huyện Hữu Lũng","37","Lạng Sơn"
"2229","Xã Cai Kinh","394","Huyện Hữu Lũng","37","Lạng Sơn"
"2230","Xã Hòa Lạc","394","Huyện Hữu Lũng","37","Lạng Sơn"
"2231","Xã Vân Nham","394","Huyện Hữu Lũng","37","Lạng Sơn"
"2232","Xã Đồng Tiến","394","Huyện Hữu Lũng","37","Lạng Sơn"
"2233","Xã Đô Lương","394","Huyện Hữu Lũng","37","Lạng Sơn"
"2234","Xã Tân Thành","394","Huyện Hữu Lũng","37","Lạng Sơn"
"2235","Xã Hòa Sơn","394","Huyện Hữu Lũng","37","Lạng Sơn"
"2236","Xã Minh Sơn","394","Huyện Hữu Lũng","37","Lạng Sơn"
"2237","Xã Hồ Sơn","394","Huyện Hữu Lũng","37","Lạng Sơn"
"2238","Xã Sơn Hà","394","Huyện Hữu Lũng","37","Lạng Sơn"
"2239","Xã Minh Hòa","394","Huyện Hữu Lũng","37","Lạng Sơn"
"2240","Xã Hòa Thắng","394","Huyện Hữu Lũng","37","Lạng Sơn"
"2241","Thị trấn Đồng Mỏ","395","Huyện Chi Lăng","37","Lạng Sơn"
"2242","Thị trấn Chi Lăng","395","Huyện Chi Lăng","37","Lạng Sơn"
"2243","Xã Vân An","395","Huyện Chi Lăng","37","Lạng Sơn"
"2244","Xã Vân Thủy","395","Huyện Chi Lăng","37","Lạng Sơn"
"2245","Xã Gia Lộc","395","Huyện Chi Lăng","37","Lạng Sơn"
"2246","Xã Bắc Thủy","395","Huyện Chi Lăng","37","Lạng Sơn"
"2247","Xã Chiến Thắng","395","Huyện Chi Lăng","37","Lạng Sơn"
"2248","Xã Mai Sao","395","Huyện Chi Lăng","37","Lạng Sơn"
"2249","Xã Bằng Hữu","395","Huyện Chi Lăng","37","Lạng Sơn"
"2250","Xã Thượng Cường","395","Huyện Chi Lăng","37","Lạng Sơn"
"2251","Xã Bằng Mạc","395","Huyện Chi Lăng","37","Lạng Sơn"
"2252","Xã Nhân Lý","395","Huyện Chi Lăng","37","Lạng Sơn"
"2253","Xã Lâm Sơn","395","Huyện Chi Lăng","37","Lạng Sơn"
"2254","Xã Liên Sơn","395","Huyện Chi Lăng","37","Lạng Sơn"
"2255","Xã Vạn Linh","395","Huyện Chi Lăng","37","Lạng Sơn"
"2256","Xã Hòa Bình","395","Huyện Chi Lăng","37","Lạng Sơn"
"2257","Xã Quang Lang","395","Huyện Chi Lăng","37","Lạng Sơn"
"2258","Xã Hữu Kiên","395","Huyện Chi Lăng","37","Lạng Sơn"
"2259","Xã Quan Sơn","395","Huyện Chi Lăng","37","Lạng Sơn"
"2260","Xã Y Tịch","395","Huyện Chi Lăng","37","Lạng Sơn"
"2261","Xã Chi Lăng","395","Huyện Chi Lăng","37","Lạng Sơn"
"2262","Thị trấn Na Dương","397","Huyện Lộc Bình","37","Lạng Sơn"
"2263","Thị trấn Lộc Bình","397","Huyện Lộc Bình","37","Lạng Sơn"
"2264","Xã Mẫu Sơn","397","Huyện Lộc Bình","37","Lạng Sơn"
"2265","Xã Bằng Khánh","397","Huyện Lộc Bình","37","Lạng Sơn"
"2266","Xã Xuân Lễ","397","Huyện Lộc Bình","37","Lạng Sơn"
"2267","Xã Yên Khoái","397","Huyện Lộc Bình","37","Lạng Sơn"
"2268","Xã Xuân Mãn","397","Huyện Lộc Bình","37","Lạng Sơn"
"2269","Xã Tú Mịch","397","Huyện Lộc Bình","37","Lạng Sơn"
"2270","Xã Hữu Khánh","397","Huyện Lộc Bình","37","Lạng Sơn"
"2271","Xã Đồng Bục","397","Huyện Lộc Bình","37","Lạng Sơn"
"2272","Xã Vân Mộng","397","Huyện Lộc Bình","37","Lạng Sơn"
"2273","Xã Tam Gia","397","Huyện Lộc Bình","37","Lạng Sơn"
"2274","Xã Tú Đoạn","397","Huyện Lộc Bình","37","Lạng Sơn"
"2275","Xã Khuất Xá","397","Huyện Lộc Bình","37","Lạng Sơn"
"2276","Xã Như Khuê","397","Huyện Lộc Bình","37","Lạng Sơn"
"2277","Xã Lục Thôn","397","Huyện Lộc Bình","37","Lạng Sơn"
"2278","Xã Tĩnh Bắc","397","Huyện Lộc Bình","37","Lạng Sơn"
"2279","Xã Xuân Tình","397","Huyện Lộc Bình","37","Lạng Sơn"
"2280","Xã Hiệp Hạ","397","Huyện Lộc Bình","37","Lạng Sơn"
"2281","Xã Nhượng Bạn","397","Huyện Lộc Bình","37","Lạng Sơn"
"2282","Xã Quan Bản","397","Huyện Lộc Bình","37","Lạng Sơn"
"2283","Xã Sàn Viên","397","Huyện Lộc Bình","37","Lạng Sơn"
"2284","Xã Đông Quan","397","Huyện Lộc Bình","37","Lạng Sơn"
"2285","Xã Minh Phát","397","Huyện Lộc Bình","37","Lạng Sơn"
"2286","Xã Hữu Lân","397","Huyện Lộc Bình","37","Lạng Sơn"
"2287","Xã Lợi Bác","397","Huyện Lộc Bình","37","Lạng Sơn"
"2288","Xã Nam Quan","397","Huyện Lộc Bình","37","Lạng Sơn"
"2289","Xã Xuân Dương","397","Huyện Lộc Bình","37","Lạng Sơn"
"2290","Xã Ái Quốc","397","Huyện Lộc Bình","37","Lạng Sơn"
"2291","Thị trấn Đình Lập","398","Huyện Đình Lập","37","Lạng Sơn"
"2292","Thị trấn NT Thái Bình","398","Huyện Đình Lập","37","Lạng Sơn"
"2293","Xã Bắc Xa","398","Huyện Đình Lập","37","Lạng Sơn"
"2294","Xã Bính Xá","398","Huyện Đình Lập","37","Lạng Sơn"
"2295","Xã Kiên Mộc","398","Huyện Đình Lập","37","Lạng Sơn"
"2296","Xã Đình Lập","398","Huyện Đình Lập","37","Lạng Sơn"
"2297","Xã Thái Bình","398","Huyện Đình Lập","37","Lạng Sơn"
"2298","Xã Cường Lợi","398","Huyện Đình Lập","37","Lạng Sơn"
"2299","Xã Châu Sơn","398","Huyện Đình Lập","37","Lạng Sơn"
"2300","Xã Lâm Ca","398","Huyện Đình Lập","37","Lạng Sơn"
"2301","Xã Đồng Thắng","398","Huyện Đình Lập","37","Lạng Sơn"
"2302","Xã Bắc Lãng","398","Huyện Đình Lập","37","Lạng Sơn"
"2303","Phường Hà Khánh","530","Thành phố Hạ Long","49","Quảng Ninh"
"2304","Phường Hà Phong","530","Thành phố Hạ Long","49","Quảng Ninh"
"2305","Phường Hà Khẩu","530","Thành phố Hạ Long","49","Quảng Ninh"
"2306","Phường Cao Xanh","530","Thành phố Hạ Long","49","Quảng Ninh"
"2307","Phường Giếng Đáy","530","Thành phố Hạ Long","49","Quảng Ninh"
"2308","Phường Hà Tu","530","Thành phố Hạ Long","49","Quảng Ninh"
"2309","Phường Hà Trung","530","Thành phố Hạ Long","49","Quảng Ninh"
"2310","Phường Hà Lầm","530","Thành phố Hạ Long","49","Quảng Ninh"
"2311","Phường Bãi Cháy","530","Thành phố Hạ Long","49","Quảng Ninh"
"2312","Phường Cao Thắng","530","Thành phố Hạ Long","49","Quảng Ninh"
"2313","Phường Hùng Thắng","530","Thành phố Hạ Long","49","Quảng Ninh"
"2314","Phường Yết Kiêu","530","Thành phố Hạ Long","49","Quảng Ninh"
"2315","Phường Trần Hưng Đạo","530","Thành phố Hạ Long","49","Quảng Ninh"
"2316","Phường Hồng Hải","530","Thành phố Hạ Long","49","Quảng Ninh"
"2317","Phường Hồng Gai","530","Thành phố Hạ Long","49","Quảng Ninh"
"2318","Phường Bạch Đằng","530","Thành phố Hạ Long","49","Quảng Ninh"
"2319","Phường Hồng Hà","530","Thành phố Hạ Long","49","Quảng Ninh"
"2320","Phường Tuần Châu","530","Thành phố Hạ Long","49","Quảng Ninh"
"2321","Phường Việt Hưng","530","Thành phố Hạ Long","49","Quảng Ninh"
"2322","Phường Đại Yên","530","Thành phố Hạ Long","49","Quảng Ninh"
"2323","Phường Ka Long","531","Thành phố Móng Cái","49","Quảng Ninh"
"2324","Phường Trần Phú","531","Thành phố Móng Cái","49","Quảng Ninh"
"2325","Phường Ninh Dương","531","Thành phố Móng Cái","49","Quảng Ninh"
"2326","Phường Hòa Lạc","531","Thành phố Móng Cái","49","Quảng Ninh"
"2327","Phường Trà Cổ","531","Thành phố Móng Cái","49","Quảng Ninh"
"2328","Xã Hải Sơn","531","Thành phố Móng Cái","49","Quảng Ninh"
"2329","Xã Bắc Sơn","531","Thành phố Móng Cái","49","Quảng Ninh"
"2330","Xã Hải Đông","531","Thành phố Móng Cái","49","Quảng Ninh"
"2331","Xã Hải Tiến","531","Thành phố Móng Cái","49","Quảng Ninh"
"2332","Phường Hải Yên","531","Thành phố Móng Cái","49","Quảng Ninh"
"2333","Xã Quảng Nghĩa","531","Thành phố Móng Cái","49","Quảng Ninh"
"2334","Phường Hải Hòa","531","Thành phố Móng Cái","49","Quảng Ninh"
"2335","Xã Hải Xuân","531","Thành phố Móng Cái","49","Quảng Ninh"
"2336","Xã Vạn Ninh","531","Thành phố Móng Cái","49","Quảng Ninh"
"2337","Phường Bình Ngọc","531","Thành phố Móng Cái","49","Quảng Ninh"
"2338","Xã Vĩnh Trung","531","Thành phố Móng Cái","49","Quảng Ninh"
"2339","Xã Vĩnh Thực","531","Thành phố Móng Cái","49","Quảng Ninh"
"2340","Phường Mông Dương","532","Thành phố Cẩm Phả","49","Quảng Ninh"
"2341","Phường Cửa Ông","532","Thành phố Cẩm Phả","49","Quảng Ninh"
"2342","Phường Cẩm Sơn","532","Thành phố Cẩm Phả","49","Quảng Ninh"
"2343","Phường Cẩm Đông","532","Thành phố Cẩm Phả","49","Quảng Ninh"
"2344","Phường Cẩm Phú","532","Thành phố Cẩm Phả","49","Quảng Ninh"
"2345","Phường Cẩm Tây","532","Thành phố Cẩm Phả","49","Quảng Ninh"
"2346","Phường Quang Hanh","532","Thành phố Cẩm Phả","49","Quảng Ninh"
"2347","Phường Cẩm Thịnh","532","Thành phố Cẩm Phả","49","Quảng Ninh"
"2348","Phường Cẩm Thủy","532","Thành phố Cẩm Phả","49","Quảng Ninh"
"2349","Phường Cẩm Thạch","532","Thành phố Cẩm Phả","49","Quảng Ninh"
"2350","Phường Cẩm Thành","532","Thành phố Cẩm Phả","49","Quảng Ninh"
"2351","Phường Cẩm Trung","532","Thành phố Cẩm Phả","49","Quảng Ninh"
"2352","Phường Cẩm Bình","532","Thành phố Cẩm Phả","49","Quảng Ninh"
"2353","Xã Cộng Hòa","532","Thành phố Cẩm Phả","49","Quảng Ninh"
"2354","Xã Cẩm Hải","532","Thành phố Cẩm Phả","49","Quảng Ninh"
"2355","Xã Dương Huy","532","Thành phố Cẩm Phả","49","Quảng Ninh"
"2356","Phường Vàng Danh","533","Thành phố Uông Bí","49","Quảng Ninh"
"2357","Phường Thanh Sơn","533","Thành phố Uông Bí","49","Quảng Ninh"
"2358","Phường Bắc Sơn","533","Thành phố Uông Bí","49","Quảng Ninh"
"2359","Phường Quang Trung","533","Thành phố Uông Bí","49","Quảng Ninh"
"2360","Phường Trưng Vương","533","Thành phố Uông Bí","49","Quảng Ninh"
"2361","Phường Nam Khê","533","Thành phố Uông Bí","49","Quảng Ninh"
"2362","Phường Yên Thanh","533","Thành phố Uông Bí","49","Quảng Ninh"
"2363","Xã Thượng Yên Công","533","Thành phố Uông Bí","49","Quảng Ninh"
"2364","Phường Phương Đông","533","Thành phố Uông Bí","49","Quảng Ninh"
"2365","Phường Phương Nam","533","Thành phố Uông Bí","49","Quảng Ninh"
"2366","Thị trấn Bình Liêu","535","Huyện Bình Liêu","49","Quảng Ninh"
"2367","Xã Hoành Mô","535","Huyện Bình Liêu","49","Quảng Ninh"
"2368","Xã Đồng Tâm","535","Huyện Bình Liêu","49","Quảng Ninh"
"2369","Xã Đồng Văn","535","Huyện Bình Liêu","49","Quảng Ninh"
"2370","Xã Tình Húc","535","Huyện Bình Liêu","49","Quảng Ninh"
"2371","Xã Vô Ngại","535","Huyện Bình Liêu","49","Quảng Ninh"
"2372","Xã Lục Hồn","535","Huyện Bình Liêu","49","Quảng Ninh"
"2373","Xã Húc Động","535","Huyện Bình Liêu","49","Quảng Ninh"
"2374","Thị trấn Tiên Yên","541","Huyện Tiên Yên","49","Quảng Ninh"
"2375","Xã Hà Lâu","541","Huyện Tiên Yên","49","Quảng Ninh"
"2376","Xã Đại Dực","541","Huyện Tiên Yên","49","Quảng Ninh"
"2377","Xã Đại Thành","541","Huyện Tiên Yên","49","Quảng Ninh"
"2378","Xã Phong Dụ","541","Huyện Tiên Yên","49","Quảng Ninh"
"2379","Xã Điền Xá","541","Huyện Tiên Yên","49","Quảng Ninh"
"2380","Xã Đông Ngũ","541","Huyện Tiên Yên","49","Quảng Ninh"
"2381","Xã Yên Than","541","Huyện Tiên Yên","49","Quảng Ninh"
"2382","Xã Đông Hải","541","Huyện Tiên Yên","49","Quảng Ninh"
"2383","Xã Hải Lạng","541","Huyện Tiên Yên","49","Quảng Ninh"
"2384","Xã Tiên Lãng","541","Huyện Tiên Yên","49","Quảng Ninh"
"2385","Xã Đồng Rui","541","Huyện Tiên Yên","49","Quảng Ninh"
"2386","Thị trấn Đầm Hà","537","Huyện Đầm Hà","49","Quảng Ninh"
"2387","Xã Quảng Lâm","537","Huyện Đầm Hà","49","Quảng Ninh"
"2388","Xã Quảng An","537","Huyện Đầm Hà","49","Quảng Ninh"
"2389","Xã Tân Bình","537","Huyện Đầm Hà","49","Quảng Ninh"
"2390","Xã Quảng Lợi","537","Huyện Đầm Hà","49","Quảng Ninh"
"2391","Xã Dực Yên","537","Huyện Đầm Hà","49","Quảng Ninh"
"2392","Xã Quảng Tân","537","Huyện Đầm Hà","49","Quảng Ninh"
"2393","Xã Đầm Hà","537","Huyện Đầm Hà","49","Quảng Ninh"
"2394","Xã Tân Lập","537","Huyện Đầm Hà","49","Quảng Ninh"
"2395","Xã Đại Bình","537","Huyện Đầm Hà","49","Quảng Ninh"
"2396","Thị trấn Quảng Hà","539","Huyện Hải Hà","49","Quảng Ninh"
"2397","Xã Quảng Đức","539","Huyện Hải Hà","49","Quảng Ninh"
"2398","Xã Quảng Sơn","539","Huyện Hải Hà","49","Quảng Ninh"
"2399","Xã Quảng Thành","539","Huyện Hải Hà","49","Quảng Ninh"
"2400","Xã Quảng Thắng","539","Huyện Hải Hà","49","Quảng Ninh"
"2401","Xã Quảng Thịnh","539","Huyện Hải Hà","49","Quảng Ninh"
"2402","Xã Quảng Minh","539","Huyện Hải Hà","49","Quảng Ninh"
"2403","Xã Quảng Chính","539","Huyện Hải Hà","49","Quảng Ninh"
"2404","Xã Quảng Long","539","Huyện Hải Hà","49","Quảng Ninh"
"2405","Xã Đường Hoa","539","Huyện Hải Hà","49","Quảng Ninh"
"2406","Xã Quảng Phong","539","Huyện Hải Hà","49","Quảng Ninh"
"2407","Xã Quảng Trung","539","Huyện Hải Hà","49","Quảng Ninh"
"2408","Xã Phú Hải","539","Huyện Hải Hà","49","Quảng Ninh"
"2409","Xã Quảng Điền","539","Huyện Hải Hà","49","Quảng Ninh"
"2410","Xã Tiến Tới","539","Huyện Hải Hà","49","Quảng Ninh"
"2411","Xã Cái Chiên","539","Huyện Hải Hà","49","Quảng Ninh"
"2412","Thị trấn Ba Chẽ","534","Huyện Ba Chẽ","49","Quảng Ninh"
"2413","Xã Thanh Sơn","534","Huyện Ba Chẽ","49","Quảng Ninh"
"2414","Xã Thanh Lâm","534","Huyện Ba Chẽ","49","Quảng Ninh"
"2415","Xã Đạp Thanh","534","Huyện Ba Chẽ","49","Quảng Ninh"
"2416","Xã Nam Sơn","534","Huyện Ba Chẽ","49","Quảng Ninh"
"2417","Xã Lương Mông","534","Huyện Ba Chẽ","49","Quảng Ninh"
"2418","Xã Đồn Đạc","534","Huyện Ba Chẽ","49","Quảng Ninh"
"2419","Xã Minh Cầm","534","Huyện Ba Chẽ","49","Quảng Ninh"
"2420","Thị trấn Cái Rồng","542","Huyện Vân Đồn","49","Quảng Ninh"
"2421","Xã Đài Xuyên","542","Huyện Vân Đồn","49","Quảng Ninh"
"2422","Xã Bình Dân","542","Huyện Vân Đồn","49","Quảng Ninh"
"2423","Xã Vạn Yên","542","Huyện Vân Đồn","49","Quảng Ninh"
"2424","Xã Minh Châu","542","Huyện Vân Đồn","49","Quảng Ninh"
"2425","Xã Đoàn Kết","542","Huyện Vân Đồn","49","Quảng Ninh"
"2426","Xã Hạ Long","542","Huyện Vân Đồn","49","Quảng Ninh"
"2427","Xã Đông Xá","542","Huyện Vân Đồn","49","Quảng Ninh"
"2428","Xã Bản Sen","542","Huyện Vân Đồn","49","Quảng Ninh"
"2429","Xã Thắng Lợi","542","Huyện Vân Đồn","49","Quảng Ninh"
"2430","Xã Quan Lạn","542","Huyện Vân Đồn","49","Quảng Ninh"
"2431","Xã Ngọc Vừng","542","Huyện Vân Đồn","49","Quảng Ninh"
"2432","Thị trấn Trới","540","Huyện Hoành Bồ","49","Quảng Ninh"
"2433","Xã Kỳ Thượng","540","Huyện Hoành Bồ","49","Quảng Ninh"
"2434","Xã Đồng Sơn","540","Huyện Hoành Bồ","49","Quảng Ninh"
"2435","Xã Tân Dân","540","Huyện Hoành Bồ","49","Quảng Ninh"
"2436","Xã Đồng Lâm","540","Huyện Hoành Bồ","49","Quảng Ninh"
"2437","Xã Hòa Bình","540","Huyện Hoành Bồ","49","Quảng Ninh"
"2438","Xã Vũ Oai","540","Huyện Hoành Bồ","49","Quảng Ninh"
"2439","Xã Dân Chủ","540","Huyện Hoành Bồ","49","Quảng Ninh"
"2440","Xã Quảng La","540","Huyện Hoành Bồ","49","Quảng Ninh"
"2441","Xã Bằng Cả","540","Huyện Hoành Bồ","49","Quảng Ninh"
"2442","Xã Thống Nhất","540","Huyện Hoành Bồ","49","Quảng Ninh"
"2443","Xã Sơn Dương","540","Huyện Hoành Bồ","49","Quảng Ninh"
"2444","Xã Lê Lợi","540","Huyện Hoành Bồ","49","Quảng Ninh"
"2445","Phường Mạo Khê","538","Thị xã Đông Triều","49","Quảng Ninh"
"2446","Phường Đông Triều","538","Thị xã Đông Triều","49","Quảng Ninh"
"2447","Xã An Sinh","538","Thị xã Đông Triều","49","Quảng Ninh"
"2448","Xã Tràng Lương","538","Thị xã Đông Triều","49","Quảng Ninh"
"2449","Xã Bình Khê","538","Thị xã Đông Triều","49","Quảng Ninh"
"2450","Xã Việt Dân","538","Thị xã Đông Triều","49","Quảng Ninh"
"2451","Xã Tân Việt","538","Thị xã Đông Triều","49","Quảng Ninh"
"2452","Xã Bình Dương","538","Thị xã Đông Triều","49","Quảng Ninh"
"2453","Phường Đức Chính","538","Thị xã Đông Triều","49","Quảng Ninh"
"2454","Phường Tràng An","538","Thị xã Đông Triều","49","Quảng Ninh"
"2455","Xã Nguyễn Huệ","538","Thị xã Đông Triều","49","Quảng Ninh"
"2456","Xã Thủy An","538","Thị xã Đông Triều","49","Quảng Ninh"
"2457","Phường Xuân Sơn","538","Thị xã Đông Triều","49","Quảng Ninh"
"2458","Xã Hồng Thái Tây","538","Thị xã Đông Triều","49","Quảng Ninh"
"2459","Xã Hồng Thái Đông","538","Thị xã Đông Triều","49","Quảng Ninh"
"2460","Phường Hoàng Quế","538","Thị xã Đông Triều","49","Quảng Ninh"
"2461","Phường Yên Thọ","538","Thị xã Đông Triều","49","Quảng Ninh"
"2462","Phường Hồng Phong","538","Thị xã Đông Triều","49","Quảng Ninh"
"2463","Phường Kim Sơn","538","Thị xã Đông Triều","49","Quảng Ninh"
"2464","Phường Hưng Đạo","538","Thị xã Đông Triều","49","Quảng Ninh"
"2465","Xã Yên Đức","538","Thị xã Đông Triều","49","Quảng Ninh"
"2466","Phường Quảng Yên","711","Thị xã Quảng Yên","49","Quảng Ninh"
"2467","Phường Đông Mai","711","Thị xã Quảng Yên","49","Quảng Ninh"
"2468","Phường Minh Thành","711","Thị xã Quảng Yên","49","Quảng Ninh"
"2469","Xã Điền Công","533","Thành phố Uông Bí","49","Quảng Ninh"
"2470","Xã Sông Khoai","711","Thị xã Quảng Yên","49","Quảng Ninh"
"2471","Xã Hiệp Hòa","711","Thị xã Quảng Yên","49","Quảng Ninh"
"2472","Phường Cộng Hòa","711","Thị xã Quảng Yên","49","Quảng Ninh"
"2473","Xã Tiền An","711","Thị xã Quảng Yên","49","Quảng Ninh"
"2474","Xã Hoàng Tân","711","Thị xã Quảng Yên","49","Quảng Ninh"
"2475","Phường Tân An","711","Thị xã Quảng Yên","49","Quảng Ninh"
"2476","Phường Yên Giang","711","Thị xã Quảng Yên","49","Quảng Ninh"
"2477","Phường Nam Hòa","711","Thị xã Quảng Yên","49","Quảng Ninh"
"2478","Phường Hà An","711","Thị xã Quảng Yên","49","Quảng Ninh"
"2479","Xã Cẩm La","711","Thị xã Quảng Yên","49","Quảng Ninh"
"2480","Phường Phong Hải","711","Thị xã Quảng Yên","49","Quảng Ninh"
"2481","Phường Yên Hải","711","Thị xã Quảng Yên","49","Quảng Ninh"
"2482","Xã Liên Hòa","711","Thị xã Quảng Yên","49","Quảng Ninh"
"2483","Phường Phong Cốc","711","Thị xã Quảng Yên","49","Quảng Ninh"
"2484","Xã Liên Vị","711","Thị xã Quảng Yên","49","Quảng Ninh"
"2485","Xã Tiền Phong","711","Thị xã Quảng Yên","49","Quảng Ninh"
"2486","Thị trấn Cô Tô","536","Huyện Cô Tô","49","Quảng Ninh"
"2487","Xã Đồng Tiến","536","Huyện Cô Tô","49","Quảng Ninh"
"2488","Xã Thanh Lân","536","Huyện Cô Tô","49","Quảng Ninh"
"2489","Phường Thọ Xương","87","Thành phố Bắc Giang","5","Bắc Giang"
"2490","Phường Trần Nguyên Hãn","87","Thành phố Bắc Giang","5","Bắc Giang"
"2491","Phường Ngô Quyền","87","Thành phố Bắc Giang","5","Bắc Giang"
"2492","Phường Hoàng Văn Thụ","87","Thành phố Bắc Giang","5","Bắc Giang"
"2493","Phường Trần Phú","87","Thành phố Bắc Giang","5","Bắc Giang"
"2494","Phường Mỹ Độ","87","Thành phố Bắc Giang","5","Bắc Giang"
"2495","Phường Lê Lợi","87","Thành phố Bắc Giang","5","Bắc Giang"
"2496","Xã Song Mai","87","Thành phố Bắc Giang","5","Bắc Giang"
"2497","Phường Xương Giang","87","Thành phố Bắc Giang","5","Bắc Giang"
"2498","Phường Đa Mai","87","Thành phố Bắc Giang","5","Bắc Giang"
"2499","Phường Dĩnh Kế","87","Thành phố Bắc Giang","5","Bắc Giang"
"2500","Thị trấn Cầu Gồ","96","Huyện Yên Thế","5","Bắc Giang"
"2501","Thị trấn Bố Hạ","96","Huyện Yên Thế","5","Bắc Giang"
"2502","Xã Đồng Tiến","96","Huyện Yên Thế","5","Bắc Giang"
"2503","Xã Canh Nậu","96","Huyện Yên Thế","5","Bắc Giang"
"2504","Xã Xuân Lương","96","Huyện Yên Thế","5","Bắc Giang"
"2505","Xã Tam Tiến","96","Huyện Yên Thế","5","Bắc Giang"
"2506","Xã Đồng Vương","96","Huyện Yên Thế","5","Bắc Giang"
"2507","Xã Đồng Hưu","96","Huyện Yên Thế","5","Bắc Giang"
"2508","Xã Đồng Tâm","96","Huyện Yên Thế","5","Bắc Giang"
"2509","Xã Tam Hiệp","96","Huyện Yên Thế","5","Bắc Giang"
"2510","Xã Tiến Thắng","96","Huyện Yên Thế","5","Bắc Giang"
"2511","Xã Hồng Kỳ","96","Huyện Yên Thế","5","Bắc Giang"
"2512","Xã Đồng Lạc","96","Huyện Yên Thế","5","Bắc Giang"
"2513","Xã Đông Sơn","96","Huyện Yên Thế","5","Bắc Giang"
"2514","Xã Tân Hiệp","96","Huyện Yên Thế","5","Bắc Giang"
"2515","Xã Hương Vĩ","96","Huyện Yên Thế","5","Bắc Giang"
"2516","Xã Đồng Kỳ","96","Huyện Yên Thế","5","Bắc Giang"
"2517","Xã An Thượng","96","Huyện Yên Thế","5","Bắc Giang"
"2518","Thị trấn Phồn Xương","96","Huyện Yên Thế","5","Bắc Giang"
"2519","Xã Tân Sỏi","96","Huyện Yên Thế","5","Bắc Giang"
"2520","Xã Bố Hạ","96","Huyện Yên Thế","5","Bắc Giang"
"2521","Thị trấn Cao Thượng","93","Huyện Tân Yên","5","Bắc Giang"
"2522","Thị trấn Nhã Nam","93","Huyện Tân Yên","5","Bắc Giang"
"2523","Xã Lan Giới","93","Huyện Tân Yên","5","Bắc Giang"
"2524","Xã Nhã Nam","93","Huyện Tân Yên","5","Bắc Giang"
"2525","Xã Tân Trung","93","Huyện Tân Yên","5","Bắc Giang"
"2526","Xã Đại Hóa","93","Huyện Tân Yên","5","Bắc Giang"
"2527","Xã Quang Tiến","93","Huyện Tân Yên","5","Bắc Giang"
"2528","Xã Phúc Sơn","93","Huyện Tân Yên","5","Bắc Giang"
"2529","Xã An Dương","93","Huyện Tân Yên","5","Bắc Giang"
"2530","Xã Phúc Hòa","93","Huyện Tân Yên","5","Bắc Giang"
"2531","Xã Liên Sơn","93","Huyện Tân Yên","5","Bắc Giang"
"2532","Xã Hợp Đức","93","Huyện Tân Yên","5","Bắc Giang"
"2533","Xã Lam Cốt","93","Huyện Tân Yên","5","Bắc Giang"
"2534","Xã Cao Xá","93","Huyện Tân Yên","5","Bắc Giang"
"2535","Xã Cao Thượng","93","Huyện Tân Yên","5","Bắc Giang"
"2536","Xã Việt Ngọc","93","Huyện Tân Yên","5","Bắc Giang"
"2537","Xã Song Vân","93","Huyện Tân Yên","5","Bắc Giang"
"2538","Xã Ngọc Châu","93","Huyện Tân Yên","5","Bắc Giang"
"2539","Xã Ngọc Vân","93","Huyện Tân Yên","5","Bắc Giang"
"2540","Xã Việt Lập","93","Huyện Tân Yên","5","Bắc Giang"
"2541","Xã Liên Chung","93","Huyện Tân Yên","5","Bắc Giang"
"2542","Xã Ngọc Thiện","93","Huyện Tân Yên","5","Bắc Giang"
"2543","Xã Ngọc Lý","93","Huyện Tân Yên","5","Bắc Giang"
"2544","Xã Quế Nham","93","Huyện Tân Yên","5","Bắc Giang"
"2545","Thị trấn Kép","89","Huyện Lạng Giang","5","Bắc Giang"
"2546","Thị trấn Vôi","89","Huyện Lạng Giang","5","Bắc Giang"
"2547","Xã Nghĩa Hòa","89","Huyện Lạng Giang","5","Bắc Giang"
"2548","Xã Nghĩa Hưng","89","Huyện Lạng Giang","5","Bắc Giang"
"2549","Xã Quang Thịnh","89","Huyện Lạng Giang","5","Bắc Giang"
"2550","Xã Hương Sơn","89","Huyện Lạng Giang","5","Bắc Giang"
"2551","Xã Đào Mỹ","89","Huyện Lạng Giang","5","Bắc Giang"
"2552","Xã Tiên Lục","89","Huyện Lạng Giang","5","Bắc Giang"
"2553","Xã An Hà","89","Huyện Lạng Giang","5","Bắc Giang"
"2554","Xã Tân Thịnh","89","Huyện Lạng Giang","5","Bắc Giang"
"2555","Xã Mỹ Hà","89","Huyện Lạng Giang","5","Bắc Giang"
"2556","Xã Hương Lạc","89","Huyện Lạng Giang","5","Bắc Giang"
"2557","Xã Dương Đức","89","Huyện Lạng Giang","5","Bắc Giang"
"2558","Xã Tân Thanh","89","Huyện Lạng Giang","5","Bắc Giang"
"2559","Xã Yên Mỹ","89","Huyện Lạng Giang","5","Bắc Giang"
"2560","Xã Tân Hưng","89","Huyện Lạng Giang","5","Bắc Giang"
"2561","Xã Mỹ Thái","89","Huyện Lạng Giang","5","Bắc Giang"
"2562","Xã Phi Mô","89","Huyện Lạng Giang","5","Bắc Giang"
"2563","Xã Xương Lâm","89","Huyện Lạng Giang","5","Bắc Giang"
"2564","Xã Xuân Hương","89","Huyện Lạng Giang","5","Bắc Giang"
"2565","Xã Tân Dĩnh","89","Huyện Lạng Giang","5","Bắc Giang"
"2566","Xã Đại Lâm","89","Huyện Lạng Giang","5","Bắc Giang"
"2567","Xã Thái Đào","89","Huyện Lạng Giang","5","Bắc Giang"
"2568","Xã Dĩnh Trì","87","Thành phố Bắc Giang","5","Bắc Giang"
"2569","Thị trấn Đồi Ngô","90","Huyện Lục Nam","5","Bắc Giang"
"2570","Thị trấn Lục Nam","90","Huyện Lục Nam","5","Bắc Giang"
"2571","Xã Đông Hưng","90","Huyện Lục Nam","5","Bắc Giang"
"2572","Xã Đông Phú","90","Huyện Lục Nam","5","Bắc Giang"
"2573","Xã Tam Dị","90","Huyện Lục Nam","5","Bắc Giang"
"2574","Xã Bảo Sơn","90","Huyện Lục Nam","5","Bắc Giang"
"2575","Xã Bảo Đài","90","Huyện Lục Nam","5","Bắc Giang"
"2576","Xã Thanh Lâm","90","Huyện Lục Nam","5","Bắc Giang"
"2577","Xã Tiên Nha","90","Huyện Lục Nam","5","Bắc Giang"
"2578","Xã Trường Giang","90","Huyện Lục Nam","5","Bắc Giang"
"2579","Xã Tiên Hưng","90","Huyện Lục Nam","5","Bắc Giang"
"2580","Xã Phương Sơn","90","Huyện Lục Nam","5","Bắc Giang"
"2581","Xã Chu Điện","90","Huyện Lục Nam","5","Bắc Giang"
"2582","Xã Cương Sơn","90","Huyện Lục Nam","5","Bắc Giang"
"2583","Xã Nghĩa Phương","90","Huyện Lục Nam","5","Bắc Giang"
"2584","Xã Vô Tranh","90","Huyện Lục Nam","5","Bắc Giang"
"2585","Xã Bình Sơn","90","Huyện Lục Nam","5","Bắc Giang"
"2586","Xã Lan Mẫu","90","Huyện Lục Nam","5","Bắc Giang"
"2587","Xã Yên Sơn","90","Huyện Lục Nam","5","Bắc Giang"
"2588","Xã Khám Lạng","90","Huyện Lục Nam","5","Bắc Giang"
"2589","Xã Huyền Sơn","90","Huyện Lục Nam","5","Bắc Giang"
"2590","Xã Trường Sơn","90","Huyện Lục Nam","5","Bắc Giang"
"2591","Xã Lục Sơn","90","Huyện Lục Nam","5","Bắc Giang"
"2592","Xã Bắc Lũng","90","Huyện Lục Nam","5","Bắc Giang"
"2593","Xã Vũ Xá","90","Huyện Lục Nam","5","Bắc Giang"
"2594","Xã Cẩm Lý","90","Huyện Lục Nam","5","Bắc Giang"
"2595","Xã Đan Hội","90","Huyện Lục Nam","5","Bắc Giang"
"2596","Thị trấn Chũ","91","Huyện Lục Ngạn","5","Bắc Giang"
"2597","Xã Cấm Sơn","91","Huyện Lục Ngạn","5","Bắc Giang"
"2598","Xã Tân Sơn","91","Huyện Lục Ngạn","5","Bắc Giang"
"2599","Xã Phong Minh","91","Huyện Lục Ngạn","5","Bắc Giang"
"2600","Xã Phong Vân","91","Huyện Lục Ngạn","5","Bắc Giang"
"2601","Xã Xa Lý","91","Huyện Lục Ngạn","5","Bắc Giang"
"2602","Xã Hộ Đáp","91","Huyện Lục Ngạn","5","Bắc Giang"
"2603","Xã Sơn Hải","91","Huyện Lục Ngạn","5","Bắc Giang"
"2604","Xã Thanh Hải","91","Huyện Lục Ngạn","5","Bắc Giang"
"2605","Xã Kiên Lao","91","Huyện Lục Ngạn","5","Bắc Giang"
"2606","Xã Biên Sơn","91","Huyện Lục Ngạn","5","Bắc Giang"
"2607","Xã Kiên Thành","91","Huyện Lục Ngạn","5","Bắc Giang"
"2608","Xã Hồng Giang","91","Huyện Lục Ngạn","5","Bắc Giang"
"2609","Xã Kim Sơn","91","Huyện Lục Ngạn","5","Bắc Giang"
"2610","Xã Tân Hoa","91","Huyện Lục Ngạn","5","Bắc Giang"
"2611","Xã Giáp Sơn","91","Huyện Lục Ngạn","5","Bắc Giang"
"2612","Xã Biển Động","91","Huyện Lục Ngạn","5","Bắc Giang"
"2613","Xã Quý Sơn","91","Huyện Lục Ngạn","5","Bắc Giang"
"2614","Xã Trù Hựu","91","Huyện Lục Ngạn","5","Bắc Giang"
"2615","Xã Phì Điền","91","Huyện Lục Ngạn","5","Bắc Giang"
"2616","Xã Nghĩa Hồ","91","Huyện Lục Ngạn","5","Bắc Giang"
"2617","Xã Tân Quang","91","Huyện Lục Ngạn","5","Bắc Giang"
"2618","Xã Đồng Cốc","91","Huyện Lục Ngạn","5","Bắc Giang"
"2619","Xã Tân Lập","91","Huyện Lục Ngạn","5","Bắc Giang"
"2620","Xã Phú Nhuận","91","Huyện Lục Ngạn","5","Bắc Giang"
"2621","Xã Mỹ An","91","Huyện Lục Ngạn","5","Bắc Giang"
"2622","Xã Nam Dương","91","Huyện Lục Ngạn","5","Bắc Giang"
"2623","Xã Tân Mộc","91","Huyện Lục Ngạn","5","Bắc Giang"
"2624","Xã Đèo Gia","91","Huyện Lục Ngạn","5","Bắc Giang"
"2625","Xã Phượng Sơn","91","Huyện Lục Ngạn","5","Bắc Giang"
"2626","Thị trấn An Châu","92","Huyện Sơn Động","5","Bắc Giang"
"2627","Thị trấn Thanh Sơn","92","Huyện Sơn Động","5","Bắc Giang"
"2628","Xã Thạch Sơn","92","Huyện Sơn Động","5","Bắc Giang"
"2629","Xã Vân Sơn","92","Huyện Sơn Động","5","Bắc Giang"
"2630","Xã Hữu Sản","92","Huyện Sơn Động","5","Bắc Giang"
"2631","Xã Quế Sơn","92","Huyện Sơn Động","5","Bắc Giang"
"2632","Xã Phúc Thắng","92","Huyện Sơn Động","5","Bắc Giang"
"2633","Xã Chiên Sơn","92","Huyện Sơn Động","5","Bắc Giang"
"2634","Xã Giáo Liêm","92","Huyện Sơn Động","5","Bắc Giang"
"2635","Xã Vĩnh Khương","92","Huyện Sơn Động","5","Bắc Giang"
"2636","Xã Cẩm Đàn","92","Huyện Sơn Động","5","Bắc Giang"
"2637","Xã An Lạc","92","Huyện Sơn Động","5","Bắc Giang"
"2638","Xã An Lập","92","Huyện Sơn Động","5","Bắc Giang"
"2639","Xã Yên Định","92","Huyện Sơn Động","5","Bắc Giang"
"2640","Xã Lệ Viễn","92","Huyện Sơn Động","5","Bắc Giang"
"2641","Xã An Châu","92","Huyện Sơn Động","5","Bắc Giang"
"2642","Xã An Bá","92","Huyện Sơn Động","5","Bắc Giang"
"2643","Xã Tuấn Đạo","92","Huyện Sơn Động","5","Bắc Giang"
"2644","Xã Dương Hưu","92","Huyện Sơn Động","5","Bắc Giang"
"2645","Xã Bồng Am","92","Huyện Sơn Động","5","Bắc Giang"
"2646","Xã Long Sơn","92","Huyện Sơn Động","5","Bắc Giang"
"2647","Xã Tuấn Mậu","92","Huyện Sơn Động","5","Bắc Giang"
"2648","Xã Thanh Luận","92","Huyện Sơn Động","5","Bắc Giang"
"2649","Thị trấn Neo","95","Huyện Yên Dũng","5","Bắc Giang"
"2650","Thị trấn Tân Dân","95","Huyện Yên Dũng","5","Bắc Giang"
"2651","Xã Lão Hộ","95","Huyện Yên Dũng","5","Bắc Giang"
"2652","Xã Tân Mỹ","87","Thành phố Bắc Giang","5","Bắc Giang"
"2653","Xã Hương Gián","95","Huyện Yên Dũng","5","Bắc Giang"
"2654","Xã Tân An","95","Huyện Yên Dũng","5","Bắc Giang"
"2655","Xã Đồng Sơn","87","Thành phố Bắc Giang","5","Bắc Giang"
"2656","Xã Tân Tiến","87","Thành phố Bắc Giang","5","Bắc Giang"
"2657","Xã Quỳnh Sơn","95","Huyện Yên Dũng","5","Bắc Giang"
"2658","Xã Song Khê","87","Thành phố Bắc Giang","5","Bắc Giang"
"2659","Xã Nội Hoàng","95","Huyện Yên Dũng","5","Bắc Giang"
"2660","Xã Tiền Phong","95","Huyện Yên Dũng","5","Bắc Giang"
"2661","Xã Xuân Phú","95","Huyện Yên Dũng","5","Bắc Giang"
"2662","Xã Tân Liễu","95","Huyện Yên Dũng","5","Bắc Giang"
"2663","Xã Trí Yên","95","Huyện Yên Dũng","5","Bắc Giang"
"2664","Xã Lãng Sơn","95","Huyện Yên Dũng","5","Bắc Giang"
"2665","Xã Yên Lư","95","Huyện Yên Dũng","5","Bắc Giang"
"2666","Xã Tiến Dũng","95","Huyện Yên Dũng","5","Bắc Giang"
"2667","Xã Nham Sơn","95","Huyện Yên Dũng","5","Bắc Giang"
"2668","Xã Đức Giang","95","Huyện Yên Dũng","5","Bắc Giang"
"2669","Xã Cảnh Thụy","95","Huyện Yên Dũng","5","Bắc Giang"
"2670","Xã Tư Mại","95","Huyện Yên Dũng","5","Bắc Giang"
"2671","Xã Thắng Cương","95","Huyện Yên Dũng","5","Bắc Giang"
"2672","Xã Đồng Việt","95","Huyện Yên Dũng","5","Bắc Giang"
"2673","Xã Đồng Phúc","95","Huyện Yên Dũng","5","Bắc Giang"
"2674","Thị trấn Bích Động","94","Huyện Việt Yên","5","Bắc Giang"
"2675","Thị trấn Nếnh","94","Huyện Việt Yên","5","Bắc Giang"
"2676","Xã Thượng Lan","94","Huyện Việt Yên","5","Bắc Giang"
"2677","Xã Việt Tiến","94","Huyện Việt Yên","5","Bắc Giang"
"2678","Xã Nghĩa Trung","94","Huyện Việt Yên","5","Bắc Giang"
"2679","Xã Minh Đức","94","Huyện Việt Yên","5","Bắc Giang"
"2680","Xã Hương Mai","94","Huyện Việt Yên","5","Bắc Giang"
"2681","Xã Tự Lạn","94","Huyện Việt Yên","5","Bắc Giang"
"2682","Xã Bích Sơn","94","Huyện Việt Yên","5","Bắc Giang"
"2683","Xã Trung Sơn","94","Huyện Việt Yên","5","Bắc Giang"
"2684","Xã Hồng Thái","94","Huyện Việt Yên","5","Bắc Giang"
"2685","Xã Tiên Sơn","94","Huyện Việt Yên","5","Bắc Giang"
"2686","Xã Tăng Tiến","94","Huyện Việt Yên","5","Bắc Giang"
"2687","Xã Quảng Minh","94","Huyện Việt Yên","5","Bắc Giang"
"2688","Xã Hoàng Ninh","94","Huyện Việt Yên","5","Bắc Giang"
"2689","Xã Ninh Sơn","94","Huyện Việt Yên","5","Bắc Giang"
"2690","Xã Vân Trung","94","Huyện Việt Yên","5","Bắc Giang"
"2691","Xã Vân Hà","94","Huyện Việt Yên","5","Bắc Giang"
"2692","Xã Quang Châu","94","Huyện Việt Yên","5","Bắc Giang"
"2693","Thị trấn Thắng","88","Huyện Hiệp Hòa","5","Bắc Giang"
"2694","Xã Đồng Tân","88","Huyện Hiệp Hòa","5","Bắc Giang"
"2695","Xã Thanh Vân","88","Huyện Hiệp Hòa","5","Bắc Giang"
"2696","Xã Hoàng Lương","88","Huyện Hiệp Hòa","5","Bắc Giang"
"2697","Xã Hoàng Vân","88","Huyện Hiệp Hòa","5","Bắc Giang"
"2698","Xã Hoàng Thanh","88","Huyện Hiệp Hòa","5","Bắc Giang"
"2699","Xã Hoàng An","88","Huyện Hiệp Hòa","5","Bắc Giang"
"2700","Xã Ngọc Sơn","88","Huyện Hiệp Hòa","5","Bắc Giang"
"2701","Xã Thái Sơn","88","Huyện Hiệp Hòa","5","Bắc Giang"
"2702","Xã Hòa Sơn","88","Huyện Hiệp Hòa","5","Bắc Giang"
"2703","Xã Đức Thắng","88","Huyện Hiệp Hòa","5","Bắc Giang"
"2704","Xã Quang Minh","88","Huyện Hiệp Hòa","5","Bắc Giang"
"2705","Xã Lương Phong","88","Huyện Hiệp Hòa","5","Bắc Giang"
"2706","Xã Hùng Sơn","88","Huyện Hiệp Hòa","5","Bắc Giang"
"2707","Xã Đại Thành","88","Huyện Hiệp Hòa","5","Bắc Giang"
"2708","Xã Thường Thắng","88","Huyện Hiệp Hòa","5","Bắc Giang"
"2709","Xã Hợp Thịnh","88","Huyện Hiệp Hòa","5","Bắc Giang"
"2710","Xã Danh Thắng","88","Huyện Hiệp Hòa","5","Bắc Giang"
"2711","Xã Mai Trung","88","Huyện Hiệp Hòa","5","Bắc Giang"
"2712","Xã Đoan Bái","88","Huyện Hiệp Hòa","5","Bắc Giang"
"2713","Xã Bắc Lý","88","Huyện Hiệp Hòa","5","Bắc Giang"
"2714","Xã Xuân Cẩm","88","Huyện Hiệp Hòa","5","Bắc Giang"
"2715","Xã Hương Lâm","88","Huyện Hiệp Hòa","5","Bắc Giang"
"2716","Xã Đông Lỗ","88","Huyện Hiệp Hòa","5","Bắc Giang"
"2717","Xã Châu Minh","88","Huyện Hiệp Hòa","5","Bắc Giang"
"2718","Xã Mai Đình","88","Huyện Hiệp Hòa","5","Bắc Giang"
"2719","Phường Dữu Lâu","469","Thành phố Việt Trì","44","Phú Thọ"
"2720","Phường Vân Cơ","469","Thành phố Việt Trì","44","Phú Thọ"
"2721","Phường Nông Trang","469","Thành phố Việt Trì","44","Phú Thọ"
"2722","Phường Tân Dân","469","Thành phố Việt Trì","44","Phú Thọ"
"2723","Phường Gia Cẩm","469","Thành phố Việt Trì","44","Phú Thọ"
"2724","Phường Tiên Cát","469","Thành phố Việt Trì","44","Phú Thọ"
"2725","Phường Thọ Sơn","469","Thành phố Việt Trì","44","Phú Thọ"
"2726","Phường Thanh Miếu","469","Thành phố Việt Trì","44","Phú Thọ"
"2727","Phường Bạch Hạc","469","Thành phố Việt Trì","44","Phú Thọ"
"2728","Phường Bến Gót","469","Thành phố Việt Trì","44","Phú Thọ"
"2729","Phường Vân Phú","469","Thành phố Việt Trì","44","Phú Thọ"
"2730","Xã Phượng Lâu","469","Thành phố Việt Trì","44","Phú Thọ"
"2731","Xã Thụy Vân","469","Thành phố Việt Trì","44","Phú Thọ"
"2732","Phường Minh Phương","469","Thành phố Việt Trì","44","Phú Thọ"
"2733","Xã Trưng Vương","469","Thành phố Việt Trì","44","Phú Thọ"
"2734","Phường Minh Nông","469","Thành phố Việt Trì","44","Phú Thọ"
"2735","Xã Sông Lô","469","Thành phố Việt Trì","44","Phú Thọ"
"2736","Phường Trường Thịnh","470","Thị xã Phú Thọ","44","Phú Thọ"
"2737","Phường Hùng Vương","470","Thị xã Phú Thọ","44","Phú Thọ"
"2738","Phường Phong Châu","470","Thị xã Phú Thọ","44","Phú Thọ"
"2739","Phường Âu Cơ","470","Thị xã Phú Thọ","44","Phú Thọ"
"2740","Xã Hà Lộc","470","Thị xã Phú Thọ","44","Phú Thọ"
"2741","Xã Phú Hộ","470","Thị xã Phú Thọ","44","Phú Thọ"
"2742","Xã Văn Lung","470","Thị xã Phú Thọ","44","Phú Thọ"
"2743","Xã Thanh Minh","470","Thị xã Phú Thọ","44","Phú Thọ"
"2744","Xã Hà Thạch","470","Thị xã Phú Thọ","44","Phú Thọ"
"2745","Phường Thanh Vinh","470","Thị xã Phú Thọ","44","Phú Thọ"
"2746","Thị trấn Đoan Hùng","472","Huyện Đoan Hùng","44","Phú Thọ"
"2747","Xã Đông Khê","472","Huyện Đoan Hùng","44","Phú Thọ"
"2748","Xã Nghinh Xuyên","472","Huyện Đoan Hùng","44","Phú Thọ"
"2749","Xã Hùng Quan","472","Huyện Đoan Hùng","44","Phú Thọ"
"2750","Xã Bằng Luân","472","Huyện Đoan Hùng","44","Phú Thọ"
"2751","Xã Vân Du","472","Huyện Đoan Hùng","44","Phú Thọ"
"2752","Xã Phương Trung","472","Huyện Đoan Hùng","44","Phú Thọ"
"2753","Xã Quế Lâm","472","Huyện Đoan Hùng","44","Phú Thọ"
"2754","Xã Minh Lương","472","Huyện Đoan Hùng","44","Phú Thọ"
"2755","Xã Bằng Doãn","472","Huyện Đoan Hùng","44","Phú Thọ"
"2756","Xã Chí Đám","472","Huyện Đoan Hùng","44","Phú Thọ"
"2757","Xã Phong Phú","472","Huyện Đoan Hùng","44","Phú Thọ"
"2758","Xã Phúc Lai","472","Huyện Đoan Hùng","44","Phú Thọ"
"2759","Xã Ngọc Quan","472","Huyện Đoan Hùng","44","Phú Thọ"
"2760","Xã Hữu Đô","472","Huyện Đoan Hùng","44","Phú Thọ"
"2761","Xã Đại Nghĩa","472","Huyện Đoan Hùng","44","Phú Thọ"
"2762","Xã Sóc Đăng","472","Huyện Đoan Hùng","44","Phú Thọ"
"2763","Xã Phú Thứ","472","Huyện Đoan Hùng","44","Phú Thọ"
"2764","Xã Tây Cốc","472","Huyện Đoan Hùng","44","Phú Thọ"
"2765","Xã Yên Kiện","472","Huyện Đoan Hùng","44","Phú Thọ"
"2766","Xã Hùng Long","472","Huyện Đoan Hùng","44","Phú Thọ"
"2767","Xã Vụ Quang","472","Huyện Đoan Hùng","44","Phú Thọ"
"2768","Xã Vân Đồn","472","Huyện Đoan Hùng","44","Phú Thọ"
"2769","Xã Tiêu Sơn","472","Huyện Đoan Hùng","44","Phú Thọ"
"2770","Xã Minh Tiến","472","Huyện Đoan Hùng","44","Phú Thọ"
"2771","Xã Minh Phú","472","Huyện Đoan Hùng","44","Phú Thọ"
"2772","Xã Chân Mộng","472","Huyện Đoan Hùng","44","Phú Thọ"
"2773","Xã Ca Đình","472","Huyện Đoan Hùng","44","Phú Thọ"
"2774","Thị trấn Hạ Hòa","473","Huyện Hạ Hòa","44","Phú Thọ"
"2775","Xã Đại Phạm","473","Huyện Hạ Hòa","44","Phú Thọ"
"2776","Xã Hậu Bổng","473","Huyện Hạ Hòa","44","Phú Thọ"
"2777","Xã Đan Hà","473","Huyện Hạ Hòa","44","Phú Thọ"
"2778","Xã Hà Lương","473","Huyện Hạ Hòa","44","Phú Thọ"
"2779","Xã Lệnh Khanh","473","Huyện Hạ Hòa","44","Phú Thọ"
"2780","Xã Phụ Khánh","473","Huyện Hạ Hòa","44","Phú Thọ"
"2781","Xã Liên Phương","473","Huyện Hạ Hòa","44","Phú Thọ"
"2782","Xã Đan Thượng","473","Huyện Hạ Hòa","44","Phú Thọ"
"2783","Xã Hiền Lương","473","Huyện Hạ Hòa","44","Phú Thọ"
"2784","Xã Động Lâm","473","Huyện Hạ Hòa","44","Phú Thọ"
"2785","Xã Lâm Lợi","473","Huyện Hạ Hòa","44","Phú Thọ"
"2786","Xã Phương Viên","473","Huyện Hạ Hòa","44","Phú Thọ"
"2787","Xã Gia Điền","473","Huyện Hạ Hòa","44","Phú Thọ"
"2788","Xã Ấm Hạ","473","Huyện Hạ Hòa","44","Phú Thọ"
"2789","Xã Quân Khê","473","Huyện Hạ Hòa","44","Phú Thọ"
"2790","Xã Y Sơn","473","Huyện Hạ Hòa","44","Phú Thọ"
"2791","Xã Hương Xạ","473","Huyện Hạ Hòa","44","Phú Thọ"
"2792","Xã Cáo Điền","473","Huyện Hạ Hòa","44","Phú Thọ"
"2793","Xã Xuân Áng","473","Huyện Hạ Hòa","44","Phú Thọ"
"2794","Xã Yên Kỳ","473","Huyện Hạ Hòa","44","Phú Thọ"
"2795","Xã Chuế Lưu","473","Huyện Hạ Hòa","44","Phú Thọ"
"2796","Xã Minh Hạc","473","Huyện Hạ Hòa","44","Phú Thọ"
"2797","Xã Lang Sơn","473","Huyện Hạ Hòa","44","Phú Thọ"
"2798","Xã Bằng Giã","473","Huyện Hạ Hòa","44","Phú Thọ"
"2799","Xã Yên Luật","473","Huyện Hạ Hòa","44","Phú Thọ"
"2800","Xã Vô Tranh","473","Huyện Hạ Hòa","44","Phú Thọ"
"2801","Xã Văn Lang","473","Huyện Hạ Hòa","44","Phú Thọ"
"2802","Xã Chính Công","473","Huyện Hạ Hòa","44","Phú Thọ"
"2803","Xã Minh Côi","473","Huyện Hạ Hòa","44","Phú Thọ"
"2804","Xã Vĩnh Chân","473","Huyện Hạ Hòa","44","Phú Thọ"
"2805","Xã Mai Tùng","473","Huyện Hạ Hòa","44","Phú Thọ"
"2806","Xã Vụ Cầu","473","Huyện Hạ Hòa","44","Phú Thọ"
"2807","Thị trấn Thanh Ba","478","Huyện Thanh Ba","44","Phú Thọ"
"2808","Xã Thanh Vân","478","Huyện Thanh Ba","44","Phú Thọ"
"2809","Xã Vân Lĩnh","478","Huyện Thanh Ba","44","Phú Thọ"
"2810","Xã Đông Lĩnh","478","Huyện Thanh Ba","44","Phú Thọ"
"2811","Xã Đại An","478","Huyện Thanh Ba","44","Phú Thọ"
"2812","Xã Hanh Cù","478","Huyện Thanh Ba","44","Phú Thọ"
"2813","Xã Thái Ninh","478","Huyện Thanh Ba","44","Phú Thọ"
"2814","Xã Đồng Xuân","478","Huyện Thanh Ba","44","Phú Thọ"
"2815","Xã Năng Yên","478","Huyện Thanh Ba","44","Phú Thọ"
"2816","Xã Yển Khê","478","Huyện Thanh Ba","44","Phú Thọ"
"2817","Xã Ninh Dân","478","Huyện Thanh Ba","44","Phú Thọ"
"2818","Xã Quảng Nạp","478","Huyện Thanh Ba","44","Phú Thọ"
"2819","Xã Vũ Yển","478","Huyện Thanh Ba","44","Phú Thọ"
"2820","Xã Yên Nội","478","Huyện Thanh Ba","44","Phú Thọ"
"2821","Xã Phương Lĩnh","478","Huyện Thanh Ba","44","Phú Thọ"
"2822","Xã Võ Lao","478","Huyện Thanh Ba","44","Phú Thọ"
"2823","Xã Khải Xuân","478","Huyện Thanh Ba","44","Phú Thọ"
"2824","Xã Mạn Lạn","478","Huyện Thanh Ba","44","Phú Thọ"
"2825","Xã Thanh Xá","478","Huyện Thanh Ba","44","Phú Thọ"
"2826","Xã Chí Tiên","478","Huyện Thanh Ba","44","Phú Thọ"
"2827","Xã Đông Thành","478","Huyện Thanh Ba","44","Phú Thọ"
"2828","Xã Hoàng Cương","478","Huyện Thanh Ba","44","Phú Thọ"
"2829","Xã Sơn Cương","478","Huyện Thanh Ba","44","Phú Thọ"
"2830","Xã Thanh Hà","478","Huyện Thanh Ba","44","Phú Thọ"
"2831","Xã Đỗ Sơn","478","Huyện Thanh Ba","44","Phú Thọ"
"2832","Xã Đỗ Xuyên","478","Huyện Thanh Ba","44","Phú Thọ"
"2833","Xã Lương Lỗ","478","Huyện Thanh Ba","44","Phú Thọ"
"2834","Thị trấn Phong Châu","475","Huyện Phù Ninh","44","Phú Thọ"
"2835","Xã Phú Mỹ","475","Huyện Phù Ninh","44","Phú Thọ"
"2836","Xã Lệ Mỹ","475","Huyện Phù Ninh","44","Phú Thọ"
"2837","Xã Liên Hoa","475","Huyện Phù Ninh","44","Phú Thọ"
"2838","Xã Trạm Thản","475","Huyện Phù Ninh","44","Phú Thọ"
"2839","Xã Trị Quận","475","Huyện Phù Ninh","44","Phú Thọ"
"2840","Xã Trung Giáp","475","Huyện Phù Ninh","44","Phú Thọ"
"2841","Xã Tiên Phú","475","Huyện Phù Ninh","44","Phú Thọ"
"2842","Xã Hạ Giáp","475","Huyện Phù Ninh","44","Phú Thọ"
"2843","Xã Bảo Thanh","475","Huyện Phù Ninh","44","Phú Thọ"
"2844","Xã Phú Lộc","475","Huyện Phù Ninh","44","Phú Thọ"
"2845","Xã Gia Thanh","475","Huyện Phù Ninh","44","Phú Thọ"
"2846","Xã Tiên Du","475","Huyện Phù Ninh","44","Phú Thọ"
"2847","Xã Phú Nham","475","Huyện Phù Ninh","44","Phú Thọ"
"2848","Xã Bình Bộ","475","Huyện Phù Ninh","44","Phú Thọ"
"2849","Xã An Đạo","475","Huyện Phù Ninh","44","Phú Thọ"
"2850","Xã Tử Đà","475","Huyện Phù Ninh","44","Phú Thọ"
"2851","Xã Phù Ninh","475","Huyện Phù Ninh","44","Phú Thọ"
"2852","Xã Kim Đức","469","Thành phố Việt Trì","44","Phú Thọ"
"2853","Xã Vĩnh Phú","475","Huyện Phù Ninh","44","Phú Thọ"
"2854","Xã Hùng Lô","469","Thành phố Việt Trì","44","Phú Thọ"
"2855","Thị trấn Yên Lập","481","Huyện Yên Lập","44","Phú Thọ"
"2856","Xã Mỹ Lung","481","Huyện Yên Lập","44","Phú Thọ"
"2857","Xã Mỹ Lương","481","Huyện Yên Lập","44","Phú Thọ"
"2858","Xã Lương Sơn","481","Huyện Yên Lập","44","Phú Thọ"
"2859","Xã Xuân An","481","Huyện Yên Lập","44","Phú Thọ"
"2860","Xã Xuân Viên","481","Huyện Yên Lập","44","Phú Thọ"
"2861","Xã Xuân Thủy","481","Huyện Yên Lập","44","Phú Thọ"
"2862","Xã Trung Sơn","481","Huyện Yên Lập","44","Phú Thọ"
"2863","Xã Hưng Long","481","Huyện Yên Lập","44","Phú Thọ"
"2864","Xã Nga Hoàng","481","Huyện Yên Lập","44","Phú Thọ"
"2865","Xã Đồng Lạc","481","Huyện Yên Lập","44","Phú Thọ"
"2866","Xã Thượng Long","481","Huyện Yên Lập","44","Phú Thọ"
"2867","Xã Đồng Thịnh","481","Huyện Yên Lập","44","Phú Thọ"
"2868","Xã Phúc Khánh","481","Huyện Yên Lập","44","Phú Thọ"
"2869","Xã Minh Hòa","481","Huyện Yên Lập","44","Phú Thọ"
"2870","Xã Ngọc Lập","481","Huyện Yên Lập","44","Phú Thọ"
"2871","Xã Ngọc Đồng","481","Huyện Yên Lập","44","Phú Thọ"
"2872","Thị trấn Sông Thao","471","Huyện Cẩm Khê","44","Phú Thọ"
"2873","Xã Tiên Lương","471","Huyện Cẩm Khê","44","Phú Thọ"
"2874","Xã Tuy Lộc","471","Huyện Cẩm Khê","44","Phú Thọ"
"2875","Xã Ngô Xá","471","Huyện Cẩm Khê","44","Phú Thọ"
"2876","Xã Phương Xá","471","Huyện Cẩm Khê","44","Phú Thọ"
"2877","Xã Phượng Vĩ","471","Huyện Cẩm Khê","44","Phú Thọ"
"2878","Xã Đồng Cam","471","Huyện Cẩm Khê","44","Phú Thọ"
"2879","Xã Thụy Liễu","471","Huyện Cẩm Khê","44","Phú Thọ"
"2880","Xã Phùng Xá","471","Huyện Cẩm Khê","44","Phú Thọ"
"2881","Xã Sơn Nga","471","Huyện Cẩm Khê","44","Phú Thọ"
"2882","Xã Sai Nga","471","Huyện Cẩm Khê","44","Phú Thọ"
"2883","Xã Tùng Khê","471","Huyện Cẩm Khê","44","Phú Thọ"
"2884","Xã Tam Sơn","471","Huyện Cẩm Khê","44","Phú Thọ"
"2885","Xã Văn Bán","471","Huyện Cẩm Khê","44","Phú Thọ"
"2886","Xã Cấp Dẫn","471","Huyện Cẩm Khê","44","Phú Thọ"
"2887","Xã Thanh Nga","471","Huyện Cẩm Khê","44","Phú Thọ"
"2888","Xã Xương Thịnh","471","Huyện Cẩm Khê","44","Phú Thọ"
"2889","Xã Phú Khê","471","Huyện Cẩm Khê","44","Phú Thọ"
"2890","Xã Sơn Tình","471","Huyện Cẩm Khê","44","Phú Thọ"
"2891","Xã Yên Tập","471","Huyện Cẩm Khê","44","Phú Thọ"
"2892","Xã Hương Lung","471","Huyện Cẩm Khê","44","Phú Thọ"
"2893","Xã Tạ Xá","471","Huyện Cẩm Khê","44","Phú Thọ"
"2894","Xã Phú Lạc","471","Huyện Cẩm Khê","44","Phú Thọ"
"2895","Xã Tình Cương","471","Huyện Cẩm Khê","44","Phú Thọ"
"2896","Xã Chương Xá","471","Huyện Cẩm Khê","44","Phú Thọ"
"2897","Xã Hiền Đa","471","Huyện Cẩm Khê","44","Phú Thọ"
"2898","Xã Văn Khúc","471","Huyện Cẩm Khê","44","Phú Thọ"
"2899","Xã Yên Dưỡng","471","Huyện Cẩm Khê","44","Phú Thọ"
"2900","Xã Cát Trù","471","Huyện Cẩm Khê","44","Phú Thọ"
"2901","Xã Điêu Lương","471","Huyện Cẩm Khê","44","Phú Thọ"
"2902","Xã Đồng Lương","471","Huyện Cẩm Khê","44","Phú Thọ"
"2903","Thị trấn Hưng Hóa","476","Huyện Tam Nông","44","Phú Thọ"
"2904","Xã Vực Trường","476","Huyện Tam Nông","44","Phú Thọ"
"2905","Xã Hiền Quan","476","Huyện Tam Nông","44","Phú Thọ"
"2906","Xã Hương Nha","476","Huyện Tam Nông","44","Phú Thọ"
"2907","Xã Thanh Uyên","476","Huyện Tam Nông","44","Phú Thọ"
"2908","Xã Xuân Quang","476","Huyện Tam Nông","44","Phú Thọ"
"2909","Xã Tứ Mỹ","476","Huyện Tam Nông","44","Phú Thọ"
"2910","Xã Văn Lương","476","Huyện Tam Nông","44","Phú Thọ"
"2911","Xã Hùng Đô","476","Huyện Tam Nông","44","Phú Thọ"
"2912","Xã Phương Thịnh","476","Huyện Tam Nông","44","Phú Thọ"
"2913","Xã Tam Cường","476","Huyện Tam Nông","44","Phú Thọ"
"2914","Xã Cổ Tiết","476","Huyện Tam Nông","44","Phú Thọ"
"2915","Xã Quang Húc","476","Huyện Tam Nông","44","Phú Thọ"
"2916","Xã Hương Nộn","476","Huyện Tam Nông","44","Phú Thọ"
"2917","Xã Tề Lễ","476","Huyện Tam Nông","44","Phú Thọ"
"2918","Xã Thọ Văn","476","Huyện Tam Nông","44","Phú Thọ"
"2919","Xã Dị Nậu","476","Huyện Tam Nông","44","Phú Thọ"
"2920","Xã Hồng Đà","476","Huyện Tam Nông","44","Phú Thọ"
"2921","Xã Dậu Dương","476","Huyện Tam Nông","44","Phú Thọ"
"2922","Xã Thượng Nông","476","Huyện Tam Nông","44","Phú Thọ"
"2923","Thị trấn Lâm Thao","474","Huyện Lâm Thao","44","Phú Thọ"
"2924","Xã Tiên Kiên","474","Huyện Lâm Thao","44","Phú Thọ"
"2925","Thị trấn Hùng Sơn","474","Huyện Lâm Thao","44","Phú Thọ"
"2926","Xã Xuân Lũng","474","Huyện Lâm Thao","44","Phú Thọ"
"2927","Xã Hy Cương","469","Thành phố Việt Trì","44","Phú Thọ"
"2928","Xã Chu Hóa","469","Thành phố Việt Trì","44","Phú Thọ"
"2929","Xã Xuân Huy","474","Huyện Lâm Thao","44","Phú Thọ"
"2930","Xã Thạch Sơn","474","Huyện Lâm Thao","44","Phú Thọ"
"2931","Xã Thanh Đình","469","Thành phố Việt Trì","44","Phú Thọ"
"2932","Xã Sơn Vi","474","Huyện Lâm Thao","44","Phú Thọ"
"2933","Xã Hợp Hải","474","Huyện Lâm Thao","44","Phú Thọ"
"2934","Xã Sơn Dương","474","Huyện Lâm Thao","44","Phú Thọ"
"2935","Xã Cao Xá","474","Huyện Lâm Thao","44","Phú Thọ"
"2936","Xã Kinh Kệ","474","Huyện Lâm Thao","44","Phú Thọ"
"2937","Xã Vĩnh Lại","474","Huyện Lâm Thao","44","Phú Thọ"
"2938","Xã Tứ Xã","474","Huyện Lâm Thao","44","Phú Thọ"
"2939","Xã Bản Nguyên","474","Huyện Lâm Thao","44","Phú Thọ"
"2940","Thị trấn Thanh Sơn","479","Huyện Thanh Sơn","44","Phú Thọ"
"2941","Xã Thu Cúc","477","Huyện Tân Sơn","44","Phú Thọ"
"2942","Xã Thạch Kiệt","477","Huyện Tân Sơn","44","Phú Thọ"
"2943","Xã Thu Ngạc","477","Huyện Tân Sơn","44","Phú Thọ"
"2944","Xã Kiệt Sơn","477","Huyện Tân Sơn","44","Phú Thọ"
"2945","Xã Đồng Sơn","477","Huyện Tân Sơn","44","Phú Thọ"
"2946","Xã Lai Đồng","477","Huyện Tân Sơn","44","Phú Thọ"
"2947","Xã Sơn Hùng","479","Huyện Thanh Sơn","44","Phú Thọ"
"2948","Xã Tân Phú","477","Huyện Tân Sơn","44","Phú Thọ"
"2949","Xã Mỹ Thuận","477","Huyện Tân Sơn","44","Phú Thọ"
"2950","Xã Địch Quả","479","Huyện Thanh Sơn","44","Phú Thọ"
"2951","Xã Giáp Lai","479","Huyện Thanh Sơn","44","Phú Thọ"
"2952","Xã Tân Sơn","477","Huyện Tân Sơn","44","Phú Thọ"
"2953","Xã Thục Luyện","479","Huyện Thanh Sơn","44","Phú Thọ"
"2954","Xã Võ Miếu","479","Huyện Thanh Sơn","44","Phú Thọ"
"2955","Xã Thạch Khoán","479","Huyện Thanh Sơn","44","Phú Thọ"
"2956","Xã Xuân Đài","477","Huyện Tân Sơn","44","Phú Thọ"
"2957","Xã Minh Đài","477","Huyện Tân Sơn","44","Phú Thọ"
"2958","Xã Văn Luông","477","Huyện Tân Sơn","44","Phú Thọ"
"2959","Xã Xuân Sơn","477","Huyện Tân Sơn","44","Phú Thọ"
"2960","Xã Cự Thắng","479","Huyện Thanh Sơn","44","Phú Thọ"
"2961","Xã Tất Thắng","479","Huyện Thanh Sơn","44","Phú Thọ"
"2962","Xã Long Cốc","477","Huyện Tân Sơn","44","Phú Thọ"
"2963","Xã Văn Miếu","479","Huyện Thanh Sơn","44","Phú Thọ"
"2964","Xã Cự Đồng","479","Huyện Thanh Sơn","44","Phú Thọ"
"2965","Xã Kim Thượng","477","Huyện Tân Sơn","44","Phú Thọ"
"2966","Xã Tam Thanh","477","Huyện Tân Sơn","44","Phú Thọ"
"2967","Xã Thắng Sơn","479","Huyện Thanh Sơn","44","Phú Thọ"
"2968","Xã Vinh Tiền","477","Huyện Tân Sơn","44","Phú Thọ"
"2969","Xã Tân Minh","479","Huyện Thanh Sơn","44","Phú Thọ"
"2970","Xã Hương Cần","479","Huyện Thanh Sơn","44","Phú Thọ"
"2971","Xã Khả Cửu","479","Huyện Thanh Sơn","44","Phú Thọ"
"2972","Xã Đông Cửu","479","Huyện Thanh Sơn","44","Phú Thọ"
"2973","Xã Tân Lập","479","Huyện Thanh Sơn","44","Phú Thọ"
"2974","Xã Yên Lãng","479","Huyện Thanh Sơn","44","Phú Thọ"
"2975","Xã Yên Lương","479","Huyện Thanh Sơn","44","Phú Thọ"
"2976","Xã Thượng Cửu","479","Huyện Thanh Sơn","44","Phú Thọ"
"2977","Xã Lương Nha","479","Huyện Thanh Sơn","44","Phú Thọ"
"2978","Xã Yên Sơn","479","Huyện Thanh Sơn","44","Phú Thọ"
"2979","Xã Tinh Nhuệ","479","Huyện Thanh Sơn","44","Phú Thọ"
"2980","Xã Đào Xá","480","Huyện Thanh Thủy","44","Phú Thọ"
"2981","Xã Thạch Đồng","480","Huyện Thanh Thủy","44","Phú Thọ"
"2982","Xã Xuân Lộc","480","Huyện Thanh Thủy","44","Phú Thọ"
"2983","Xã Tân Phương","480","Huyện Thanh Thủy","44","Phú Thọ"
"2984","Thị trấn Thanh Thủy","480","Huyện Thanh Thủy","44","Phú Thọ"
"2985","Xã Sơn Thủy","480","Huyện Thanh Thủy","44","Phú Thọ"
"2986","Xã Bảo Yên","480","Huyện Thanh Thủy","44","Phú Thọ"
"2987","Xã Đoan Hạ","480","Huyện Thanh Thủy","44","Phú Thọ"
"2988","Xã Đồng Luận","480","Huyện Thanh Thủy","44","Phú Thọ"
"2989","Xã Hoàng Xá","480","Huyện Thanh Thủy","44","Phú Thọ"
"2990","Xã Trung Thịnh","480","Huyện Thanh Thủy","44","Phú Thọ"
"2991","Xã Trung Nghĩa","480","Huyện Thanh Thủy","44","Phú Thọ"
"2992","Xã Phượng Mao","480","Huyện Thanh Thủy","44","Phú Thọ"
"2993","Xã Yến Mao","480","Huyện Thanh Thủy","44","Phú Thọ"
"2994","Xã Tu Vũ","480","Huyện Thanh Thủy","44","Phú Thọ"
"2995","Phường Tích Sơn","670","Thành phố Vĩnh Yên","62","Vĩnh Phúc"
"2996","Phường Liên Bảo","670","Thành phố Vĩnh Yên","62","Vĩnh Phúc"
"2997","Phường Hội Hợp","670","Thành phố Vĩnh Yên","62","Vĩnh Phúc"
"2998","Phường Đống Đa","670","Thành phố Vĩnh Yên","62","Vĩnh Phúc"
"2999","Phường Ngô Quyền","670","Thành phố Vĩnh Yên","62","Vĩnh Phúc"
"3000","Phường Đồng Tâm","670","Thành phố Vĩnh Yên","62","Vĩnh Phúc"
"3001","Xã Định Trung","670","Thành phố Vĩnh Yên","62","Vĩnh Phúc"
"3002","Phường Khai Quang","670","Thành phố Vĩnh Yên","62","Vĩnh Phúc"
"3003","Xã Thanh Trù","670","Thành phố Vĩnh Yên","62","Vĩnh Phúc"
"3004","Phường Trưng Trắc","671","Thành phố Phúc Yên","62","Vĩnh Phúc"
"3005","Phường Hùng Vương","671","Thành phố Phúc Yên","62","Vĩnh Phúc"
"3006","Phường Trưng Nhị","671","Thành phố Phúc Yên","62","Vĩnh Phúc"
"3007","Phường Phúc Thắng","671","Thành phố Phúc Yên","62","Vĩnh Phúc"
"3008","Phường Xuân Hòa","671","Thành phố Phúc Yên","62","Vĩnh Phúc"
"3009","Phường Đồng Xuân","671","Thành phố Phúc Yên","62","Vĩnh Phúc"
"3010","Xã Ngọc Thanh","671","Thành phố Phúc Yên","62","Vĩnh Phúc"
"3011","Xã Cao Minh","671","Thành phố Phúc Yên","62","Vĩnh Phúc"
"3012","Phường Nam Viêm","671","Thành phố Phúc Yên","62","Vĩnh Phúc"
"3013","Phường Tiền Châu","671","Thành phố Phúc Yên","62","Vĩnh Phúc"
"3014","Thị trấn Lập Thạch","673","Huyện Lập Thạch","62","Vĩnh Phúc"
"3015","Xã Quang Sơn","673","Huyện Lập Thạch","62","Vĩnh Phúc"
"3016","Xã Ngọc Mỹ","673","Huyện Lập Thạch","62","Vĩnh Phúc"
"3017","Xã Hợp Lý","673","Huyện Lập Thạch","62","Vĩnh Phúc"
"3018","Xã Lãng Công","674","Huyện Sông Lô","62","Vĩnh Phúc"
"3019","Xã Quang Yên","674","Huyện Sông Lô","62","Vĩnh Phúc"
"3020","Xã Bạch Lưu","674","Huyện Sông Lô","62","Vĩnh Phúc"
"3021","Xã Hải Lựu","674","Huyện Sông Lô","62","Vĩnh Phúc"
"3022","Xã Bắc Bình","673","Huyện Lập Thạch","62","Vĩnh Phúc"
"3023","Xã Thái Hòa","673","Huyện Lập Thạch","62","Vĩnh Phúc"
"3024","Thị trấn Hoa Sơn","673","Huyện Lập Thạch","62","Vĩnh Phúc"
"3025","Xã Liễn Sơn","673","Huyện Lập Thạch","62","Vĩnh Phúc"
"3026","Xã Xuân Hòa","673","Huyện Lập Thạch","62","Vĩnh Phúc"
"3027","Xã Vân Trục","673","Huyện Lập Thạch","62","Vĩnh Phúc"
"3028","Xã Đồng Quế","674","Huyện Sông Lô","62","Vĩnh Phúc"
"3029","Xã Nhân Đạo","674","Huyện Sông Lô","62","Vĩnh Phúc"
"3030","Xã Đôn Nhân","674","Huyện Sông Lô","62","Vĩnh Phúc"
"3031","Xã Phương Khoan","674","Huyện Sông Lô","62","Vĩnh Phúc"
"3032","Xã Liên Hòa","673","Huyện Lập Thạch","62","Vĩnh Phúc"
"3033","Xã Tử Du","673","Huyện Lập Thạch","62","Vĩnh Phúc"
"3034","Xã Tân Lập","674","Huyện Sông Lô","62","Vĩnh Phúc"
"3035","Xã Nhạo Sơn","674","Huyện Sông Lô","62","Vĩnh Phúc"
"3036","Thị trấn Tam Sơn","674","Huyện Sông Lô","62","Vĩnh Phúc"
"3037","Xã Như Thụy","674","Huyện Sông Lô","62","Vĩnh Phúc"
"3038","Xã Yên Thạch","674","Huyện Sông Lô","62","Vĩnh Phúc"
"3039","Xã Bàn Giản","673","Huyện Lập Thạch","62","Vĩnh Phúc"
"3040","Xã Xuân Lôi","673","Huyện Lập Thạch","62","Vĩnh Phúc"
"3041","Xã Đồng Ích","673","Huyện Lập Thạch","62","Vĩnh Phúc"
"3042","Xã Tiên Lữ","673","Huyện Lập Thạch","62","Vĩnh Phúc"
"3043","Xã Văn Quán","673","Huyện Lập Thạch","62","Vĩnh Phúc"
"3044","Xã Đồng Thịnh","674","Huyện Sông Lô","62","Vĩnh Phúc"
"3045","Xã Tứ Yên","674","Huyện Sông Lô","62","Vĩnh Phúc"
"3046","Xã Đức Bác","674","Huyện Sông Lô","62","Vĩnh Phúc"
"3047","Xã Đình Chu","673","Huyện Lập Thạch","62","Vĩnh Phúc"
"3048","Xã Cao Phong","674","Huyện Sông Lô","62","Vĩnh Phúc"
"3049","Xã Triệu Đề","673","Huyện Lập Thạch","62","Vĩnh Phúc"
"3050","Xã Sơn Đông","673","Huyện Lập Thạch","62","Vĩnh Phúc"
"3051","Thị trấn Hợp Hòa","675","Huyện Tam Dương","62","Vĩnh Phúc"
"3052","Xã Hoàng Hoa","675","Huyện Tam Dương","62","Vĩnh Phúc"
"3053","Xã Đồng Tĩnh","675","Huyện Tam Dương","62","Vĩnh Phúc"
"3054","Xã Kim Long","675","Huyện Tam Dương","62","Vĩnh Phúc"
"3055","Xã Hướng Đạo","675","Huyện Tam Dương","62","Vĩnh Phúc"
"3056","Xã Đạo Tú","675","Huyện Tam Dương","62","Vĩnh Phúc"
"3057","Xã An Hòa","675","Huyện Tam Dương","62","Vĩnh Phúc"
"3058","Xã Thanh Vân","675","Huyện Tam Dương","62","Vĩnh Phúc"
"3059","Xã Duy Phiên","675","Huyện Tam Dương","62","Vĩnh Phúc"
"3060","Xã Hoàng Đan","675","Huyện Tam Dương","62","Vĩnh Phúc"
"3061","Xã Hoàng Lâu","675","Huyện Tam Dương","62","Vĩnh Phúc"
"3062","Xã Vân Hội","675","Huyện Tam Dương","62","Vĩnh Phúc"
"3063","Xã Hợp Thịnh","675","Huyện Tam Dương","62","Vĩnh Phúc"
"3064","Thị trấn Tam Đảo","676","Huyện Tam Đảo","62","Vĩnh Phúc"
"3065","Thị trấn Hợp Châu","676","Huyện Tam Đảo","62","Vĩnh Phúc"
"3066","Xã Đạo Trù","676","Huyện Tam Đảo","62","Vĩnh Phúc"
"3067","Xã Yên Dương","676","Huyện Tam Đảo","62","Vĩnh Phúc"
"3068","Xã Bồ Lý","676","Huyện Tam Đảo","62","Vĩnh Phúc"
"3069","Thị trấn Đại Đình","676","Huyện Tam Đảo","62","Vĩnh Phúc"
"3070","Xã Tam Quan","676","Huyện Tam Đảo","62","Vĩnh Phúc"
"3071","Xã Hồ Sơn","676","Huyện Tam Đảo","62","Vĩnh Phúc"
"3072","Xã Minh Quang","676","Huyện Tam Đảo","62","Vĩnh Phúc"
"3073","Thị trấn Hương Canh","672","Huyện Bình Xuyên","62","Vĩnh Phúc"
"3074","Thị trấn Gia Khánh","672","Huyện Bình Xuyên","62","Vĩnh Phúc"
"3075","Xã Trung Mỹ","672","Huyện Bình Xuyên","62","Vĩnh Phúc"
"3076","Thị trấn Bá Hiển","672","Huyện Bình Xuyên","62","Vĩnh Phúc"
"3077","Xã Thiện Kế","672","Huyện Bình Xuyên","62","Vĩnh Phúc"
"3078","Xã Hương Sơn","672","Huyện Bình Xuyên","62","Vĩnh Phúc"
"3079","Xã Tam Hợp","672","Huyện Bình Xuyên","62","Vĩnh Phúc"
"3080","Xã Quất Lưu","672","Huyện Bình Xuyên","62","Vĩnh Phúc"
"3081","Xã Sơn Lôi","672","Huyện Bình Xuyên","62","Vĩnh Phúc"
"3082","Thị trấn Đạo Đức","672","Huyện Bình Xuyên","62","Vĩnh Phúc"
"3083","Xã Tân Phong","672","Huyện Bình Xuyên","62","Vĩnh Phúc"
"3084","Thị trấn Thanh Lãng","672","Huyện Bình Xuyên","62","Vĩnh Phúc"
"3085","Xã Phú Xuân","672","Huyện Bình Xuyên","62","Vĩnh Phúc"
"3086","Thị trấn Chi Đông","18","Huyện Mê Linh","1","Hà Nội"
"3087","Xã Đại Thịnh","18","Huyện Mê Linh","1","Hà Nội"
"3088","Xã Kim Hoa","18","Huyện Mê Linh","1","Hà Nội"
"3089","Xã Thạch Đà","18","Huyện Mê Linh","1","Hà Nội"
"3090","Xã Tiến Thắng","18","Huyện Mê Linh","1","Hà Nội"
"3091","Xã Tự Lập","18","Huyện Mê Linh","1","Hà Nội"
"3092","Thị trấn Quang Minh","18","Huyện Mê Linh","1","Hà Nội"
"3093","Xã Thanh Lâm","18","Huyện Mê Linh","1","Hà Nội"
"3094","Xã Tam Đồng","18","Huyện Mê Linh","1","Hà Nội"
"3095","Xã Liên Mạc","18","Huyện Mê Linh","1","Hà Nội"
"3096","Xã Vạn Yên","18","Huyện Mê Linh","1","Hà Nội"
"3097","Xã Chu Phan","18","Huyện Mê Linh","1","Hà Nội"
"3098","Xã Tiến Thịnh","18","Huyện Mê Linh","1","Hà Nội"
"3099","Xã Mê Linh","18","Huyện Mê Linh","1","Hà Nội"
"3100","Xã Văn Khê","18","Huyện Mê Linh","1","Hà Nội"
"3101","Xã Hoàng Kim","18","Huyện Mê Linh","1","Hà Nội"
"3102","Xã Tiền Phong","18","Huyện Mê Linh","1","Hà Nội"
"3103","Xã Tráng Việt","18","Huyện Mê Linh","1","Hà Nội"
"3104","Thị trấn Yên Lạc","678","Huyện Yên Lạc","62","Vĩnh Phúc"
"3105","Xã Đồng Cương","678","Huyện Yên Lạc","62","Vĩnh Phúc"
"3106","Xã Đồng Văn","678","Huyện Yên Lạc","62","Vĩnh Phúc"
"3107","Xã Bình Định","678","Huyện Yên Lạc","62","Vĩnh Phúc"
"3108","Xã Trung Nguyên","678","Huyện Yên Lạc","62","Vĩnh Phúc"
"3109","Xã Tề Lỗ","678","Huyện Yên Lạc","62","Vĩnh Phúc"
"3110","Xã Tam Hồng","678","Huyện Yên Lạc","62","Vĩnh Phúc"
"3111","Xã Yên Đồng","678","Huyện Yên Lạc","62","Vĩnh Phúc"
"3112","Xã Văn Tiến","678","Huyện Yên Lạc","62","Vĩnh Phúc"
"3113","Xã Nguyệt Đức","678","Huyện Yên Lạc","62","Vĩnh Phúc"
"3114","Xã Yên Phương","678","Huyện Yên Lạc","62","Vĩnh Phúc"
"3115","Xã Hồng Phương","678","Huyện Yên Lạc","62","Vĩnh Phúc"
"3116","Xã Trung Kiên","678","Huyện Yên Lạc","62","Vĩnh Phúc"
"3117","Xã Liên Châu","678","Huyện Yên Lạc","62","Vĩnh Phúc"
"3118","Xã Đại Tự","678","Huyện Yên Lạc","62","Vĩnh Phúc"
"3119","Xã Hồng Châu","678","Huyện Yên Lạc","62","Vĩnh Phúc"
"3120","Xã Trung Hà","678","Huyện Yên Lạc","62","Vĩnh Phúc"
"3121","Thị trấn Vĩnh Tường","677","Huyện Vĩnh Tường","62","Vĩnh Phúc"
"3122","Xã Kim Xá","677","Huyện Vĩnh Tường","62","Vĩnh Phúc"
"3123","Xã Yên Bình","677","Huyện Vĩnh Tường","62","Vĩnh Phúc"
"3124","Xã Chấn Hưng","677","Huyện Vĩnh Tường","62","Vĩnh Phúc"
"3125","Xã Nghĩa Hưng","677","Huyện Vĩnh Tường","62","Vĩnh Phúc"
"3126","Xã Yên Lập","677","Huyện Vĩnh Tường","62","Vĩnh Phúc"
"3127","Xã Việt Xuân","677","Huyện Vĩnh Tường","62","Vĩnh Phúc"
"3128","Xã Bồ Sao","677","Huyện Vĩnh Tường","62","Vĩnh Phúc"
"3129","Xã Đại Đồng","677","Huyện Vĩnh Tường","62","Vĩnh Phúc"
"3130","Xã Tân Tiến","677","Huyện Vĩnh Tường","62","Vĩnh Phúc"
"3131","Xã Lũng Hòa","677","Huyện Vĩnh Tường","62","Vĩnh Phúc"
"3132","Xã Cao Đại","677","Huyện Vĩnh Tường","62","Vĩnh Phúc"
"3133","Thị Trấn Thổ Tang","677","Huyện Vĩnh Tường","62","Vĩnh Phúc"
"3134","Xã Vĩnh Sơn","677","Huyện Vĩnh Tường","62","Vĩnh Phúc"
"3135","Xã Bình Dương","677","Huyện Vĩnh Tường","62","Vĩnh Phúc"
"3136","Xã Tân Cương","677","Huyện Vĩnh Tường","62","Vĩnh Phúc"
"3137","Xã Phú Thịnh","677","Huyện Vĩnh Tường","62","Vĩnh Phúc"
"3138","Xã Thượng Trưng","677","Huyện Vĩnh Tường","62","Vĩnh Phúc"
"3139","Xã Vũ Di","677","Huyện Vĩnh Tường","62","Vĩnh Phúc"
"3140","Xã Lý Nhân","677","Huyện Vĩnh Tường","62","Vĩnh Phúc"
"3141","Xã Tuân Chính","677","Huyện Vĩnh Tường","62","Vĩnh Phúc"
"3142","Xã Vân Xuân","677","Huyện Vĩnh Tường","62","Vĩnh Phúc"
"3143","Xã Tam Phúc","677","Huyện Vĩnh Tường","62","Vĩnh Phúc"
"3144","Thị trấn Tứ Trưng","677","Huyện Vĩnh Tường","62","Vĩnh Phúc"
"3145","Xã Ngũ Kiên","677","Huyện Vĩnh Tường","62","Vĩnh Phúc"
"3146","Xã An Tường","677","Huyện Vĩnh Tường","62","Vĩnh Phúc"
"3147","Xã Vĩnh Thịnh","677","Huyện Vĩnh Tường","62","Vĩnh Phúc"
"3148","Xã Phú Đa","677","Huyện Vĩnh Tường","62","Vĩnh Phúc"
"3149","Xã Vĩnh Ninh","677","Huyện Vĩnh Tường","62","Vĩnh Phúc"
"3150","Phường Vũ Ninh","97","Thành phố Bắc Ninh","8","Bắc Ninh"
"3151","Phường Đáp Cầu","97","Thành phố Bắc Ninh","8","Bắc Ninh"
"3152","Phường Thị Cầu","97","Thành phố Bắc Ninh","8","Bắc Ninh"
"3153","Phường Kinh Bắc","97","Thành phố Bắc Ninh","8","Bắc Ninh"
"3154","Phường Vệ An","97","Thành phố Bắc Ninh","8","Bắc Ninh"
"3155","Phường Tiền An","97","Thành phố Bắc Ninh","8","Bắc Ninh"
"3156","Phường Đại Phúc","97","Thành phố Bắc Ninh","8","Bắc Ninh"
"3157","Phường Ninh Xá","97","Thành phố Bắc Ninh","8","Bắc Ninh"
"3158","Phường Suối Hoa","97","Thành phố Bắc Ninh","8","Bắc Ninh"
"3159","Phường Võ Cường","97","Thành phố Bắc Ninh","8","Bắc Ninh"
"3160","Thị trấn Chờ","104","Huyện Yên Phong","8","Bắc Ninh"
"3161","Xã Dũng Liệt","104","Huyện Yên Phong","8","Bắc Ninh"
"3162","Xã Tam Đa","104","Huyện Yên Phong","8","Bắc Ninh"
"3163","Xã Tam Giang","104","Huyện Yên Phong","8","Bắc Ninh"
"3164","Xã Yên Trung","104","Huyện Yên Phong","8","Bắc Ninh"
"3165","Xã Thụy Hòa","104","Huyện Yên Phong","8","Bắc Ninh"
"3166","Xã Hòa Tiến","104","Huyện Yên Phong","8","Bắc Ninh"
"3167","Phường Hòa Long","97","Thành phố Bắc Ninh","8","Bắc Ninh"
"3168","Xã Đông Tiến","104","Huyện Yên Phong","8","Bắc Ninh"
"3169","Xã Yên Phụ","104","Huyện Yên Phong","8","Bắc Ninh"
"3170","Xã Trung Nghĩa","104","Huyện Yên Phong","8","Bắc Ninh"
"3171","Phường Vạn An","97","Thành phố Bắc Ninh","8","Bắc Ninh"
"3172","Xã Đông Phong","104","Huyện Yên Phong","8","Bắc Ninh"
"3173","Xã Long Châu","104","Huyện Yên Phong","8","Bắc Ninh"
"3174","Phường Khúc Xuyên","97","Thành phố Bắc Ninh","8","Bắc Ninh"
"3175","Xã Văn Môn","104","Huyện Yên Phong","8","Bắc Ninh"
"3176","Xã Đông Thọ","104","Huyện Yên Phong","8","Bắc Ninh"
"3177","Phường Phong Khê","97","Thành phố Bắc Ninh","8","Bắc Ninh"
"3178","Thị trấn Phố Mới","101","Huyện Quế Võ","8","Bắc Ninh"
"3179","Xã Việt Thống","101","Huyện Quế Võ","8","Bắc Ninh"
"3180","Xã Đại Xuân","101","Huyện Quế Võ","8","Bắc Ninh"
"3181","Phường Kim Chân","97","Thành phố Bắc Ninh","8","Bắc Ninh"
"3182","Xã Nhân Hòa","101","Huyện Quế Võ","8","Bắc Ninh"
"3183","Xã Bằng An","101","Huyện Quế Võ","8","Bắc Ninh"
"3184","Xã Phương Liễu","101","Huyện Quế Võ","8","Bắc Ninh"
"3185","Xã Quế Tân","101","Huyện Quế Võ","8","Bắc Ninh"
"3186","Phường Vân Dương","97","Thành phố Bắc Ninh","8","Bắc Ninh"
"3187","Xã Phù Lương","101","Huyện Quế Võ","8","Bắc Ninh"
"3188","Xã Phù Lãng","101","Huyện Quế Võ","8","Bắc Ninh"
"3189","Xã Phượng Mao","101","Huyện Quế Võ","8","Bắc Ninh"
"3190","Xã Việt Hùng","101","Huyện Quế Võ","8","Bắc Ninh"
"3191","Xã Nam Sơn","97","Thành phố Bắc Ninh","8","Bắc Ninh"
"3192","Xã Ngọc Xá","101","Huyện Quế Võ","8","Bắc Ninh"
"3193","Xã Châu Phong","101","Huyện Quế Võ","8","Bắc Ninh"
"3194","Xã Bồng Lai","101","Huyện Quế Võ","8","Bắc Ninh"
"3195","Xã Cách Bi","101","Huyện Quế Võ","8","Bắc Ninh"
"3196","Xã Đào Viên","101","Huyện Quế Võ","8","Bắc Ninh"
"3197","Xã Yên Giả","101","Huyện Quế Võ","8","Bắc Ninh"
"3198","Xã Mộ Đạo","101","Huyện Quế Võ","8","Bắc Ninh"
"3199","Xã Đức Long","101","Huyện Quế Võ","8","Bắc Ninh"
"3200","Xã Chi Lăng","101","Huyện Quế Võ","8","Bắc Ninh"
"3201","Xã Hán Quảng","101","Huyện Quế Võ","8","Bắc Ninh"
"3202","Thị trấn Lim","103","Huyện Tiên Du","8","Bắc Ninh"
"3203","Xã Phú Lâm","103","Huyện Tiên Du","8","Bắc Ninh"
"3204","Phường Khắc Niệm","97","Thành phố Bắc Ninh","8","Bắc Ninh"
"3205","Xã Nội Duệ","103","Huyện Tiên Du","8","Bắc Ninh"
"3206","Phường Hạp Lĩnh","97","Thành phố Bắc Ninh","8","Bắc Ninh"
"3207","Xã Liên Bão","103","Huyện Tiên Du","8","Bắc Ninh"
"3208","Xã Hiên Vân","103","Huyện Tiên Du","8","Bắc Ninh"
"3209","Xã Hoàn Sơn","103","Huyện Tiên Du","8","Bắc Ninh"
"3210","Xã Lạc Vệ","103","Huyện Tiên Du","8","Bắc Ninh"
"3211","Xã Việt Đoàn","103","Huyện Tiên Du","8","Bắc Ninh"
"3212","Xã Phật Tích","103","Huyện Tiên Du","8","Bắc Ninh"
"3213","Xã Tân Chi","103","Huyện Tiên Du","8","Bắc Ninh"
"3214","Xã Đại Đồng","103","Huyện Tiên Du","8","Bắc Ninh"
"3215","Xã Tri Phương","103","Huyện Tiên Du","8","Bắc Ninh"
"3216","Xã Minh Đạo","103","Huyện Tiên Du","8","Bắc Ninh"
"3217","Xã Cảnh Hưng","103","Huyện Tiên Du","8","Bắc Ninh"
"3218","Phường Đông Ngàn","98","Thành phố Từ Sơn","8","Bắc Ninh"
"3219","Phường Tam Sơn","98","Thành phố Từ Sơn","8","Bắc Ninh"
"3220","Phường Hương Mạc","98","Thành phố Từ Sơn","8","Bắc Ninh"
"3221","Phường Tương Giang","98","Thành phố Từ Sơn","8","Bắc Ninh"
"3222","Phường Phù Khê","98","Thành phố Từ Sơn","8","Bắc Ninh"
"3223","Phường Đồng Kỵ","98","Thành phố Từ Sơn","8","Bắc Ninh"
"3224","Phường Trang Hạ","98","Thành phố Từ Sơn","8","Bắc Ninh"
"3225","Phường Đồng Nguyên","98","Thành phố Từ Sơn","8","Bắc Ninh"
"3226","Phường Châu Khê","98","Thành phố Từ Sơn","8","Bắc Ninh"
"3227","Phường Tân Hồng","98","Thành phố Từ Sơn","8","Bắc Ninh"
"3228","Phường Đình Bảng","98","Thành phố Từ Sơn","8","Bắc Ninh"
"3229","Phường Phù Chẩn","98","Thành phố Từ Sơn","8","Bắc Ninh"
"3230","Thị trấn Hồ","102","Huyện Thuận Thành","8","Bắc Ninh"
"3231","Xã Hoài Thượng","102","Huyện Thuận Thành","8","Bắc Ninh"
"3232","Xã Đại Đồng Thành","102","Huyện Thuận Thành","8","Bắc Ninh"
"3233","Xã Mão Điền","102","Huyện Thuận Thành","8","Bắc Ninh"
"3234","Xã Song Hồ","102","Huyện Thuận Thành","8","Bắc Ninh"
"3235","Xã Đình Tổ","102","Huyện Thuận Thành","8","Bắc Ninh"
"3236","Xã An Bình","102","Huyện Thuận Thành","8","Bắc Ninh"
"3237","Xã Trí Quả","102","Huyện Thuận Thành","8","Bắc Ninh"
"3238","Xã Gia Đông","102","Huyện Thuận Thành","8","Bắc Ninh"
"3239","Xã Thanh Khương","102","Huyện Thuận Thành","8","Bắc Ninh"
"3240","Xã Trạm Lộ","102","Huyện Thuận Thành","8","Bắc Ninh"
"3241","Xã Xuân Lâm","102","Huyện Thuận Thành","8","Bắc Ninh"
"3242","Xã Hà Mãn","102","Huyện Thuận Thành","8","Bắc Ninh"
"3243","Xã Ngũ Thái","102","Huyện Thuận Thành","8","Bắc Ninh"
"3244","Xã Nguyệt Đức","102","Huyện Thuận Thành","8","Bắc Ninh"
"3245","Xã Ninh Xá","102","Huyện Thuận Thành","8","Bắc Ninh"
"3246","Xã Nghĩa Đạo","102","Huyện Thuận Thành","8","Bắc Ninh"
"3247","Xã Song Liễu","102","Huyện Thuận Thành","8","Bắc Ninh"
"3248","Thị trấn Gia Bình","99","Huyện Gia Bình","8","Bắc Ninh"
"3249","Xã Vạn Ninh","99","Huyện Gia Bình","8","Bắc Ninh"
"3250","Xã Thái Bảo","99","Huyện Gia Bình","8","Bắc Ninh"
"3251","Xã Giang Sơn","99","Huyện Gia Bình","8","Bắc Ninh"
"3252","Xã Cao Đức","99","Huyện Gia Bình","8","Bắc Ninh"
"3253","Xã Đại Lai","99","Huyện Gia Bình","8","Bắc Ninh"
"3254","Xã Song Giang","99","Huyện Gia Bình","8","Bắc Ninh"
"3255","Xã Bình Dương","99","Huyện Gia Bình","8","Bắc Ninh"
"3256","Xã Lãng Ngâm","99","Huyện Gia Bình","8","Bắc Ninh"
"3257","Xã Nhân Thắng","99","Huyện Gia Bình","8","Bắc Ninh"
"3258","Xã Xuân Lai","99","Huyện Gia Bình","8","Bắc Ninh"
"3259","Xã Đông Cứu","99","Huyện Gia Bình","8","Bắc Ninh"
"3260","Xã Đại Bái","99","Huyện Gia Bình","8","Bắc Ninh"
"3261","Xã Quỳnh Phú","99","Huyện Gia Bình","8","Bắc Ninh"
"3262","Thị trấn Thứa","100","Huyện Lương Tài","8","Bắc Ninh"
"3263","Xã An Thịnh","100","Huyện Lương Tài","8","Bắc Ninh"
"3264","Xã Trung Kênh","100","Huyện Lương Tài","8","Bắc Ninh"
"3265","Xã Phú Hòa","100","Huyện Lương Tài","8","Bắc Ninh"
"3266","Xã Mỹ Hương","100","Huyện Lương Tài","8","Bắc Ninh"
"3267","Xã Tân Lãng","100","Huyện Lương Tài","8","Bắc Ninh"
"3268","Xã Quảng Phú","100","Huyện Lương Tài","8","Bắc Ninh"
"3269","Xã Trừng Xá","100","Huyện Lương Tài","8","Bắc Ninh"
"3270","Xã Lai Hạ","100","Huyện Lương Tài","8","Bắc Ninh"
"3271","Xã Trung Chính","100","Huyện Lương Tài","8","Bắc Ninh"
"3272","Xã Minh Tân","100","Huyện Lương Tài","8","Bắc Ninh"
"3273","Xã Bình Định","100","Huyện Lương Tài","8","Bắc Ninh"
"3274","Xã Phú Lương","100","Huyện Lương Tài","8","Bắc Ninh"
"3275","Xã Lâm Thao","100","Huyện Lương Tài","8","Bắc Ninh"
"3276","Phường Nguyễn Trãi","5","Quận Hà Đông","1","Hà Nội"
"3277","Phường Mộ Lao","5","Quận Hà Đông","1","Hà Nội"
"3278","Phường Văn Quán","5","Quận Hà Đông","1","Hà Nội"
"3279","Phường Vạn Phúc","5","Quận Hà Đông","1","Hà Nội"
"3280","Phường Yết Kiêu","5","Quận Hà Đông","1","Hà Nội"
"3281","Phường Quang Trung","5","Quận Hà Đông","1","Hà Nội"
"3282","Phường La Khê","5","Quận Hà Đông","1","Hà Nội"
"3283","Phường Phú La","5","Quận Hà Đông","1","Hà Nội"
"3284","Phường Phúc La","5","Quận Hà Đông","1","Hà Nội"
"3285","Phường Hà Cầu","5","Quận Hà Đông","1","Hà Nội"
"3286","Phường Yên Nghĩa","5","Quận Hà Đông","1","Hà Nội"
"3287","Phường Kiến Hưng","5","Quận Hà Đông","1","Hà Nội"
"3288","Phường Phú Lãm","5","Quận Hà Đông","1","Hà Nội"
"3289","Phường Phú Lương","5","Quận Hà Đông","1","Hà Nội"
"3290","Phường Lê Lợi","1","Thị xã Sơn Tây","1","Hà Nội"
"3291","Phường Phú Thịnh","1","Thị xã Sơn Tây","1","Hà Nội"
"3292","Phường Ngô Quyền","1","Thị xã Sơn Tây","1","Hà Nội"
"3293","Phường Quang Trung","1","Thị xã Sơn Tây","1","Hà Nội"
"3294","Phường Sơn Lộc","1","Thị xã Sơn Tây","1","Hà Nội"
"3295","Phường Xuân Khanh","1","Thị xã Sơn Tây","1","Hà Nội"
"3296","Xã Đường Lâm","1","Thị xã Sơn Tây","1","Hà Nội"
"3297","Phường Viên Sơn","1","Thị xã Sơn Tây","1","Hà Nội"
"3298","Xã Xuân Sơn","1","Thị xã Sơn Tây","1","Hà Nội"
"3299","Phường Trung Hưng","1","Thị xã Sơn Tây","1","Hà Nội"
"3300","Xã Thanh Mỹ","1","Thị xã Sơn Tây","1","Hà Nội"
"3301","Phường Trung Sơn Trầm","1","Thị xã Sơn Tây","1","Hà Nội"
"3302","Xã Kim Sơn","1","Thị xã Sơn Tây","1","Hà Nội"
"3303","Xã Sơn Đông","1","Thị xã Sơn Tây","1","Hà Nội"
"3304","Xã Cổ Đông","1","Thị xã Sơn Tây","1","Hà Nội"
"3305","Thị trấn Tây Đằng","12","Huyện Ba Vì","1","Hà Nội"
"3306","Xã Tân Đức","469","Thành phố Việt Trì","44","Phú Thọ"
"3307","Xã Phú Cường","12","Huyện Ba Vì","1","Hà Nội"
"3308","Xã Cổ Đô","12","Huyện Ba Vì","1","Hà Nội"
"3309","Xã Tản Hồng","12","Huyện Ba Vì","1","Hà Nội"
"3310","Xã Vạn Thắng","12","Huyện Ba Vì","1","Hà Nội"
"3311","Xã Châu Sơn","12","Huyện Ba Vì","1","Hà Nội"
"3312","Xã Phong Vân","12","Huyện Ba Vì","1","Hà Nội"
"3313","Xã Phú Đông","12","Huyện Ba Vì","1","Hà Nội"
"3314","Xã Phú Phương","12","Huyện Ba Vì","1","Hà Nội"
"3315","Xã Phú Châu","12","Huyện Ba Vì","1","Hà Nội"
"3316","Xã Thái Hòa","12","Huyện Ba Vì","1","Hà Nội"
"3317","Xã Đồng Thái","12","Huyện Ba Vì","1","Hà Nội"
"3318","Xã Phú Sơn","12","Huyện Ba Vì","1","Hà Nội"
"3319","Xã Minh Châu","12","Huyện Ba Vì","1","Hà Nội"
"3320","Xã Vật Lại","12","Huyện Ba Vì","1","Hà Nội"
"3321","Xã Chu Minh","12","Huyện Ba Vì","1","Hà Nội"
"3322","Xã Tòng Bạt","12","Huyện Ba Vì","1","Hà Nội"
"3323","Xã Cẩm Lĩnh","12","Huyện Ba Vì","1","Hà Nội"
"3324","Xã Sơn Đà","12","Huyện Ba Vì","1","Hà Nội"
"3325","Xã Đông Quang","12","Huyện Ba Vì","1","Hà Nội"
"3326","Xã Tiên Phong","12","Huyện Ba Vì","1","Hà Nội"
"3327","Xã Thụy An","12","Huyện Ba Vì","1","Hà Nội"
"3328","Xã Cam Thượng","12","Huyện Ba Vì","1","Hà Nội"
"3329","Xã Thuần Mỹ","12","Huyện Ba Vì","1","Hà Nội"
"3330","Xã Tản Lĩnh","12","Huyện Ba Vì","1","Hà Nội"
"3331","Xã Ba Trại","12","Huyện Ba Vì","1","Hà Nội"
"3332","Xã Minh Quang","12","Huyện Ba Vì","1","Hà Nội"
"3333","Xã Ba Vì","12","Huyện Ba Vì","1","Hà Nội"
"3334","Xã Vân Hòa","12","Huyện Ba Vì","1","Hà Nội"
"3335","Xã Yên Bài","12","Huyện Ba Vì","1","Hà Nội"
"3336","Xã Khánh Thượng","12","Huyện Ba Vì","1","Hà Nội"
"3337","Thị trấn Phúc Thọ","21","Huyện Phúc Thọ","1","Hà Nội"
"3338","Xã Vân Hà","21","Huyện Phúc Thọ","1","Hà Nội"
"3339","Xã Vân Phúc","21","Huyện Phúc Thọ","1","Hà Nội"
"3340","Xã Vân Nam","21","Huyện Phúc Thọ","1","Hà Nội"
"3341","Xã Xuân Phú","21","Huyện Phúc Thọ","1","Hà Nội"
"3342","Xã Phương Độ","21","Huyện Phúc Thọ","1","Hà Nội"
"3343","Xã Sen Chiểu","21","Huyện Phúc Thọ","1","Hà Nội"
"3344","Xã Cẩm Đình","21","Huyện Phúc Thọ","1","Hà Nội"
"3345","Xã Võng Xuyên","21","Huyện Phúc Thọ","1","Hà Nội"
"3346","Xã Thọ Lộc","21","Huyện Phúc Thọ","1","Hà Nội"
"3347","Xã Long Xuyên","21","Huyện Phúc Thọ","1","Hà Nội"
"3348","Xã Thượng Cốc","21","Huyện Phúc Thọ","1","Hà Nội"
"3349","Xã Hát Môn","21","Huyện Phúc Thọ","1","Hà Nội"
"3350","Xã Tích Giang","21","Huyện Phúc Thọ","1","Hà Nội"
"3351","Xã Thanh Đa","21","Huyện Phúc Thọ","1","Hà Nội"
"3352","Xã Trạch Mỹ Lộc","21","Huyện Phúc Thọ","1","Hà Nội"
"3353","Xã Phúc Hòa","21","Huyện Phúc Thọ","1","Hà Nội"
"3354","Xã Ngọc Tảo","21","Huyện Phúc Thọ","1","Hà Nội"
"3355","Xã Phụng Thượng","21","Huyện Phúc Thọ","1","Hà Nội"
"3356","Xã Tam Thuấn","21","Huyện Phúc Thọ","1","Hà Nội"
"3357","Xã Tam Hiệp","21","Huyện Phúc Thọ","1","Hà Nội"
"3358","Xã Hiệp Thuận","21","Huyện Phúc Thọ","1","Hà Nội"
"3359","Xã Liên Hiệp","21","Huyện Phúc Thọ","1","Hà Nội"
"3360","Thị trấn Phùng","14","Huyện Đan Phượng","1","Hà Nội"
"3361","Xã Trung Châu","14","Huyện Đan Phượng","1","Hà Nội"
"3362","Xã Thọ An","14","Huyện Đan Phượng","1","Hà Nội"
"3363","Xã Thọ Xuân","14","Huyện Đan Phượng","1","Hà Nội"
"3364","Xã Hồng Hà","14","Huyện Đan Phượng","1","Hà Nội"
"3365","Xã Liên Hồng","14","Huyện Đan Phượng","1","Hà Nội"
"3366","Xã Liên Hà","14","Huyện Đan Phượng","1","Hà Nội"
"3367","Xã Hạ Mỗ","14","Huyện Đan Phượng","1","Hà Nội"
"3368","Xã Liên Trung","14","Huyện Đan Phượng","1","Hà Nội"
"3369","Xã Phương Đình","14","Huyện Đan Phượng","1","Hà Nội"
"3370","Xã Thượng Mỗ","14","Huyện Đan Phượng","1","Hà Nội"
"3371","Xã Tân Hội","14","Huyện Đan Phượng","1","Hà Nội"
"3372","Xã Tân Lập","14","Huyện Đan Phượng","1","Hà Nội"
"3373","Xã Đan Phượng","14","Huyện Đan Phượng","1","Hà Nội"
"3374","Xã Đồng Tháp","14","Huyện Đan Phượng","1","Hà Nội"
"3375","Xã Song Phượng","14","Huyện Đan Phượng","1","Hà Nội"
"3376","Thị trấn Trạm Trôi","17","Huyện Hoài Đức","1","Hà Nội"
"3377","Xã Đức Thượng","17","Huyện Hoài Đức","1","Hà Nội"
"3378","Xã Minh Khai","17","Huyện Hoài Đức","1","Hà Nội"
"3379","Xã Dương Liễu","17","Huyện Hoài Đức","1","Hà Nội"
"3380","Xã Di Trạch","17","Huyện Hoài Đức","1","Hà Nội"
"3381","Xã Đức Giang","17","Huyện Hoài Đức","1","Hà Nội"
"3382","Xã Cát Quế","17","Huyện Hoài Đức","1","Hà Nội"
"3383","Xã Kim Chung","17","Huyện Hoài Đức","1","Hà Nội"
"3384","Xã Yên Sở","17","Huyện Hoài Đức","1","Hà Nội"
"3385","Xã Sơn Đồng","17","Huyện Hoài Đức","1","Hà Nội"
"3386","Xã Vân Canh","17","Huyện Hoài Đức","1","Hà Nội"
"3387","Xã Đắc Sở","17","Huyện Hoài Đức","1","Hà Nội"
"3388","Xã Lại Yên","17","Huyện Hoài Đức","1","Hà Nội"
"3389","Xã Tiền Yên","17","Huyện Hoài Đức","1","Hà Nội"
"3390","Xã Song Phương","17","Huyện Hoài Đức","1","Hà Nội"
"3391","Xã An Khánh","17","Huyện Hoài Đức","1","Hà Nội"
"3392","Xã An Thượng","17","Huyện Hoài Đức","1","Hà Nội"
"3393","Xã Vân Côn","17","Huyện Hoài Đức","1","Hà Nội"
"3394","Phường Dương Nội","5","Quận Hà Đông","1","Hà Nội"
"3395","Xã La Phù","17","Huyện Hoài Đức","1","Hà Nội"
"3396","Xã Đông La","17","Huyện Hoài Đức","1","Hà Nội"
"3397","Thị trấn Quốc Oai","22","Huyện Quốc Oai","1","Hà Nội"
"3398","Xã Sài Sơn","22","Huyện Quốc Oai","1","Hà Nội"
"3399","Xã Phượng Cách","22","Huyện Quốc Oai","1","Hà Nội"
"3400","Xã Yên Sơn","22","Huyện Quốc Oai","1","Hà Nội"
"3401","Xã Ngọc Liệp","22","Huyện Quốc Oai","1","Hà Nội"
"3402","Xã Ngọc Mỹ","22","Huyện Quốc Oai","1","Hà Nội"
"3403","Xã Liệp Tuyết","22","Huyện Quốc Oai","1","Hà Nội"
"3404","Xã Thạch Thán","22","Huyện Quốc Oai","1","Hà Nội"
"3405","Xã Đồng Quang","22","Huyện Quốc Oai","1","Hà Nội"
"3406","Xã Phú Cát","22","Huyện Quốc Oai","1","Hà Nội"
"3407","Xã Tuyết Nghĩa","22","Huyện Quốc Oai","1","Hà Nội"
"3408","Xã Nghĩa Hương","22","Huyện Quốc Oai","1","Hà Nội"
"3409","Xã Cộng Hòa","22","Huyện Quốc Oai","1","Hà Nội"
"3410","Xã Tân Phú","22","Huyện Quốc Oai","1","Hà Nội"
"3411","Xã Đại Thành","22","Huyện Quốc Oai","1","Hà Nội"
"3412","Xã Phú Mãn","22","Huyện Quốc Oai","1","Hà Nội"
"3413","Xã Cấn Hữu","22","Huyện Quốc Oai","1","Hà Nội"
"3414","Xã Tân Hòa","22","Huyện Quốc Oai","1","Hà Nội"
"3415","Xã Hòa Thạch","22","Huyện Quốc Oai","1","Hà Nội"
"3416","Xã Đông Yên","22","Huyện Quốc Oai","1","Hà Nội"
"3417","Thị trấn Liên Quan","24","Huyện Thạch Thất","1","Hà Nội"
"3418","Xã Đại Đồng","24","Huyện Thạch Thất","1","Hà Nội"
"3419","Xã Cẩm Yên","24","Huyện Thạch Thất","1","Hà Nội"
"3420","Xã Lại Thượng","24","Huyện Thạch Thất","1","Hà Nội"
"3421","Xã Phú Kim","24","Huyện Thạch Thất","1","Hà Nội"
"3422","Xã Hương Ngải","24","Huyện Thạch Thất","1","Hà Nội"
"3423","Xã Canh Nậu","24","Huyện Thạch Thất","1","Hà Nội"
"3424","Xã Kim Quan","24","Huyện Thạch Thất","1","Hà Nội"
"3425","Xã Dị Nậu","24","Huyện Thạch Thất","1","Hà Nội"
"3426","Xã Bình Yên","24","Huyện Thạch Thất","1","Hà Nội"
"3427","Xã Chàng Sơn","24","Huyện Thạch Thất","1","Hà Nội"
"3428","Xã Thạch Hòa","24","Huyện Thạch Thất","1","Hà Nội"
"3429","Xã Cần Kiệm","24","Huyện Thạch Thất","1","Hà Nội"
"3430","Xã Hữu Bằng","24","Huyện Thạch Thất","1","Hà Nội"
"3431","Xã Phùng Xá","24","Huyện Thạch Thất","1","Hà Nội"
"3432","Xã Tân Xã","24","Huyện Thạch Thất","1","Hà Nội"
"3433","Xã Thạch Xá","24","Huyện Thạch Thất","1","Hà Nội"
"3434","Xã Bình Phú","24","Huyện Thạch Thất","1","Hà Nội"
"3435","Xã Hạ Bằng","24","Huyện Thạch Thất","1","Hà Nội"
"3436","Xã Đồng Trúc","24","Huyện Thạch Thất","1","Hà Nội"
"3437","Thị trấn Chúc Sơn","13","Huyện Chương Mỹ","1","Hà Nội"
"3438","Thị trấn Xuân Mai","13","Huyện Chương Mỹ","1","Hà Nội"
"3439","Xã Phụng Châu","13","Huyện Chương Mỹ","1","Hà Nội"
"3440","Xã Tiên Phương","13","Huyện Chương Mỹ","1","Hà Nội"
"3441","Xã Đông Sơn","13","Huyện Chương Mỹ","1","Hà Nội"
"3442","Xã Đông Phương Yên","13","Huyện Chương Mỹ","1","Hà Nội"
"3443","Xã Phú Nghĩa","13","Huyện Chương Mỹ","1","Hà Nội"
"3444","Xã Trường Yên","13","Huyện Chương Mỹ","1","Hà Nội"
"3445","Xã Ngọc Hòa","13","Huyện Chương Mỹ","1","Hà Nội"
"3446","Xã Thủy Xuân Tiên","13","Huyện Chương Mỹ","1","Hà Nội"
"3447","Xã Thanh Bình","13","Huyện Chương Mỹ","1","Hà Nội"
"3448","Xã Trung Hòa","13","Huyện Chương Mỹ","1","Hà Nội"
"3449","Xã Đại Yên","13","Huyện Chương Mỹ","1","Hà Nội"
"3450","Xã Thụy Hương","13","Huyện Chương Mỹ","1","Hà Nội"
"3451","Xã Tốt Động","13","Huyện Chương Mỹ","1","Hà Nội"
"3452","Xã Lam Điền","13","Huyện Chương Mỹ","1","Hà Nội"
"3453","Xã Tân Tiến","13","Huyện Chương Mỹ","1","Hà Nội"
"3454","Xã Nam Phương Tiến","13","Huyện Chương Mỹ","1","Hà Nội"
"3455","Xã Hợp Đồng","13","Huyện Chương Mỹ","1","Hà Nội"
"3456","Xã Hoàng Văn Thụ","13","Huyện Chương Mỹ","1","Hà Nội"
"3457","Xã Hoàng Diệu","13","Huyện Chương Mỹ","1","Hà Nội"
"3458","Xã Hữu Văn","13","Huyện Chương Mỹ","1","Hà Nội"
"3459","Xã Quảng Bị","13","Huyện Chương Mỹ","1","Hà Nội"
"3460","Xã Mỹ Lương","13","Huyện Chương Mỹ","1","Hà Nội"
"3461","Xã Thượng Vực","13","Huyện Chương Mỹ","1","Hà Nội"
"3462","Xã Hồng Phong","13","Huyện Chương Mỹ","1","Hà Nội"
"3463","Xã Đồng Phú","13","Huyện Chương Mỹ","1","Hà Nội"
"3464","Xã Trần Phú","13","Huyện Chương Mỹ","1","Hà Nội"
"3465","Xã Văn Võ","13","Huyện Chương Mỹ","1","Hà Nội"
"3466","Xã Đồng Lạc","13","Huyện Chương Mỹ","1","Hà Nội"
"3467","Xã Hòa Chính","13","Huyện Chương Mỹ","1","Hà Nội"
"3468","Xã Phú Nam An","13","Huyện Chương Mỹ","1","Hà Nội"
"3469","Thị trấn Kim Bài","25","Huyện Thanh Oai","1","Hà Nội"
"3470","Phường Đồng Mai","5","Quận Hà Đông","1","Hà Nội"
"3471","Xã Cự Khê","25","Huyện Thanh Oai","1","Hà Nội"
"3472","Phường Biên Giang","5","Quận Hà Đông","1","Hà Nội"
"3473","Xã Bích Hòa","25","Huyện Thanh Oai","1","Hà Nội"
"3474","Xã Mỹ Hưng","25","Huyện Thanh Oai","1","Hà Nội"
"3475","Xã Cao Viên","25","Huyện Thanh Oai","1","Hà Nội"
"3476","Xã Bình Minh","25","Huyện Thanh Oai","1","Hà Nội"
"3477","Xã Tam Hưng","25","Huyện Thanh Oai","1","Hà Nội"
"3478","Xã Thanh Cao","25","Huyện Thanh Oai","1","Hà Nội"
"3479","Xã Thanh Thùy","25","Huyện Thanh Oai","1","Hà Nội"
"3480","Xã Thanh Mai","25","Huyện Thanh Oai","1","Hà Nội"
"3481","Xã Thanh Văn","25","Huyện Thanh Oai","1","Hà Nội"
"3482","Xã Đỗ Động","25","Huyện Thanh Oai","1","Hà Nội"
"3483","Xã Kim An","25","Huyện Thanh Oai","1","Hà Nội"
"3484","Xã Kim Thư","25","Huyện Thanh Oai","1","Hà Nội"
"3485","Xã Phương Trung","25","Huyện Thanh Oai","1","Hà Nội"
"3486","Xã Tân Ước","25","Huyện Thanh Oai","1","Hà Nội"
"3487","Xã Dân Hòa","25","Huyện Thanh Oai","1","Hà Nội"
"3488","Xã Liên Châu","25","Huyện Thanh Oai","1","Hà Nội"
"3489","Xã Cao Dương","25","Huyện Thanh Oai","1","Hà Nội"
"3490","Xã Xuân Dương","25","Huyện Thanh Oai","1","Hà Nội"
"3491","Xã Hồng Dương","25","Huyện Thanh Oai","1","Hà Nội"
"3492","Thị trấn Thường Tín","27","Huyện Thường Tín","1","Hà Nội"
"3493","Xã Ninh Sở","27","Huyện Thường Tín","1","Hà Nội"
"3494","Xã Nhị Khê","27","Huyện Thường Tín","1","Hà Nội"
"3495","Xã Duyên Thái","27","Huyện Thường Tín","1","Hà Nội"
"3496","Xã Khánh Hà","27","Huyện Thường Tín","1","Hà Nội"
"3497","Xã Hòa Bình","27","Huyện Thường Tín","1","Hà Nội"
"3498","Xã Văn Bình","27","Huyện Thường Tín","1","Hà Nội"
"3499","Xã Hiền Giang","27","Huyện Thường Tín","1","Hà Nội"
"3500","Xã Hồng Vân","27","Huyện Thường Tín","1","Hà Nội"
"3501","Xã Vân Tảo","27","Huyện Thường Tín","1","Hà Nội"
"3502","Xã Liên Phương","27","Huyện Thường Tín","1","Hà Nội"
"3503","Xã Văn Phú","27","Huyện Thường Tín","1","Hà Nội"
"3504","Xã Tự Nhiên","27","Huyện Thường Tín","1","Hà Nội"
"3505","Xã Tiền Phong","27","Huyện Thường Tín","1","Hà Nội"
"3506","Xã Hà Hồi","27","Huyện Thường Tín","1","Hà Nội"
"3507","Xã Thư Phú","27","Huyện Thường Tín","1","Hà Nội"
"3508","Xã Nguyễn Trãi","27","Huyện Thường Tín","1","Hà Nội"
"3509","Xã Quất Động","27","Huyện Thường Tín","1","Hà Nội"
"3510","Xã Chương Dương","27","Huyện Thường Tín","1","Hà Nội"
"3511","Xã Tân Minh","27","Huyện Thường Tín","1","Hà Nội"
"3512","Xã Lê Lợi","27","Huyện Thường Tín","1","Hà Nội"
"3513","Xã Thắng Lợi","27","Huyện Thường Tín","1","Hà Nội"
"3514","Xã Dũng Tiến","27","Huyện Thường Tín","1","Hà Nội"
"3515","Xã Thống Nhất","27","Huyện Thường Tín","1","Hà Nội"
"3516","Xã Nghiêm Xuyên","27","Huyện Thường Tín","1","Hà Nội"
"3517","Xã Tô Hiệu","27","Huyện Thường Tín","1","Hà Nội"
"3518","Xã Văn Tự","27","Huyện Thường Tín","1","Hà Nội"
"3519","Xã Vạn Điểm","27","Huyện Thường Tín","1","Hà Nội"
"3520","Xã Minh Cường","27","Huyện Thường Tín","1","Hà Nội"
"3521","Thị trấn Phú Minh","20","Huyện Phú Xuyên","1","Hà Nội"
"3522","Thị trấn Phú Xuyên","20","Huyện Phú Xuyên","1","Hà Nội"
"3523","Xã Hồng Minh","20","Huyện Phú Xuyên","1","Hà Nội"
"3524","Xã Phượng Dực","20","Huyện Phú Xuyên","1","Hà Nội"
"3525","Xã Văn Nhân","20","Huyện Phú Xuyên","1","Hà Nội"
"3526","Xã Thụy Phú","20","Huyện Phú Xuyên","1","Hà Nội"
"3527","Xã Tri Trung","20","Huyện Phú Xuyên","1","Hà Nội"
"3528","Xã Đại Thắng","20","Huyện Phú Xuyên","1","Hà Nội"
"3529","Xã Phú Túc","20","Huyện Phú Xuyên","1","Hà Nội"
"3530","Xã Văn Hoàng","20","Huyện Phú Xuyên","1","Hà Nội"
"3531","Xã Hồng Thái","20","Huyện Phú Xuyên","1","Hà Nội"
"3532","Xã Hoàng Long","20","Huyện Phú Xuyên","1","Hà Nội"
"3533","Xã Quang Trung","20","Huyện Phú Xuyên","1","Hà Nội"
"3534","Xã Nam Phong","20","Huyện Phú Xuyên","1","Hà Nội"
"3535","Xã Nam Triều","20","Huyện Phú Xuyên","1","Hà Nội"
"3536","Xã Tân Dân","20","Huyện Phú Xuyên","1","Hà Nội"
"3537","Xã Sơn Hà","20","Huyện Phú Xuyên","1","Hà Nội"
"3538","Xã Chuyên Mỹ","20","Huyện Phú Xuyên","1","Hà Nội"
"3539","Xã Khai Thái","20","Huyện Phú Xuyên","1","Hà Nội"
"3540","Xã Phúc Tiến","20","Huyện Phú Xuyên","1","Hà Nội"
"3541","Xã Vân Từ","20","Huyện Phú Xuyên","1","Hà Nội"
"3542","Xã Tri Thủy","20","Huyện Phú Xuyên","1","Hà Nội"
"3543","Xã Đại Xuyên","20","Huyện Phú Xuyên","1","Hà Nội"
"3544","Xã Phú Yên","20","Huyện Phú Xuyên","1","Hà Nội"
"3545","Xã Bạch Hạ","20","Huyện Phú Xuyên","1","Hà Nội"
"3546","Xã Quang Lãng","20","Huyện Phú Xuyên","1","Hà Nội"
"3547","Xã Châu Can","20","Huyện Phú Xuyên","1","Hà Nội"
"3548","Xã Minh Tân","20","Huyện Phú Xuyên","1","Hà Nội"
"3549","Thị trấn Vân Đình","29","Huyện Ứng Hòa","1","Hà Nội"
"3550","Xã Viên An","29","Huyện Ứng Hòa","1","Hà Nội"
"3551","Xã Viên Nội","29","Huyện Ứng Hòa","1","Hà Nội"
"3552","Xã Hoa Sơn","29","Huyện Ứng Hòa","1","Hà Nội"
"3553","Xã Quảng Phú Cầu","29","Huyện Ứng Hòa","1","Hà Nội"
"3554","Xã Trường Thịnh","29","Huyện Ứng Hòa","1","Hà Nội"
"3555","Xã Cao Thành","29","Huyện Ứng Hòa","1","Hà Nội"
"3556","Xã Liên Bạt","29","Huyện Ứng Hòa","1","Hà Nội"
"3557","Xã Sơn Công","29","Huyện Ứng Hòa","1","Hà Nội"
"3558","Xã Đồng Tiến","29","Huyện Ứng Hòa","1","Hà Nội"
"3559","Xã Phương Tú","29","Huyện Ứng Hòa","1","Hà Nội"
"3560","Xã Trung Tú","29","Huyện Ứng Hòa","1","Hà Nội"
"3561","Xã Đồng Tân","29","Huyện Ứng Hòa","1","Hà Nội"
"3562","Xã Tảo Dương Văn","29","Huyện Ứng Hòa","1","Hà Nội"
"3563","Xã Vạn Thái","29","Huyện Ứng Hòa","1","Hà Nội"
"3564","Xã Minh Đức","29","Huyện Ứng Hòa","1","Hà Nội"
"3565","Xã Hòa Lâm","29","Huyện Ứng Hòa","1","Hà Nội"
"3566","Xã Hòa Xá","29","Huyện Ứng Hòa","1","Hà Nội"
"3567","Xã Trầm Lộng","29","Huyện Ứng Hòa","1","Hà Nội"
"3568","Xã Kim Đường","29","Huyện Ứng Hòa","1","Hà Nội"
"3569","Xã Hòa Nam","29","Huyện Ứng Hòa","1","Hà Nội"
"3570","Xã Hòa Phú","29","Huyện Ứng Hòa","1","Hà Nội"
"3571","Xã Đội Bình","29","Huyện Ứng Hòa","1","Hà Nội"
"3572","Xã Đại Hùng","29","Huyện Ứng Hòa","1","Hà Nội"
"3573","Xã Đông Lỗ","29","Huyện Ứng Hòa","1","Hà Nội"
"3574","Xã Phù Lưu","29","Huyện Ứng Hòa","1","Hà Nội"
"3575","Xã Đại Cường","29","Huyện Ứng Hòa","1","Hà Nội"
"3576","Xã Lưu Hoàng","29","Huyện Ứng Hòa","1","Hà Nội"
"3577","Xã Hồng Quang","29","Huyện Ứng Hòa","1","Hà Nội"
"3578","Thị trấn Đại Nghĩa","19","Huyện Mỹ Đức","1","Hà Nội"
"3579","Xã Đồng Tâm","19","Huyện Mỹ Đức","1","Hà Nội"
"3580","Xã Thượng Lâm","19","Huyện Mỹ Đức","1","Hà Nội"
"3581","Xã Tuy Lai","19","Huyện Mỹ Đức","1","Hà Nội"
"3582","Xã Phúc Lâm","19","Huyện Mỹ Đức","1","Hà Nội"
"3583","Xã Mỹ Thành","19","Huyện Mỹ Đức","1","Hà Nội"
"3584","Xã Bột Xuyên","19","Huyện Mỹ Đức","1","Hà Nội"
"3585","Xã An Mỹ","19","Huyện Mỹ Đức","1","Hà Nội"
"3586","Xã Hồng Sơn","19","Huyện Mỹ Đức","1","Hà Nội"
"3587","Xã Lê Thanh","19","Huyện Mỹ Đức","1","Hà Nội"
"3588","Xã Xuy Xá","19","Huyện Mỹ Đức","1","Hà Nội"
"3589","Xã Phùng Xá","19","Huyện Mỹ Đức","1","Hà Nội"
"3590","Xã Phù Lưu Tế","19","Huyện Mỹ Đức","1","Hà Nội"
"3591","Xã Đại Hưng","19","Huyện Mỹ Đức","1","Hà Nội"
"3592","Xã Vạn Kim","19","Huyện Mỹ Đức","1","Hà Nội"
"3593","Xã Đốc Tín","19","Huyện Mỹ Đức","1","Hà Nội"
"3594","Xã Hương Sơn","19","Huyện Mỹ Đức","1","Hà Nội"
"3595","Xã Hùng Tiến","19","Huyện Mỹ Đức","1","Hà Nội"
"3596","Xã An Tiến","19","Huyện Mỹ Đức","1","Hà Nội"
"3597","Xã Hợp Tiến","19","Huyện Mỹ Đức","1","Hà Nội"
"3598","Xã Hợp Thanh","19","Huyện Mỹ Đức","1","Hà Nội"
"3599","Xã An Phú","19","Huyện Mỹ Đức","1","Hà Nội"
"3600","Phường Cẩm Thượng","293","Thành phố Hải Dương","27","Hải Dương"
"3601","Phường Bình Hàn","293","Thành phố Hải Dương","27","Hải Dương"
"3602","Phường Ngọc Châu","293","Thành phố Hải Dương","27","Hải Dương"
"3603","Phường Nhị Châu","293","Thành phố Hải Dương","27","Hải Dương"
"3604","Phường Quang Trung","293","Thành phố Hải Dương","27","Hải Dương"
"3605","Phường Nguyễn Trãi","293","Thành phố Hải Dương","27","Hải Dương"
"3606","Phường Phạm Ngũ Lão","293","Thành phố Hải Dương","27","Hải Dương"
"3607","Phường Trần Hưng Đạo","293","Thành phố Hải Dương","27","Hải Dương"
"3608","Phường Trần Phú","293","Thành phố Hải Dương","27","Hải Dương"
"3609","Phường Thanh Bình","293","Thành phố Hải Dương","27","Hải Dương"
"3610","Phường Tân Bình","293","Thành phố Hải Dương","27","Hải Dương"
"3611","Phường Lê Thanh Nghị","293","Thành phố Hải Dương","27","Hải Dương"
"3612","Phường Hải Tân","293","Thành phố Hải Dương","27","Hải Dương"
"3613","Phường Tứ Minh","293","Thành phố Hải Dương","27","Hải Dương"
"3614","Phường Việt Hòa","293","Thành phố Hải Dương","27","Hải Dương"
"3615","Phường Phả Lại","294","Thành phố Chí Linh","27","Hải Dương"
"3616","Phường Sao Đỏ","294","Thành phố Chí Linh","27","Hải Dương"
"3617","Phường Bến Tắm","294","Thành phố Chí Linh","27","Hải Dương"
"3618","Xã Hoàng Hoa Thám","294","Thành phố Chí Linh","27","Hải Dương"
"3619","Xã Bắc An","294","Thành phố Chí Linh","27","Hải Dương"
"3620","Xã Hưng Đạo","294","Thành phố Chí Linh","27","Hải Dương"
"3621","Xã Lê Lợi","294","Thành phố Chí Linh","27","Hải Dương"
"3622","Phường Hoàng Tiến","294","Thành phố Chí Linh","27","Hải Dương"
"3623","Phường Cộng Hòa","294","Thành phố Chí Linh","27","Hải Dương"
"3624","Phường Hoàng Tân","294","Thành phố Chí Linh","27","Hải Dương"
"3625","Phường Cổ Thành","294","Thành phố Chí Linh","27","Hải Dương"
"3626","Phường Văn An","294","Thành phố Chí Linh","27","Hải Dương"
"3627","Phường Chí Minh","294","Thành phố Chí Linh","27","Hải Dương"
"3628","Phường Văn Đức","294","Thành phố Chí Linh","27","Hải Dương"
"3629","Phường Thái Học","294","Thành phố Chí Linh","27","Hải Dương"
"3630","Xã Nhân Huệ","294","Thành phố Chí Linh","27","Hải Dương"
"3631","Xã An Lạc","294","Thành phố Chí Linh","27","Hải Dương"
"3632","Xã Kênh Giang","294","Thành phố Chí Linh","27","Hải Dương"
"3633","Phường Đồng Lạc","294","Thành phố Chí Linh","27","Hải Dương"
"3634","Xã Tân Dân","294","Thành phố Chí Linh","27","Hải Dương"
"3635","Thị trấn Nam Sách","300","Huyện Nam Sách","27","Hải Dương"
"3636","Xã Nam Hưng","300","Huyện Nam Sách","27","Hải Dương"
"3637","Xã Nam Tân","300","Huyện Nam Sách","27","Hải Dương"
"3638","Xã Hợp Tiến","300","Huyện Nam Sách","27","Hải Dương"
"3639","Xã Hiệp Cát","300","Huyện Nam Sách","27","Hải Dương"
"3640","Xã Thanh Quang","300","Huyện Nam Sách","27","Hải Dương"
"3641","Xã Quốc Tuấn","300","Huyện Nam Sách","27","Hải Dương"
"3642","Xã Nam Chính","300","Huyện Nam Sách","27","Hải Dương"
"3643","Xã An Bình","300","Huyện Nam Sách","27","Hải Dương"
"3644","Xã Nam Trung","300","Huyện Nam Sách","27","Hải Dương"
"3645","Xã An Sơn","300","Huyện Nam Sách","27","Hải Dương"
"3646","Xã Cộng Hòa","300","Huyện Nam Sách","27","Hải Dương"
"3647","Xã Thái Tân","300","Huyện Nam Sách","27","Hải Dương"
"3648","Xã An Lâm","300","Huyện Nam Sách","27","Hải Dương"
"3649","Xã Phú Điền","300","Huyện Nam Sách","27","Hải Dương"
"3650","Xã Nam Hồng","300","Huyện Nam Sách","27","Hải Dương"
"3651","Xã Hồng Phong","300","Huyện Nam Sách","27","Hải Dương"
"3652","Xã Đồng Lạc","300","Huyện Nam Sách","27","Hải Dương"
"3653","Phường Ái Quốc","293","Thành phố Hải Dương","27","Hải Dương"
"3654","Xã An Châu","293","Thành phố Hải Dương","27","Hải Dương"
"3655","Xã Minh Tân","300","Huyện Nam Sách","27","Hải Dương"
"3656","Xã Thượng Đạt","293","Thành phố Hải Dương","27","Hải Dương"
"3657","Xã Nam Đồng","293","Thành phố Hải Dương","27","Hải Dương"
"3658","Thị trấn Kinh Môn","299","Thị xã Kinh Môn","27","Hải Dương"
"3659","Xã Bạch Đằng","299","Thị xã Kinh Môn","27","Hải Dương"
"3660","Phường Thất Hùng","299","Thị xã Kinh Môn","27","Hải Dương"
"3661","Xã Lê Ninh","299","Thị xã Kinh Môn","27","Hải Dương"
"3662","Xã Hoành Sơn","299","Thị xã Kinh Môn","27","Hải Dương"
"3663","Xã Phúc Thành","299","Thị xã Kinh Môn","27","Hải Dương"
"3664","Xã Thái Sơn","299","Thị xã Kinh Môn","27","Hải Dương"
"3665","Xã Duy Tân","299","Thị xã Kinh Môn","27","Hải Dương"
"3666","Xã Tân Dân","299","Thị xã Kinh Môn","27","Hải Dương"
"3667","Thị trấn Minh Tân","299","Thị xã Kinh Môn","27","Hải Dương"
"3668","Xã Quang Trung","299","Thị xã Kinh Môn","27","Hải Dương"
"3669","Xã Hiệp Hòa","299","Thị xã Kinh Môn","27","Hải Dương"
"3670","Xã Phạm Mệnh","299","Thị xã Kinh Môn","27","Hải Dương"
"3671","Thị trấn Phú Thứ","299","Thị xã Kinh Môn","27","Hải Dương"
"3672","Xã Thăng Long","299","Thị xã Kinh Môn","27","Hải Dương"
"3673","Xã Lạc Long","299","Thị xã Kinh Môn","27","Hải Dương"
"3674","Phường An Sinh","299","Thị xã Kinh Môn","27","Hải Dương"
"3675","Phường Hiệp Sơn","299","Thị xã Kinh Môn","27","Hải Dương"
"3676","Xã Thượng Quận","299","Thị xã Kinh Môn","27","Hải Dương"
"3677","Phường An Phụ","299","Thị xã Kinh Môn","27","Hải Dương"
"3678","Xã Hiệp An","299","Thị xã Kinh Môn","27","Hải Dương"
"3679","Phường Long Xuyên","299","Thị xã Kinh Môn","27","Hải Dương"
"3680","Phường Thái Thịnh","299","Thị xã Kinh Môn","27","Hải Dương"
"3681","Phường Hiến Thành","299","Thị xã Kinh Môn","27","Hải Dương"
"3682","Xã Minh Hòa","299","Thị xã Kinh Môn","27","Hải Dương"
"3683","Thị trấn Phú Thái","298","Huyện Kim Thành","27","Hải Dương"
"3684","Xã Lai Vu","298","Huyện Kim Thành","27","Hải Dương"
"3685","Xã Cộng Hòa","298","Huyện Kim Thành","27","Hải Dương"
"3686","Xã Thượng Vũ","298","Huyện Kim Thành","27","Hải Dương"
"3687","Xã Cổ Dũng","298","Huyện Kim Thành","27","Hải Dương"
"3688","Xã Việt Hưng","298","Huyện Kim Thành","27","Hải Dương"
"3689","Xã Tuấn Hưng","298","Huyện Kim Thành","27","Hải Dương"
"3690","Xã Kim Xuyên","298","Huyện Kim Thành","27","Hải Dương"
"3691","Xã Phúc Thành A","298","Huyện Kim Thành","27","Hải Dương"
"3692","Xã Ngũ Phúc","298","Huyện Kim Thành","27","Hải Dương"
"3693","Xã Kim Anh","298","Huyện Kim Thành","27","Hải Dương"
"3694","Xã Kim Lương","298","Huyện Kim Thành","27","Hải Dương"
"3695","Xã Kim Tân","298","Huyện Kim Thành","27","Hải Dương"
"3696","Xã Kim Khê","298","Huyện Kim Thành","27","Hải Dương"
"3697","Xã Kim Đính","298","Huyện Kim Thành","27","Hải Dương"
"3698","Xã Cẩm La","298","Huyện Kim Thành","27","Hải Dương"
"3699","Xã Bình Dân","298","Huyện Kim Thành","27","Hải Dương"
"3700","Xã Tam Kỳ","298","Huyện Kim Thành","27","Hải Dương"
"3701","Xã Đồng Gia","298","Huyện Kim Thành","27","Hải Dương"
"3702","Xã Liên Hòa","298","Huyện Kim Thành","27","Hải Dương"
"3703","Xã Đại Đức","298","Huyện Kim Thành","27","Hải Dương"
"3704","Thị trấn Thanh Hà","302","Huyện Thanh Hà","27","Hải Dương"
"3705","Xã Hồng Lạc","302","Huyện Thanh Hà","27","Hải Dương"
"3706","Xã Việt Hồng","302","Huyện Thanh Hà","27","Hải Dương"
"3707","Xã Quyết Thắng","302","Huyện Thanh Hà","27","Hải Dương"
"3708","Xã Tân Việt","302","Huyện Thanh Hà","27","Hải Dương"
"3709","Xã Cẩm Chế","302","Huyện Thanh Hà","27","Hải Dương"
"3710","Xã Thanh An","302","Huyện Thanh Hà","27","Hải Dương"
"3711","Xã Thanh Lang","302","Huyện Thanh Hà","27","Hải Dương"
"3712","Xã Tiền Tiến","302","Huyện Thanh Hà","27","Hải Dương"
"3713","Xã Tân An","302","Huyện Thanh Hà","27","Hải Dương"
"3714","Xã Liên Mạc","302","Huyện Thanh Hà","27","Hải Dương"
"3715","Xã Thanh Hải","302","Huyện Thanh Hà","27","Hải Dương"
"3716","Xã Thanh Khê","302","Huyện Thanh Hà","27","Hải Dương"
"3717","Xã Thanh Xá","302","Huyện Thanh Hà","27","Hải Dương"
"3718","Xã Thanh Xuân","302","Huyện Thanh Hà","27","Hải Dương"
"3719","Xã An Lương","302","Huyện Thanh Hà","27","Hải Dương"
"3720","Xã Thanh Thủy","302","Huyện Thanh Hà","27","Hải Dương"
"3721","Xã Phượng Hoàng","302","Huyện Thanh Hà","27","Hải Dương"
"3722","Xã Thanh Sơn","302","Huyện Thanh Hà","27","Hải Dương"
"3723","Xã Hợp Đức","302","Huyện Thanh Hà","27","Hải Dương"
"3724","Xã Trường Thành","302","Huyện Thanh Hà","27","Hải Dương"
"3725","Xã Thanh Bính","302","Huyện Thanh Hà","27","Hải Dương"
"3726","Xã Thanh Hồng","302","Huyện Thanh Hà","27","Hải Dương"
"3727","Xã Thanh Cường","302","Huyện Thanh Hà","27","Hải Dương"
"3728","Xã Vĩnh Lập","302","Huyện Thanh Hà","27","Hải Dương"
"3729","Thị trấn Cẩm Giang","296","Huyện Cẩm Giàng","27","Hải Dương"
"3730","Thị trấn Lai Cách","296","Huyện Cẩm Giàng","27","Hải Dương"
"3731","Xã Cẩm Hưng","296","Huyện Cẩm Giàng","27","Hải Dương"
"3732","Xã Cẩm Hoàng","296","Huyện Cẩm Giàng","27","Hải Dương"
"3733","Xã Cẩm Văn","296","Huyện Cẩm Giàng","27","Hải Dương"
"3734","Xã Ngọc Liên","296","Huyện Cẩm Giàng","27","Hải Dương"
"3735","Xã Thạch Lỗi","296","Huyện Cẩm Giàng","27","Hải Dương"
"3736","Xã Cẩm Vũ","296","Huyện Cẩm Giàng","27","Hải Dương"
"3737","Xã Đức Chính","296","Huyện Cẩm Giàng","27","Hải Dương"
"3738","Xã Cẩm Sơn","296","Huyện Cẩm Giàng","27","Hải Dương"
"3739","Xã Cẩm Định","296","Huyện Cẩm Giàng","27","Hải Dương"
"3740","Xã Kim Giang","296","Huyện Cẩm Giàng","27","Hải Dương"
"3741","Xã Lương Điền","296","Huyện Cẩm Giàng","27","Hải Dương"
"3742","Xã Cao An","296","Huyện Cẩm Giàng","27","Hải Dương"
"3743","Xã Tân Trường","296","Huyện Cẩm Giàng","27","Hải Dương"
"3744","Xã Cẩm Phúc","296","Huyện Cẩm Giàng","27","Hải Dương"
"3745","Xã Cẩm Điền","296","Huyện Cẩm Giàng","27","Hải Dương"
"3746","Xã Cẩm Đông","296","Huyện Cẩm Giàng","27","Hải Dương"
"3747","Xã Cẩm Đoài","296","Huyện Cẩm Giàng","27","Hải Dương"
"3748","Thị trấn Kẻ Sặt","295","Huyện Bình Giang","27","Hải Dương"
"3749","Xã Hưng Thịnh","295","Huyện Bình Giang","27","Hải Dương"
"3750","Xã Vĩnh Tuy","295","Huyện Bình Giang","27","Hải Dương"
"3751","Xã Hùng Thắng","295","Huyện Bình Giang","27","Hải Dương"
"3752","Xã Tráng Liệt","295","Huyện Bình Giang","27","Hải Dương"
"3753","Xã Vĩnh Hồng","295","Huyện Bình Giang","27","Hải Dương"
"3754","Xã Long Xuyên","295","Huyện Bình Giang","27","Hải Dương"
"3755","Xã Tân Việt","295","Huyện Bình Giang","27","Hải Dương"
"3756","Xã Thúc Kháng","295","Huyện Bình Giang","27","Hải Dương"
"3757","Xã Tân Hồng","295","Huyện Bình Giang","27","Hải Dương"
"3758","Xã Bình Minh","295","Huyện Bình Giang","27","Hải Dương"
"3759","Xã Hồng Khê","295","Huyện Bình Giang","27","Hải Dương"
"3760","Xã Thái Học","295","Huyện Bình Giang","27","Hải Dương"
"3761","Xã Cổ Bì","295","Huyện Bình Giang","27","Hải Dương"
"3762","Xã Nhân Quyền","295","Huyện Bình Giang","27","Hải Dương"
"3763","Xã Thái Dương","295","Huyện Bình Giang","27","Hải Dương"
"3764","Xã Thái Hòa","295","Huyện Bình Giang","27","Hải Dương"
"3765","Xã Bình Xuyên","295","Huyện Bình Giang","27","Hải Dương"
"3766","Thị trấn Gia Lộc","297","Huyện Gia Lộc","27","Hải Dương"
"3767","Phường Thạch Khôi","293","Thành phố Hải Dương","27","Hải Dương"
"3768","Xã Liên Hồng","297","Huyện Gia Lộc","27","Hải Dương"
"3769","Xã Thống Nhất","297","Huyện Gia Lộc","27","Hải Dương"
"3770","Xã Tân Hưng","293","Thành phố Hải Dương","27","Hải Dương"
"3771","Xã Trùng Khánh","297","Huyện Gia Lộc","27","Hải Dương"
"3772","Xã Gia Xuyên","297","Huyện Gia Lộc","27","Hải Dương"
"3773","Xã Yết Kiêu","297","Huyện Gia Lộc","27","Hải Dương"
"3774","Xã Gia Hòa","297","Huyện Gia Lộc","27","Hải Dương"
"3775","Xã Phương Hưng","297","Huyện Gia Lộc","27","Hải Dương"
"3776","Xã Gia Tân","297","Huyện Gia Lộc","27","Hải Dương"
"3777","Xã Tân Tiến","297","Huyện Gia Lộc","27","Hải Dương"
"3778","Xã Gia Khánh","297","Huyện Gia Lộc","27","Hải Dương"
"3779","Xã Gia Lương","297","Huyện Gia Lộc","27","Hải Dương"
"3780","Xã Lê Lợi","297","Huyện Gia Lộc","27","Hải Dương"
"3781","Xã Toàn Thắng","297","Huyện Gia Lộc","27","Hải Dương"
"3782","Xã Hoàng Diệu","297","Huyện Gia Lộc","27","Hải Dương"
"3783","Xã Hồng Hưng","297","Huyện Gia Lộc","27","Hải Dương"
"3784","Xã Phạm Trấn","297","Huyện Gia Lộc","27","Hải Dương"
"3785","Xã Đoàn Thượng","297","Huyện Gia Lộc","27","Hải Dương"
"3786","Xã Thống Kênh","297","Huyện Gia Lộc","27","Hải Dương"
"3787","Xã Quang Minh","297","Huyện Gia Lộc","27","Hải Dương"
"3788","Xã Đồng Quang","297","Huyện Gia Lộc","27","Hải Dương"
"3789","Xã Nhật Tân","297","Huyện Gia Lộc","27","Hải Dương"
"3790","Xã Đức Xương","297","Huyện Gia Lộc","27","Hải Dương"
"3791","Thị trấn Tứ Kỳ","304","Huyện Tứ Kỳ","27","Hải Dương"
"3792","Xã Ngọc Sơn","304","Huyện Tứ Kỳ","27","Hải Dương"
"3793","Xã Kỳ Sơn","304","Huyện Tứ Kỳ","27","Hải Dương"
"3794","Xã Đại Đồng","304","Huyện Tứ Kỳ","27","Hải Dương"
"3795","Xã Hưng Đạo","304","Huyện Tứ Kỳ","27","Hải Dương"
"3796","Xã Ngọc Kỳ","304","Huyện Tứ Kỳ","27","Hải Dương"
"3797","Xã Bình Lăng","304","Huyện Tứ Kỳ","27","Hải Dương"
"3798","Xã Tứ Xuyên","304","Huyện Tứ Kỳ","27","Hải Dương"
"3799","Xã Tái Sơn","304","Huyện Tứ Kỳ","27","Hải Dương"
"3800","Xã Quang Phục","304","Huyện Tứ Kỳ","27","Hải Dương"
"3801","Xã Đông Kỳ","304","Huyện Tứ Kỳ","27","Hải Dương"
"3802","Xã Tây Kỳ","304","Huyện Tứ Kỳ","27","Hải Dương"
"3803","Xã Dân Chủ","304","Huyện Tứ Kỳ","27","Hải Dương"
"3804","Xã Tân Kỳ","304","Huyện Tứ Kỳ","27","Hải Dương"
"3805","Xã Quang Khải","304","Huyện Tứ Kỳ","27","Hải Dương"
"3806","Xã Đại Hợp","304","Huyện Tứ Kỳ","27","Hải Dương"
"3807","Xã Quảng Nghiệp","304","Huyện Tứ Kỳ","27","Hải Dương"
"3808","Xã An Thanh","304","Huyện Tứ Kỳ","27","Hải Dương"
"3809","Xã Minh Đức","304","Huyện Tứ Kỳ","27","Hải Dương"
"3810","Xã Văn Tố","304","Huyện Tứ Kỳ","27","Hải Dương"
"3811","Xã Quang Trung","304","Huyện Tứ Kỳ","27","Hải Dương"
"3812","Xã Phượng Kỳ","304","Huyện Tứ Kỳ","27","Hải Dương"
"3813","Xã Cộng Lạc","304","Huyện Tứ Kỳ","27","Hải Dương"
"3814","Xã Tiên Động","304","Huyện Tứ Kỳ","27","Hải Dương"
"3815","Xã Nguyên Giáp","304","Huyện Tứ Kỳ","27","Hải Dương"
"3816","Xã Hà Kỳ","304","Huyện Tứ Kỳ","27","Hải Dương"
"3817","Xã Hà Thanh","304","Huyện Tứ Kỳ","27","Hải Dương"
"3818","Thị trấn Ninh Giang","301","Huyện Ninh Giang","27","Hải Dương"
"3819","Xã Quyết Thắng","301","Huyện Ninh Giang","27","Hải Dương"
"3820","Xã Ứng Hoè","301","Huyện Ninh Giang","27","Hải Dương"
"3821","Xã Nghĩa An","301","Huyện Ninh Giang","27","Hải Dương"
"3822","Xã Hồng Đức","301","Huyện Ninh Giang","27","Hải Dương"
"3823","Xã Ninh Hòa","301","Huyện Ninh Giang","27","Hải Dương"
"3824","Xã An Đức","301","Huyện Ninh Giang","27","Hải Dương"
"3825","Xã Vạn Phúc","301","Huyện Ninh Giang","27","Hải Dương"
"3826","Xã Tân Hương","301","Huyện Ninh Giang","27","Hải Dương"
"3827","Xã Ninh Thành","301","Huyện Ninh Giang","27","Hải Dương"
"3828","Xã Vĩnh Hòa","301","Huyện Ninh Giang","27","Hải Dương"
"3829","Xã Đông Xuyên","301","Huyện Ninh Giang","27","Hải Dương"
"3830","Xã Hoàng Hanh","301","Huyện Ninh Giang","27","Hải Dương"
"3831","Xã Quang Hưng","301","Huyện Ninh Giang","27","Hải Dương"
"3832","Xã Tân Phong","301","Huyện Ninh Giang","27","Hải Dương"
"3833","Xã Ninh Hải","301","Huyện Ninh Giang","27","Hải Dương"
"3834","Xã Đồng Tâm","301","Huyện Ninh Giang","27","Hải Dương"
"3835","Xã Tân Quang","301","Huyện Ninh Giang","27","Hải Dương"
"3836","Xã Kiến Quốc","301","Huyện Ninh Giang","27","Hải Dương"
"3837","Xã Hồng Thái","301","Huyện Ninh Giang","27","Hải Dương"
"3838","Xã Hồng Dụ","301","Huyện Ninh Giang","27","Hải Dương"
"3839","Xã Văn Hội","301","Huyện Ninh Giang","27","Hải Dương"
"3840","Xã Hưng Thái","301","Huyện Ninh Giang","27","Hải Dương"
"3841","Xã Hồng Phong","301","Huyện Ninh Giang","27","Hải Dương"
"3842","Xã Hiệp Lực","301","Huyện Ninh Giang","27","Hải Dương"
"3843","Xã Hồng Phúc","301","Huyện Ninh Giang","27","Hải Dương"
"3844","Xã Hưng Long","301","Huyện Ninh Giang","27","Hải Dương"
"3845","Xã Văn Giang","301","Huyện Ninh Giang","27","Hải Dương"
"3846","Thị trấn Thanh Miện","303","Huyện Thanh Miện","27","Hải Dương"
"3847","Xã Thanh Tùng","303","Huyện Thanh Miện","27","Hải Dương"
"3848","Xã Phạm Kha","303","Huyện Thanh Miện","27","Hải Dương"
"3849","Xã Ngô Quyền","303","Huyện Thanh Miện","27","Hải Dương"
"3850","Xã Đoàn Tùng","303","Huyện Thanh Miện","27","Hải Dương"
"3851","Xã Hồng Quang","303","Huyện Thanh Miện","27","Hải Dương"
"3852","Xã Tân Trào","303","Huyện Thanh Miện","27","Hải Dương"
"3853","Xã Lam Sơn","303","Huyện Thanh Miện","27","Hải Dương"
"3854","Xã Đoàn Kết","303","Huyện Thanh Miện","27","Hải Dương"
"3855","Xã Lê Hồng","303","Huyện Thanh Miện","27","Hải Dương"
"3856","Xã Tứ Cường","303","Huyện Thanh Miện","27","Hải Dương"
"3857","Xã Hùng Sơn","303","Huyện Thanh Miện","27","Hải Dương"
"3858","Xã Ngũ Hùng","303","Huyện Thanh Miện","27","Hải Dương"
"3859","Xã Cao Thắng","303","Huyện Thanh Miện","27","Hải Dương"
"3860","Xã Chi Lăng Bắc","303","Huyện Thanh Miện","27","Hải Dương"
"3861","Xã Chi Lăng Nam","303","Huyện Thanh Miện","27","Hải Dương"
"3862","Xã Thanh Giang","303","Huyện Thanh Miện","27","Hải Dương"
"3863","Xã Diên Hồng","303","Huyện Thanh Miện","27","Hải Dương"
"3864","Xã Tiền Phong","303","Huyện Thanh Miện","27","Hải Dương"
"3865","Phường Quán Toan","309","Quận Hồng Bàng","28","Hải Phòng"
"3866","Phường Hùng Vương","309","Quận Hồng Bàng","28","Hải Phòng"
"3867","Phường Sở Dầu","309","Quận Hồng Bàng","28","Hải Phòng"
"3868","Phường Thượng Lý","309","Quận Hồng Bàng","28","Hải Phòng"
"3869","Phường Hạ Lý","309","Quận Hồng Bàng","28","Hải Phòng"
"3870","Phường Minh Khai","309","Quận Hồng Bàng","28","Hải Phòng"
"3871","Phường Trại Chuối","309","Quận Hồng Bàng","28","Hải Phòng"
"3872","Phường Quang Trung","309","Quận Hồng Bàng","28","Hải Phòng"
"3873","Phường Hoàng Văn Thụ","309","Quận Hồng Bàng","28","Hải Phòng"
"3874","Phường Phan Bội Châu","309","Quận Hồng Bàng","28","Hải Phòng"
"3875","Phường Phạm Hồng Thái","309","Quận Hồng Bàng","28","Hải Phòng"
"3876","Phường Máy Chai","310","Quận Ngô Quyền","28","Hải Phòng"
"3877","Phường Máy Tơ","310","Quận Ngô Quyền","28","Hải Phòng"
"3878","Phường Vạn Mỹ","310","Quận Ngô Quyền","28","Hải Phòng"
"3879","Phường Cầu Tre","310","Quận Ngô Quyền","28","Hải Phòng"
"3880","Phường Lạc Viên","310","Quận Ngô Quyền","28","Hải Phòng"
"3881","Phường Lương Khánh Thiện","310","Quận Ngô Quyền","28","Hải Phòng"
"3882","Phường Gia Viên","310","Quận Ngô Quyền","28","Hải Phòng"
"3883","Phường Đông Khê","310","Quận Ngô Quyền","28","Hải Phòng"
"3884","Phường Cầu Đất","310","Quận Ngô Quyền","28","Hải Phòng"
"3885","Phường Lê Lợi","310","Quận Ngô Quyền","28","Hải Phòng"
"3886","Phường Đằng Giang","310","Quận Ngô Quyền","28","Hải Phòng"
"3887","Phường Lạch Tray","310","Quận Ngô Quyền","28","Hải Phòng"
"3888","Phường Đổng Quốc Bình","310","Quận Ngô Quyền","28","Hải Phòng"
"3889","Phường Cát Dài","311","Quận Lê Chân","28","Hải Phòng"
"3890","Phường An Biên","311","Quận Lê Chân","28","Hải Phòng"
"3891","Phường Lam Sơn","311","Quận Lê Chân","28","Hải Phòng"
"3892","Phường An Dương","311","Quận Lê Chân","28","Hải Phòng"
"3893","Phường Trần Nguyên Hãn","311","Quận Lê Chân","28","Hải Phòng"
"3894","Phường Hồ Nam","311","Quận Lê Chân","28","Hải Phòng"
"3895","Phường Trại Cau","311","Quận Lê Chân","28","Hải Phòng"
"3896","Phường Dư Hàng","311","Quận Lê Chân","28","Hải Phòng"
"3897","Phường Hàng Kênh","311","Quận Lê Chân","28","Hải Phòng"
"3898","Phường Đông Hải","311","Quận Lê Chân","28","Hải Phòng"
"3899","Phường Niệm Nghĩa","311","Quận Lê Chân","28","Hải Phòng"
"3900","Phường Nghĩa Xá","311","Quận Lê Chân","28","Hải Phòng"
"3901","Phường Dư Hàng Kênh","311","Quận Lê Chân","28","Hải Phòng"
"3902","Phường Kênh Dương","311","Quận Lê Chân","28","Hải Phòng"
"3903","Phường Vĩnh Niệm","311","Quận Lê Chân","28","Hải Phòng"
"3904","Phường Đông Hải 1","307","Quận Hải An","28","Hải Phòng"
"3905","Phường Đông Hải 2","307","Quận Hải An","28","Hải Phòng"
"3906","Phường Đằng Lâm","307","Quận Hải An","28","Hải Phòng"
"3907","Phường Thành Tô","307","Quận Hải An","28","Hải Phòng"
"3908","Phường Đằng Hải","307","Quận Hải An","28","Hải Phòng"
"3909","Phường Nam Hải","307","Quận Hải An","28","Hải Phòng"
"3910","Phường Cát Bi","307","Quận Hải An","28","Hải Phòng"
"3911","Phường Tràng Cát","307","Quận Hải An","28","Hải Phòng"
"3912","Phường Quán Trữ","308","Quận Kiến An","28","Hải Phòng"
"3913","Phường Lãm Hà","308","Quận Kiến An","28","Hải Phòng"
"3914","Phường Đồng Hòa","308","Quận Kiến An","28","Hải Phòng"
"3915","Phường Bắc Sơn","308","Quận Kiến An","28","Hải Phòng"
"3916","Phường Nam Sơn","308","Quận Kiến An","28","Hải Phòng"
"3917","Phường Ngọc Sơn","308","Quận Kiến An","28","Hải Phòng"
"3918","Phường Trần Thành Ngọ","308","Quận Kiến An","28","Hải Phòng"
"3919","Phường Văn Đẩu","308","Quận Kiến An","28","Hải Phòng"
"3920","Phường Phù Liễn","308","Quận Kiến An","28","Hải Phòng"
"3921","Phường Tràng Minh","308","Quận Kiến An","28","Hải Phòng"
"3922","Phường Ngọc Xuyên","306","Quận Đồ Sơn","28","Hải Phòng"
"3923","Phường Ngọc Hải","306","Quận Đồ Sơn","28","Hải Phòng"
"3924","Phường Vạn Hương","306","Quận Đồ Sơn","28","Hải Phòng"
"3925","Phường Vạn Sơn","306","Quận Đồ Sơn","28","Hải Phòng"
"3926","Phường Minh Đức","306","Quận Đồ Sơn","28","Hải Phòng"
"3927","Phường Bàng La","306","Quận Đồ Sơn","28","Hải Phòng"
"3928","Thị trấn Núi Đèo","319","Huyện Thủy Nguyên","28","Hải Phòng"
"3929","Thị trấn Minh Đức","319","Huyện Thủy Nguyên","28","Hải Phòng"
"3930","Xã Lại Xuân","319","Huyện Thủy Nguyên","28","Hải Phòng"
"3931","Xã An Sơn","319","Huyện Thủy Nguyên","28","Hải Phòng"
"3932","Xã Kỳ Sơn","319","Huyện Thủy Nguyên","28","Hải Phòng"
"3933","Xã Liên Khê","319","Huyện Thủy Nguyên","28","Hải Phòng"
"3934","Xã Lưu Kiếm","319","Huyện Thủy Nguyên","28","Hải Phòng"
"3935","Xã Lưu Kỳ","319","Huyện Thủy Nguyên","28","Hải Phòng"
"3936","Xã Gia Minh","319","Huyện Thủy Nguyên","28","Hải Phòng"
"3937","Xã Gia Đức","319","Huyện Thủy Nguyên","28","Hải Phòng"
"3938","Xã Minh Tân","319","Huyện Thủy Nguyên","28","Hải Phòng"
"3939","Xã Phù Ninh","319","Huyện Thủy Nguyên","28","Hải Phòng"
"3940","Xã Quảng Thanh","319","Huyện Thủy Nguyên","28","Hải Phòng"
"3941","Xã Chính Mỹ","319","Huyện Thủy Nguyên","28","Hải Phòng"
"3942","Xã Kênh Giang","319","Huyện Thủy Nguyên","28","Hải Phòng"
"3943","Xã Hợp Thành","319","Huyện Thủy Nguyên","28","Hải Phòng"
"3944","Xã Cao Nhân","319","Huyện Thủy Nguyên","28","Hải Phòng"
"3945","Xã Mỹ Đồng","319","Huyện Thủy Nguyên","28","Hải Phòng"
"3946","Xã Đông Sơn","319","Huyện Thủy Nguyên","28","Hải Phòng"
"3947","Xã Hòa Bình","319","Huyện Thủy Nguyên","28","Hải Phòng"
"3948","Xã Trung Hà","319","Huyện Thủy Nguyên","28","Hải Phòng"
"3949","Xã An Lư","319","Huyện Thủy Nguyên","28","Hải Phòng"
"3950","Xã Thủy Triều","319","Huyện Thủy Nguyên","28","Hải Phòng"
"3951","Xã Ngũ Lão","319","Huyện Thủy Nguyên","28","Hải Phòng"
"3952","Xã Phục Lễ","319","Huyện Thủy Nguyên","28","Hải Phòng"
"3953","Xã Tam Hưng","319","Huyện Thủy Nguyên","28","Hải Phòng"
"3954","Xã Phả Lễ","319","Huyện Thủy Nguyên","28","Hải Phòng"
"3955","Xã Lập Lễ","319","Huyện Thủy Nguyên","28","Hải Phòng"
"3956","Xã Kiền Bái","319","Huyện Thủy Nguyên","28","Hải Phòng"
"3957","Xã Thiên Hương","319","Huyện Thủy Nguyên","28","Hải Phòng"
"3958","Xã Thủy Sơn","319","Huyện Thủy Nguyên","28","Hải Phòng"
"3959","Xã Thủy Đường","319","Huyện Thủy Nguyên","28","Hải Phòng"
"3960","Xã Hoàng Động","319","Huyện Thủy Nguyên","28","Hải Phòng"
"3961","Xã Lâm Động","319","Huyện Thủy Nguyên","28","Hải Phòng"
"3962","Xã Hoa Động","319","Huyện Thủy Nguyên","28","Hải Phòng"
"3963","Xã Tân Dương","319","Huyện Thủy Nguyên","28","Hải Phòng"
"3964","Xã Dương Quan","319","Huyện Thủy Nguyên","28","Hải Phòng"
"3965","Thị trấn An Dương","312","Huyện An Dương","28","Hải Phòng"
"3966","Xã Lê Thiện","312","Huyện An Dương","28","Hải Phòng"
"3967","Xã Đại Bản","312","Huyện An Dương","28","Hải Phòng"
"3968","Xã An Hòa","312","Huyện An Dương","28","Hải Phòng"
"3969","Xã Hồng Phong","312","Huyện An Dương","28","Hải Phòng"
"3970","Xã Tân Tiến","312","Huyện An Dương","28","Hải Phòng"
"3971","Xã An Hưng","312","Huyện An Dương","28","Hải Phòng"
"3972","Xã An Hồng","312","Huyện An Dương","28","Hải Phòng"
"3973","Xã Bắc Sơn","312","Huyện An Dương","28","Hải Phòng"
"3974","Xã Nam Sơn","312","Huyện An Dương","28","Hải Phòng"
"3975","Xã Lê Lợi","312","Huyện An Dương","28","Hải Phòng"
"3976","Xã Đặng Cương","312","Huyện An Dương","28","Hải Phòng"
"3977","Xã Đồng Thái","312","Huyện An Dương","28","Hải Phòng"
"3978","Xã Quốc Tuấn","312","Huyện An Dương","28","Hải Phòng"
"3979","Xã An Đồng","312","Huyện An Dương","28","Hải Phòng"
"3980","Xã Hồng Thái","312","Huyện An Dương","28","Hải Phòng"
"3981","Thị trấn An Lão","313","Huyện An Lão","28","Hải Phòng"
"3982","Xã Bát Trang","313","Huyện An Lão","28","Hải Phòng"
"3983","Xã Trường Thọ","313","Huyện An Lão","28","Hải Phòng"
"3984","Xã Trường Thành","313","Huyện An Lão","28","Hải Phòng"
"3985","Xã An Tiến","313","Huyện An Lão","28","Hải Phòng"
"3986","Xã Quang Hưng","313","Huyện An Lão","28","Hải Phòng"
"3987","Xã Quang Trung","313","Huyện An Lão","28","Hải Phòng"
"3988","Xã Quốc Tuấn","313","Huyện An Lão","28","Hải Phòng"
"3989","Xã An Thắng","313","Huyện An Lão","28","Hải Phòng"
"3990","Thị trấn Trường Sơn","313","Huyện An Lão","28","Hải Phòng"
"3991","Xã Tân Dân","313","Huyện An Lão","28","Hải Phòng"
"3992","Xã Thái Sơn","313","Huyện An Lão","28","Hải Phòng"
"3993","Xã Tân Viên","313","Huyện An Lão","28","Hải Phòng"
"3994","Xã Mỹ Đức","313","Huyện An Lão","28","Hải Phòng"
"3995","Xã Chiến Thắng","313","Huyện An Lão","28","Hải Phòng"
"3996","Xã An Thọ","313","Huyện An Lão","28","Hải Phòng"
"3997","Xã An Thái","313","Huyện An Lão","28","Hải Phòng"
"3998","Thị trấn Núi Đối","316","Huyện Kiến Thụy","28","Hải Phòng"
"3999","Phường Đa Phúc","305","Quận Dương Kinh","28","Hải Phòng"
"4000","Phường Hưng Đạo","305","Quận Dương Kinh","28","Hải Phòng"
"4001","Phường Anh Dũng","305","Quận Dương Kinh","28","Hải Phòng"
"4002","Phường Hải Thành","305","Quận Dương Kinh","28","Hải Phòng"
"4003","Xã Đông Phương","316","Huyện Kiến Thụy","28","Hải Phòng"
"4004","Xã Thuận Thiên","316","Huyện Kiến Thụy","28","Hải Phòng"
"4005","Xã Hữu Bằng","316","Huyện Kiến Thụy","28","Hải Phòng"
"4006","Xã Đại Đồng","316","Huyện Kiến Thụy","28","Hải Phòng"
"4007","Phường Hòa Nghĩa","305","Quận Dương Kinh","28","Hải Phòng"
"4008","Xã Ngũ Phúc","316","Huyện Kiến Thụy","28","Hải Phòng"
"4009","Xã Kiến Quốc","316","Huyện Kiến Thụy","28","Hải Phòng"
"4010","Xã Du Lễ","316","Huyện Kiến Thụy","28","Hải Phòng"
"4011","Xã Thụy Hương","316","Huyện Kiến Thụy","28","Hải Phòng"
"4012","Xã Thanh Sơn","316","Huyện Kiến Thụy","28","Hải Phòng"
"4013","Xã Minh Tân","316","Huyện Kiến Thụy","28","Hải Phòng"
"4014","Xã Đại Hà","316","Huyện Kiến Thụy","28","Hải Phòng"
"4015","Xã Ngũ Đoan","316","Huyện Kiến Thụy","28","Hải Phòng"
"4016","Xã Tân Phong","316","Huyện Kiến Thụy","28","Hải Phòng"
"4017","Phường Hợp Đức","306","Quận Đồ Sơn","28","Hải Phòng"
"4018","Phường Tân Thành","305","Quận Dương Kinh","28","Hải Phòng"
"4019","Xã Tân Trào","316","Huyện Kiến Thụy","28","Hải Phòng"
"4020","Xã Đoàn Xá","316","Huyện Kiến Thụy","28","Hải Phòng"
"4021","Xã Tú Sơn","316","Huyện Kiến Thụy","28","Hải Phòng"
"4022","Xã Đại Hợp","316","Huyện Kiến Thụy","28","Hải Phòng"
"4023","Thị trấn Tiên Lãng","317","Huyện Tiên Lãng","28","Hải Phòng"
"4024","Xã Đại Thắng","317","Huyện Tiên Lãng","28","Hải Phòng"
"4025","Xã Tiên Cường","317","Huyện Tiên Lãng","28","Hải Phòng"
"4026","Xã Tự Cường","317","Huyện Tiên Lãng","28","Hải Phòng"
"4027","Xã Tiên Tiến","317","Huyện Tiên Lãng","28","Hải Phòng"
"4028","Xã Quyết Tiến","317","Huyện Tiên Lãng","28","Hải Phòng"
"4029","Xã Khởi Nghĩa","317","Huyện Tiên Lãng","28","Hải Phòng"
"4030","Xã Tiên Thanh","317","Huyện Tiên Lãng","28","Hải Phòng"
"4031","Xã Cấp Tiến","317","Huyện Tiên Lãng","28","Hải Phòng"
"4032","Xã Kiến Thiết","317","Huyện Tiên Lãng","28","Hải Phòng"
"4033","Xã Đoàn Lập","317","Huyện Tiên Lãng","28","Hải Phòng"
"4034","Xã Bạch Đằng","317","Huyện Tiên Lãng","28","Hải Phòng"
"4035","Xã Quang Phục","317","Huyện Tiên Lãng","28","Hải Phòng"
"4036","Xã Toàn Thắng","317","Huyện Tiên Lãng","28","Hải Phòng"
"4037","Xã Tiên Thắng","317","Huyện Tiên Lãng","28","Hải Phòng"
"4038","Xã Tiên Minh","317","Huyện Tiên Lãng","28","Hải Phòng"
"4039","Xã Bắc Hưng","317","Huyện Tiên Lãng","28","Hải Phòng"
"4040","Xã Nam Hưng","317","Huyện Tiên Lãng","28","Hải Phòng"
"4041","Xã Hùng Thắng","317","Huyện Tiên Lãng","28","Hải Phòng"
"4042","Xã Tây Hưng","317","Huyện Tiên Lãng","28","Hải Phòng"
"4043","Xã Đông Hưng","317","Huyện Tiên Lãng","28","Hải Phòng"
"4044","Xã Tiên Hưng","317","Huyện Tiên Lãng","28","Hải Phòng"
"4045","Xã Vinh Quang","317","Huyện Tiên Lãng","28","Hải Phòng"
"4046","Thị trấn Vĩnh Bảo","318","Huyện Vĩnh Bảo","28","Hải Phòng"
"4047","Xã Dũng Tiến","318","Huyện Vĩnh Bảo","28","Hải Phòng"
"4048","Xã Giang Biên","318","Huyện Vĩnh Bảo","28","Hải Phòng"
"4049","Xã Thắng Thủy","318","Huyện Vĩnh Bảo","28","Hải Phòng"
"4050","Xã Trung Lập","318","Huyện Vĩnh Bảo","28","Hải Phòng"
"4051","Xã Việt Tiến","318","Huyện Vĩnh Bảo","28","Hải Phòng"
"4052","Xã Vĩnh An","318","Huyện Vĩnh Bảo","28","Hải Phòng"
"4053","Xã Vĩnh Long","318","Huyện Vĩnh Bảo","28","Hải Phòng"
"4054","Xã Hiệp Hòa","318","Huyện Vĩnh Bảo","28","Hải Phòng"
"4055","Xã Hùng Tiến","318","Huyện Vĩnh Bảo","28","Hải Phòng"
"4056","Xã An Hòa","318","Huyện Vĩnh Bảo","28","Hải Phòng"
"4057","Xã Tân Hưng","318","Huyện Vĩnh Bảo","28","Hải Phòng"
"4058","Xã Tân Liên","318","Huyện Vĩnh Bảo","28","Hải Phòng"
"4059","Xã Nhân Hòa","318","Huyện Vĩnh Bảo","28","Hải Phòng"
"4060","Xã Tam Đa","318","Huyện Vĩnh Bảo","28","Hải Phòng"
"4061","Xã Hưng Nhân","318","Huyện Vĩnh Bảo","28","Hải Phòng"
"4062","Xã Vinh Quang","318","Huyện Vĩnh Bảo","28","Hải Phòng"
"4063","Xã Đồng Minh","318","Huyện Vĩnh Bảo","28","Hải Phòng"
"4064","Xã Thanh Lương","318","Huyện Vĩnh Bảo","28","Hải Phòng"
"4065","Xã Liên Am","318","Huyện Vĩnh Bảo","28","Hải Phòng"
"4066","Xã Lý Học","318","Huyện Vĩnh Bảo","28","Hải Phòng"
"4067","Xã Tam Cường","318","Huyện Vĩnh Bảo","28","Hải Phòng"
"4068","Xã Hòa Bình","318","Huyện Vĩnh Bảo","28","Hải Phòng"
"4069","Xã Tiền Phong","318","Huyện Vĩnh Bảo","28","Hải Phòng"
"4070","Xã Vĩnh Phong","318","Huyện Vĩnh Bảo","28","Hải Phòng"
"4071","Xã Cộng Hiền","318","Huyện Vĩnh Bảo","28","Hải Phòng"
"4072","Xã Cao Minh","318","Huyện Vĩnh Bảo","28","Hải Phòng"
"4073","Xã Cổ Am","318","Huyện Vĩnh Bảo","28","Hải Phòng"
"4074","Xã Vĩnh Tiến","318","Huyện Vĩnh Bảo","28","Hải Phòng"
"4075","Xã Trấn Dương","318","Huyện Vĩnh Bảo","28","Hải Phòng"
"4076","Thị trấn Cát Bà","315","Huyện đảo Cát Hải","28","Hải Phòng"
"4077","Thị trấn Cát Hải","315","Huyện đảo Cát Hải","28","Hải Phòng"
"4078","Xã Nghĩa Lộ","315","Huyện đảo Cát Hải","28","Hải Phòng"
"4079","Xã Đồng Bài","315","Huyện đảo Cát Hải","28","Hải Phòng"
"4080","Xã Hoàng Châu","315","Huyện đảo Cát Hải","28","Hải Phòng"
"4081","Xã Văn Phong","315","Huyện đảo Cát Hải","28","Hải Phòng"
"4082","Xã Phù Long","315","Huyện đảo Cát Hải","28","Hải Phòng"
"4083","Xã Gia Luận","315","Huyện đảo Cát Hải","28","Hải Phòng"
"4084","Xã Hiền Hào","315","Huyện đảo Cát Hải","28","Hải Phòng"
"4085","Xã Trân Châu","315","Huyện đảo Cát Hải","28","Hải Phòng"
"4086","Xã Việt Hải","315","Huyện đảo Cát Hải","28","Hải Phòng"
"4087","Xã Xuân Đám","315","Huyện đảo Cát Hải","28","Hải Phòng"
"4088","Phường Lam Sơn","338","Thành phố Hưng Yên","31","Hưng Yên"
"4089","Phường Hiến Nam","338","Thành phố Hưng Yên","31","Hưng Yên"
"4090","Phường An Tảo","338","Thành phố Hưng Yên","31","Hưng Yên"
"4091","Phường Lê Lợi","338","Thành phố Hưng Yên","31","Hưng Yên"
"4092","Phường Minh Khai","338","Thành phố Hưng Yên","31","Hưng Yên"
"4093","Phường Quang Trung","338","Thành phố Hưng Yên","31","Hưng Yên"
"4094","Phường Hồng Châu","338","Thành phố Hưng Yên","31","Hưng Yên"
"4095","Xã Trung Nghĩa","338","Thành phố Hưng Yên","31","Hưng Yên"
"4096","Xã Liên Phương","338","Thành phố Hưng Yên","31","Hưng Yên"
"4097","Xã Hồng Nam","338","Thành phố Hưng Yên","31","Hưng Yên"
"4098","Xã Quảng Châu","338","Thành phố Hưng Yên","31","Hưng Yên"
"4099","Xã Bảo Khê","338","Thành phố Hưng Yên","31","Hưng Yên"
"4100","Thị trấn Như Quỳnh","346","Huyện Văn Lâm","31","Hưng Yên"
"4101","Xã Lạc Đạo","346","Huyện Văn Lâm","31","Hưng Yên"
"4102","Xã Chỉ Đạo","346","Huyện Văn Lâm","31","Hưng Yên"
"4103","Xã Đại Đồng","346","Huyện Văn Lâm","31","Hưng Yên"
"4104","Xã Việt Hưng","346","Huyện Văn Lâm","31","Hưng Yên"
"4105","Xã Tân Quang","346","Huyện Văn Lâm","31","Hưng Yên"
"4106","Xã Đình Dù","346","Huyện Văn Lâm","31","Hưng Yên"
"4107","Xã Minh Hải","346","Huyện Văn Lâm","31","Hưng Yên"
"4108","Xã Lương Tài","346","Huyện Văn Lâm","31","Hưng Yên"
"4109","Xã Trưng Trắc","346","Huyện Văn Lâm","31","Hưng Yên"
"4110","Xã Lạc Hồng","346","Huyện Văn Lâm","31","Hưng Yên"
"4111","Thị trấn Văn Giang","345","Huyện Văn Giang","31","Hưng Yên"
"4112","Xã Xuân Quan","345","Huyện Văn Giang","31","Hưng Yên"
"4113","Xã Cửu Cao","345","Huyện Văn Giang","31","Hưng Yên"
"4114","Xã Phụng Công","345","Huyện Văn Giang","31","Hưng Yên"
"4115","Xã Nghĩa Trụ","345","Huyện Văn Giang","31","Hưng Yên"
"4116","Xã Long Hưng","345","Huyện Văn Giang","31","Hưng Yên"
"4117","Xã Vĩnh Khúc","345","Huyện Văn Giang","31","Hưng Yên"
"4118","Xã Liên Nghĩa","345","Huyện Văn Giang","31","Hưng Yên"
"4119","Xã Tân Tiến","345","Huyện Văn Giang","31","Hưng Yên"
"4120","Xã Thắng Lợi","345","Huyện Văn Giang","31","Hưng Yên"
"4121","Xã Mễ Sở","345","Huyện Văn Giang","31","Hưng Yên"
"4122","Thị trấn Yên Mỹ","347","Huyện Yên Mỹ","31","Hưng Yên"
"4123","Xã Giai Phạm","347","Huyện Yên Mỹ","31","Hưng Yên"
"4124","Xã Nghĩa Hiệp","347","Huyện Yên Mỹ","31","Hưng Yên"
"4125","Xã Đồng Than","347","Huyện Yên Mỹ","31","Hưng Yên"
"4126","Xã Ngọc Long","347","Huyện Yên Mỹ","31","Hưng Yên"
"4127","Xã Liêu Xá","347","Huyện Yên Mỹ","31","Hưng Yên"
"4128","Xã Hoàn Long","347","Huyện Yên Mỹ","31","Hưng Yên"
"4129","Xã Tân Lập","347","Huyện Yên Mỹ","31","Hưng Yên"
"4130","Xã Thanh Long","347","Huyện Yên Mỹ","31","Hưng Yên"
"4131","Xã Yên Phú","347","Huyện Yên Mỹ","31","Hưng Yên"
"4132","Xã Việt Cường","347","Huyện Yên Mỹ","31","Hưng Yên"
"4133","Xã Trung Hòa","347","Huyện Yên Mỹ","31","Hưng Yên"
"4134","Xã Yên Hòa","347","Huyện Yên Mỹ","31","Hưng Yên"
"4135","Xã Minh Châu","347","Huyện Yên Mỹ","31","Hưng Yên"
"4136","Xã Trung Hưng","347","Huyện Yên Mỹ","31","Hưng Yên"
"4137","Xã Lý Thường Kiệt","347","Huyện Yên Mỹ","31","Hưng Yên"
"4138","Xã Tân Việt","347","Huyện Yên Mỹ","31","Hưng Yên"
"4139","Phường Bần Yên Nhân","342","Thị xã Mỹ Hào","31","Hưng Yên"
"4140","Xã Phan Đình Phùng","342","Thị xã Mỹ Hào","31","Hưng Yên"
"4141","Xã Cẩm Xá","342","Thị xã Mỹ Hào","31","Hưng Yên"
"4142","Xã Dương Quang","342","Thị xã Mỹ Hào","31","Hưng Yên"
"4143","Xã Hòa Phong","342","Thị xã Mỹ Hào","31","Hưng Yên"
"4144","Phường Nhân Hòa","342","Thị xã Mỹ Hào","31","Hưng Yên"
"4145","Phường Dị Sử","342","Thị xã Mỹ Hào","31","Hưng Yên"
"4146","Phường Bạch Sam","342","Thị xã Mỹ Hào","31","Hưng Yên"
"4147","Xã Minh Đức","342","Thị xã Mỹ Hào","31","Hưng Yên"
"4148","Xã Phùng Chí Kiên","342","Thị xã Mỹ Hào","31","Hưng Yên"
"4149","Xã Xuân Dục","342","Thị xã Mỹ Hào","31","Hưng Yên"
"4150","Xã Ngọc Lâm","342","Thị xã Mỹ Hào","31","Hưng Yên"
"4151","Xã Hưng Long","342","Thị xã Mỹ Hào","31","Hưng Yên"
"4152","Thị trấn Ân Thi","339","Huyện Ân Thi","31","Hưng Yên"
"4153","Xã Phù Ủng","339","Huyện Ân Thi","31","Hưng Yên"
"4154","Xã Bắc Sơn","339","Huyện Ân Thi","31","Hưng Yên"
"4155","Xã Bãi Sậy","339","Huyện Ân Thi","31","Hưng Yên"
"4156","Xã Đào Dương","339","Huyện Ân Thi","31","Hưng Yên"
"4157","Xã Tân Phúc","339","Huyện Ân Thi","31","Hưng Yên"
"4158","Xã Vân Du","339","Huyện Ân Thi","31","Hưng Yên"
"4159","Xã Quang Vinh","339","Huyện Ân Thi","31","Hưng Yên"
"4160","Xã Xuân Trúc","339","Huyện Ân Thi","31","Hưng Yên"
"4161","Xã Hoàng Hoa Thám","339","Huyện Ân Thi","31","Hưng Yên"
"4162","Xã Quảng Lãng","339","Huyện Ân Thi","31","Hưng Yên"
"4163","Xã Văn Nhuệ","339","Huyện Ân Thi","31","Hưng Yên"
"4164","Xã Đặng Lễ","339","Huyện Ân Thi","31","Hưng Yên"
"4165","Xã Cẩm Ninh","339","Huyện Ân Thi","31","Hưng Yên"
"4166","Xã Nguyễn Trãi","339","Huyện Ân Thi","31","Hưng Yên"
"4167","Xã Đa Lộc","339","Huyện Ân Thi","31","Hưng Yên"
"4168","Xã Hồ Tùng Mậu","339","Huyện Ân Thi","31","Hưng Yên"
"4169","Xã Tiền Phong","339","Huyện Ân Thi","31","Hưng Yên"
"4170","Xã Hồng Vân","339","Huyện Ân Thi","31","Hưng Yên"
"4171","Xã Hồng Quang","339","Huyện Ân Thi","31","Hưng Yên"
"4172","Xã Hạ Lễ","339","Huyện Ân Thi","31","Hưng Yên"
"4173","Thị trấn Khoái Châu","340","Huyện Khoái Châu","31","Hưng Yên"
"4174","Xã Đông Tảo","340","Huyện Khoái Châu","31","Hưng Yên"
"4175","Xã Bình Minh","340","Huyện Khoái Châu","31","Hưng Yên"
"4176","Xã Dạ Trạch","340","Huyện Khoái Châu","31","Hưng Yên"
"4177","Xã Hàm Tử","340","Huyện Khoái Châu","31","Hưng Yên"
"4178","Xã Ông Đình","340","Huyện Khoái Châu","31","Hưng Yên"
"4179","Xã Tân Dân","340","Huyện Khoái Châu","31","Hưng Yên"
"4180","Xã Tứ Dân","340","Huyện Khoái Châu","31","Hưng Yên"
"4181","Xã An Vĩ","340","Huyện Khoái Châu","31","Hưng Yên"
"4182","Xã Đông Kết","340","Huyện Khoái Châu","31","Hưng Yên"
"4183","Xã Bình Kiều","340","Huyện Khoái Châu","31","Hưng Yên"
"4184","Xã Dân Tiến","340","Huyện Khoái Châu","31","Hưng Yên"
"4185","Xã Đồng Tiến","340","Huyện Khoái Châu","31","Hưng Yên"
"4186","Xã Hồng Tiến","340","Huyện Khoái Châu","31","Hưng Yên"
"4187","Xã Tân Châu","340","Huyện Khoái Châu","31","Hưng Yên"
"4188","Xã Liên Khê","340","Huyện Khoái Châu","31","Hưng Yên"
"4189","Xã Phùng Hưng","340","Huyện Khoái Châu","31","Hưng Yên"
"4190","Xã Việt Hòa","340","Huyện Khoái Châu","31","Hưng Yên"
"4191","Xã Đông Ninh","340","Huyện Khoái Châu","31","Hưng Yên"
"4192","Xã Đại Tập","340","Huyện Khoái Châu","31","Hưng Yên"
"4193","Xã Chí Tân","340","Huyện Khoái Châu","31","Hưng Yên"
"4194","Xã Đại Hưng","340","Huyện Khoái Châu","31","Hưng Yên"
"4195","Xã Thuần Hưng","340","Huyện Khoái Châu","31","Hưng Yên"
"4196","Xã Thành Công","340","Huyện Khoái Châu","31","Hưng Yên"
"4197","Xã Nhuế Dương","340","Huyện Khoái Châu","31","Hưng Yên"
"4198","Thị trấn Lương Bằng","341","Huyện Kim Động","31","Hưng Yên"
"4199","Xã Nghĩa Dân","341","Huyện Kim Động","31","Hưng Yên"
"4200","Xã Toàn Thắng","341","Huyện Kim Động","31","Hưng Yên"
"4201","Xã Vĩnh Xá","341","Huyện Kim Động","31","Hưng Yên"
"4202","Xã Phạm Ngũ Lão","341","Huyện Kim Động","31","Hưng Yên"
"4203","Xã Thọ Vinh","341","Huyện Kim Động","31","Hưng Yên"
"4204","Xã Đồng Thanh","341","Huyện Kim Động","31","Hưng Yên"
"4205","Xã Song Mai","341","Huyện Kim Động","31","Hưng Yên"
"4206","Xã Chính Nghĩa","341","Huyện Kim Động","31","Hưng Yên"
"4207","Xã Nhân La","341","Huyện Kim Động","31","Hưng Yên"
"4208","Xã Phú Thịnh","341","Huyện Kim Động","31","Hưng Yên"
"4209","Xã Mai Động","341","Huyện Kim Động","31","Hưng Yên"
"4210","Xã Đức Hợp","341","Huyện Kim Động","31","Hưng Yên"
"4211","Xã Hùng An","341","Huyện Kim Động","31","Hưng Yên"
"4212","Xã Ngọc Thanh","341","Huyện Kim Động","31","Hưng Yên"
"4213","Xã Vũ Xá","341","Huyện Kim Động","31","Hưng Yên"
"4214","Xã Hiệp Cường","341","Huyện Kim Động","31","Hưng Yên"
"4215","Xã Phú Cường","338","Thành phố Hưng Yên","31","Hưng Yên"
"4216","Xã Hùng Cường","338","Thành phố Hưng Yên","31","Hưng Yên"
"4217","Thị trấn Vương","344","Huyện Tiên Lữ","31","Hưng Yên"
"4218","Xã Hưng Đạo","344","Huyện Tiên Lữ","31","Hưng Yên"
"4219","Xã Ngô Quyền","344","Huyện Tiên Lữ","31","Hưng Yên"
"4220","Xã Nhật Tân","344","Huyện Tiên Lữ","31","Hưng Yên"
"4221","Xã Dị Chế","344","Huyện Tiên Lữ","31","Hưng Yên"
"4222","Xã Lệ Xá","344","Huyện Tiên Lữ","31","Hưng Yên"
"4223","Xã An Viên","344","Huyện Tiên Lữ","31","Hưng Yên"
"4224","Xã Đức Thắng","344","Huyện Tiên Lữ","31","Hưng Yên"
"4225","Xã Trung Dũng","344","Huyện Tiên Lữ","31","Hưng Yên"
"4226","Xã Hải Triều","344","Huyện Tiên Lữ","31","Hưng Yên"
"4227","Xã Thủ Sỹ","344","Huyện Tiên Lữ","31","Hưng Yên"
"4228","Xã Thiện Phiến","344","Huyện Tiên Lữ","31","Hưng Yên"
"4229","Xã Thụy Lôi","344","Huyện Tiên Lữ","31","Hưng Yên"
"4230","Xã Cương Chính","344","Huyện Tiên Lữ","31","Hưng Yên"
"4231","Xã Minh Phượng","344","Huyện Tiên Lữ","31","Hưng Yên"
"4232","Xã Phương Chiểu","338","Thành phố Hưng Yên","31","Hưng Yên"
"4233","Xã Tân Hưng","338","Thành phố Hưng Yên","31","Hưng Yên"
"4234","Xã Hoàng Hanh","338","Thành phố Hưng Yên","31","Hưng Yên"
"4235","Thị trấn Trần Cao","343","Huyện Phù Cừ","31","Hưng Yên"
"4236","Xã Minh Tân","343","Huyện Phù Cừ","31","Hưng Yên"
"4237","Xã Phan Sào Nam","343","Huyện Phù Cừ","31","Hưng Yên"
"4238","Xã Quang Hưng","343","Huyện Phù Cừ","31","Hưng Yên"
"4239","Xã Minh Hoàng","343","Huyện Phù Cừ","31","Hưng Yên"
"4240","Xã Đoàn Đào","343","Huyện Phù Cừ","31","Hưng Yên"
"4241","Xã Tống Phan","343","Huyện Phù Cừ","31","Hưng Yên"
"4242","Xã Đình Cao","343","Huyện Phù Cừ","31","Hưng Yên"
"4243","Xã Nhật Quang","343","Huyện Phù Cừ","31","Hưng Yên"
"4244","Xã Tiền Tiến","343","Huyện Phù Cừ","31","Hưng Yên"
"4245","Xã Tam Đa","343","Huyện Phù Cừ","31","Hưng Yên"
"4246","Xã Minh Tiến","343","Huyện Phù Cừ","31","Hưng Yên"
"4247","Xã Nguyên Hòa","343","Huyện Phù Cừ","31","Hưng Yên"
"4248","Xã Tống Trân","343","Huyện Phù Cừ","31","Hưng Yên"
"4249","Phường Lê Hồng Phong","585","Thành phố Thái Bình","54","Thái Bình"
"4250","Phường Bồ Xuyên","585","Thành phố Thái Bình","54","Thái Bình"
"4251","Phường Đề Thám","585","Thành phố Thái Bình","54","Thái Bình"
"4252","Phường Kỳ Bá","585","Thành phố Thái Bình","54","Thái Bình"
"4253","Phường Quang Trung","585","Thành phố Thái Bình","54","Thái Bình"
"4254","Phường Phú Khánh","585","Thành phố Thái Bình","54","Thái Bình"
"4255","Phường Tiền Phong","585","Thành phố Thái Bình","54","Thái Bình"
"4256","Phường Trần Hưng Đạo","585","Thành phố Thái Bình","54","Thái Bình"
"4257","Phường Trần Lãm","585","Thành phố Thái Bình","54","Thái Bình"
"4258","Xã Đông Hòa","585","Thành phố Thái Bình","54","Thái Bình"
"4259","Phường Hoàng Diệu","585","Thành phố Thái Bình","54","Thái Bình"
"4260","Xã Phú Xuân","585","Thành phố Thái Bình","54","Thái Bình"
"4261","Xã Vũ Phúc","585","Thành phố Thái Bình","54","Thái Bình"
"4262","Xã Vũ Chính","585","Thành phố Thái Bình","54","Thái Bình"
"4263","Thị trấn Quỳnh Côi","589","Huyện Quỳnh Phụ","54","Thái Bình"
"4264","Xã An Khê","589","Huyện Quỳnh Phụ","54","Thái Bình"
"4265","Xã An Đồng","589","Huyện Quỳnh Phụ","54","Thái Bình"
"4266","Xã Quỳnh Hoa","589","Huyện Quỳnh Phụ","54","Thái Bình"
"4267","Xã Quỳnh Lâm","589","Huyện Quỳnh Phụ","54","Thái Bình"
"4268","Xã Quỳnh Thọ","589","Huyện Quỳnh Phụ","54","Thái Bình"
"4269","Xã An Hiệp","589","Huyện Quỳnh Phụ","54","Thái Bình"
"4270","Xã Quỳnh Hoàng","589","Huyện Quỳnh Phụ","54","Thái Bình"
"4271","Xã Quỳnh Giao","589","Huyện Quỳnh Phụ","54","Thái Bình"
"4272","Xã An Thái","589","Huyện Quỳnh Phụ","54","Thái Bình"
"4273","Xã An Cầu","589","Huyện Quỳnh Phụ","54","Thái Bình"
"4274","Xã Quỳnh Hồng","589","Huyện Quỳnh Phụ","54","Thái Bình"
"4275","Xã Quỳnh Khê","589","Huyện Quỳnh Phụ","54","Thái Bình"
"4276","Xã Quỳnh Minh","589","Huyện Quỳnh Phụ","54","Thái Bình"
"4277","Xã An Ninh","589","Huyện Quỳnh Phụ","54","Thái Bình"
"4278","Xã Quỳnh Ngọc","589","Huyện Quỳnh Phụ","54","Thái Bình"
"4279","Xã Quỳnh Hải","589","Huyện Quỳnh Phụ","54","Thái Bình"
"4280","Thị trấn An Bài","589","Huyện Quỳnh Phụ","54","Thái Bình"
"4281","Xã An Ấp","589","Huyện Quỳnh Phụ","54","Thái Bình"
"4282","Xã Quỳnh Hội","589","Huyện Quỳnh Phụ","54","Thái Bình"
"4283","Xã Quỳnh Sơn","589","Huyện Quỳnh Phụ","54","Thái Bình"
"4284","Xã Quỳnh Mỹ","589","Huyện Quỳnh Phụ","54","Thái Bình"
"4285","Xã An Quí","589","Huyện Quỳnh Phụ","54","Thái Bình"
"4286","Xã An Thanh","589","Huyện Quỳnh Phụ","54","Thái Bình"
"4287","Xã Quỳnh Châu","589","Huyện Quỳnh Phụ","54","Thái Bình"
"4288","Xã An Vũ","589","Huyện Quỳnh Phụ","54","Thái Bình"
"4289","Xã An Lễ","589","Huyện Quỳnh Phụ","54","Thái Bình"
"4290","Xã Quỳnh Hưng","589","Huyện Quỳnh Phụ","54","Thái Bình"
"4291","Xã Quỳnh Bảo","589","Huyện Quỳnh Phụ","54","Thái Bình"
"4292","Xã An Mỹ","589","Huyện Quỳnh Phụ","54","Thái Bình"
"4293","Xã Quỳnh Nguyên","589","Huyện Quỳnh Phụ","54","Thái Bình"
"4294","Xã An Vinh","589","Huyện Quỳnh Phụ","54","Thái Bình"
"4295","Xã Quỳnh Xá","589","Huyện Quỳnh Phụ","54","Thái Bình"
"4296","Xã An Dục","589","Huyện Quỳnh Phụ","54","Thái Bình"
"4297","Xã Đông Hải","589","Huyện Quỳnh Phụ","54","Thái Bình"
"4298","Xã Quỳnh Trang","589","Huyện Quỳnh Phụ","54","Thái Bình"
"4299","Xã An Tràng","589","Huyện Quỳnh Phụ","54","Thái Bình"
"4300","Xã Đồng Tiến","589","Huyện Quỳnh Phụ","54","Thái Bình"
"4301","Thị trấn Hưng Hà","587","Huyện Hưng Hà","54","Thái Bình"
"4302","Xã Điệp Nông","587","Huyện Hưng Hà","54","Thái Bình"
"4303","Xã Tân Lễ","587","Huyện Hưng Hà","54","Thái Bình"
"4304","Xã Cộng Hòa","587","Huyện Hưng Hà","54","Thái Bình"
"4305","Xã Dân Chủ","587","Huyện Hưng Hà","54","Thái Bình"
"4306","Xã Canh Tân","587","Huyện Hưng Hà","54","Thái Bình"
"4307","Xã Hòa Tiến","587","Huyện Hưng Hà","54","Thái Bình"
"4308","Xã Hùng Dũng","587","Huyện Hưng Hà","54","Thái Bình"
"4309","Xã Tân Tiến","587","Huyện Hưng Hà","54","Thái Bình"
"4310","Thị trấn Hưng Nhân","587","Huyện Hưng Hà","54","Thái Bình"
"4311","Xã Đoan Hùng","587","Huyện Hưng Hà","54","Thái Bình"
"4312","Xã Duyên Hải","587","Huyện Hưng Hà","54","Thái Bình"
"4313","Xã Tân Hòa","587","Huyện Hưng Hà","54","Thái Bình"
"4314","Xã Văn Cẩm","587","Huyện Hưng Hà","54","Thái Bình"
"4315","Xã Bắc Sơn","587","Huyện Hưng Hà","54","Thái Bình"
"4316","Xã Đông Đô","587","Huyện Hưng Hà","54","Thái Bình"
"4317","Xã Phúc Khánh","587","Huyện Hưng Hà","54","Thái Bình"
"4318","Xã Liên Hiệp","587","Huyện Hưng Hà","54","Thái Bình"
"4319","Xã Tây Đô","587","Huyện Hưng Hà","54","Thái Bình"
"4320","Xã Thống Nhất","587","Huyện Hưng Hà","54","Thái Bình"
"4321","Xã Tiến Đức","587","Huyện Hưng Hà","54","Thái Bình"
"4322","Xã Thái Hưng","587","Huyện Hưng Hà","54","Thái Bình"
"4323","Xã Thái Phương","587","Huyện Hưng Hà","54","Thái Bình"
"4324","Xã Hòa Bình","587","Huyện Hưng Hà","54","Thái Bình"
"4325","Xã Chi Lăng","587","Huyện Hưng Hà","54","Thái Bình"
"4326","Xã Minh Khai","587","Huyện Hưng Hà","54","Thái Bình"
"4327","Xã Hồng An","587","Huyện Hưng Hà","54","Thái Bình"
"4328","Xã Kim Chung","587","Huyện Hưng Hà","54","Thái Bình"
"4329","Xã Hồng Lĩnh","587","Huyện Hưng Hà","54","Thái Bình"
"4330","Xã Minh Tân","587","Huyện Hưng Hà","54","Thái Bình"
"4331","Xã Văn Lang","587","Huyện Hưng Hà","54","Thái Bình"
"4332","Xã Độc Lập","587","Huyện Hưng Hà","54","Thái Bình"
"4333","Xã Chí Hòa","587","Huyện Hưng Hà","54","Thái Bình"
"4334","Xã Minh Hòa","587","Huyện Hưng Hà","54","Thái Bình"
"4335","Xã Hồng Minh","587","Huyện Hưng Hà","54","Thái Bình"
"4336","Thị trấn Đông Hưng","586","Huyện Đông Hưng","54","Thái Bình"
"4337","Xã Đô Lương","586","Huyện Đông Hưng","54","Thái Bình"
"4338","Xã Đông Phương","586","Huyện Đông Hưng","54","Thái Bình"
"4339","Xã Liên Giang","586","Huyện Đông Hưng","54","Thái Bình"
"4340","Xã An Châu","586","Huyện Đông Hưng","54","Thái Bình"
"4341","Xã Đông Sơn","586","Huyện Đông Hưng","54","Thái Bình"
"4342","Xã Đông Cường","586","Huyện Đông Hưng","54","Thái Bình"
"4343","Xã Phú Lương","586","Huyện Đông Hưng","54","Thái Bình"
"4344","Xã Mê Linh","586","Huyện Đông Hưng","54","Thái Bình"
"4345","Xã Lô Giang","586","Huyện Đông Hưng","54","Thái Bình"
"4346","Xã Đông La","586","Huyện Đông Hưng","54","Thái Bình"
"4347","Xã Minh Tân","586","Huyện Đông Hưng","54","Thái Bình"
"4348","Xã Đông Xá","586","Huyện Đông Hưng","54","Thái Bình"
"4349","Xã Chương Dương","586","Huyện Đông Hưng","54","Thái Bình"
"4350","Xã Nguyên Xá","586","Huyện Đông Hưng","54","Thái Bình"
"4351","Xã Phong Châu","586","Huyện Đông Hưng","54","Thái Bình"
"4352","Xã Hợp Tiến","586","Huyện Đông Hưng","54","Thái Bình"
"4353","Xã Hồng Việt","586","Huyện Đông Hưng","54","Thái Bình"
"4354","Xã Đông Hà","586","Huyện Đông Hưng","54","Thái Bình"
"4355","Xã Đông Giang","586","Huyện Đông Hưng","54","Thái Bình"
"4356","Xã Đông Kinh","586","Huyện Đông Hưng","54","Thái Bình"
"4357","Xã Đông Hợp","586","Huyện Đông Hưng","54","Thái Bình"
"4358","Xã Thăng Long","586","Huyện Đông Hưng","54","Thái Bình"
"4359","Xã Đông Các","586","Huyện Đông Hưng","54","Thái Bình"
"4360","Xã Phú Châu","586","Huyện Đông Hưng","54","Thái Bình"
"4361","Xã Hoa Lư","586","Huyện Đông Hưng","54","Thái Bình"
"4362","Xã Minh Châu","586","Huyện Đông Hưng","54","Thái Bình"
"4363","Xã Đông Tân","586","Huyện Đông Hưng","54","Thái Bình"
"4364","Xã Đông Vinh","586","Huyện Đông Hưng","54","Thái Bình"
"4365","Xã Đông Động","586","Huyện Đông Hưng","54","Thái Bình"
"4366","Xã Hồng Châu","586","Huyện Đông Hưng","54","Thái Bình"
"4367","Xã Bạch Đằng","586","Huyện Đông Hưng","54","Thái Bình"
"4368","Xã Trọng Quan","586","Huyện Đông Hưng","54","Thái Bình"
"4369","Xã Hoa Nam","586","Huyện Đông Hưng","54","Thái Bình"
"4370","Xã Hồng Giang","586","Huyện Đông Hưng","54","Thái Bình"
"4371","Xã Đông Phong","586","Huyện Đông Hưng","54","Thái Bình"
"4372","Xã Đông Quang","586","Huyện Đông Hưng","54","Thái Bình"
"4373","Xã Đông Xuân","586","Huyện Đông Hưng","54","Thái Bình"
"4374","Xã Đông Á","586","Huyện Đông Hưng","54","Thái Bình"
"4375","Xã Đông Lĩnh","586","Huyện Đông Hưng","54","Thái Bình"
"4376","Xã Đông Hoàng","586","Huyện Đông Hưng","54","Thái Bình"
"4377","Xã Đông Dương","586","Huyện Đông Hưng","54","Thái Bình"
"4378","Xã Đông Huy","586","Huyện Đông Hưng","54","Thái Bình"
"4379","Xã Đông Mỹ","585","Thành phố Thái Bình","54","Thái Bình"
"4380","Xã Đông Thọ","585","Thành phố Thái Bình","54","Thái Bình"
"4381","Xã Đồng Phú","586","Huyện Đông Hưng","54","Thái Bình"
"4382","Thị trấn Diêm Điền","590","Huyện Thái Thụy","54","Thái Bình"
"4383","Xã Thụy Tân","590","Huyện Thái Thụy","54","Thái Bình"
"4384","Xã Thụy Trường","590","Huyện Thái Thụy","54","Thái Bình"
"4385","Xã Hồng Quỳnh","590","Huyện Thái Thụy","54","Thái Bình"
"4386","Xã Thụy Dũng","590","Huyện Thái Thụy","54","Thái Bình"
"4387","Xã Thụy Hồng","590","Huyện Thái Thụy","54","Thái Bình"
"4388","Xã Thụy Quỳnh","590","Huyện Thái Thụy","54","Thái Bình"
"4389","Xã Thụy An","590","Huyện Thái Thụy","54","Thái Bình"
"4390","Xã Thụy Ninh","590","Huyện Thái Thụy","54","Thái Bình"
"4391","Xã Thụy Hưng","590","Huyện Thái Thụy","54","Thái Bình"
"4392","Xã Thụy Việt","590","Huyện Thái Thụy","54","Thái Bình"
"4393","Xã Thụy Văn","590","Huyện Thái Thụy","54","Thái Bình"
"4394","Xã Thụy Xuân","590","Huyện Thái Thụy","54","Thái Bình"
"4395","Xã Thụy Dương","590","Huyện Thái Thụy","54","Thái Bình"
"4396","Xã Thụy Trình","590","Huyện Thái Thụy","54","Thái Bình"
"4397","Xã Thụy Bình","590","Huyện Thái Thụy","54","Thái Bình"
"4398","Xã Thụy Chính","590","Huyện Thái Thụy","54","Thái Bình"
"4399","Xã Thụy Dân","590","Huyện Thái Thụy","54","Thái Bình"
"4400","Xã Thụy Hải","590","Huyện Thái Thụy","54","Thái Bình"
"4401","Xã Thụy Phúc","590","Huyện Thái Thụy","54","Thái Bình"
"4402","Xã Thụy Lương","590","Huyện Thái Thụy","54","Thái Bình"
"4403","Xã Thụy Liên","590","Huyện Thái Thụy","54","Thái Bình"
"4404","Xã Thụy Duyên","590","Huyện Thái Thụy","54","Thái Bình"
"4405","Xã Thụy Hà","590","Huyện Thái Thụy","54","Thái Bình"
"4406","Xã Thụy Thanh","590","Huyện Thái Thụy","54","Thái Bình"
"4407","Xã Thụy Sơn","590","Huyện Thái Thụy","54","Thái Bình"
"4408","Xã Thụy Phong","590","Huyện Thái Thụy","54","Thái Bình"
"4409","Xã Thái Thượng","590","Huyện Thái Thụy","54","Thái Bình"
"4410","Xã Thái Nguyên","590","Huyện Thái Thụy","54","Thái Bình"
"4411","Xã Thái Thủy","590","Huyện Thái Thụy","54","Thái Bình"
"4412","Xã Thái Dương","590","Huyện Thái Thụy","54","Thái Bình"
"4413","Xã Thái Giang","590","Huyện Thái Thụy","54","Thái Bình"
"4414","Xã Thái Hòa","590","Huyện Thái Thụy","54","Thái Bình"
"4415","Xã Thái Sơn","590","Huyện Thái Thụy","54","Thái Bình"
"4416","Xã Thái Hồng","590","Huyện Thái Thụy","54","Thái Bình"
"4417","Xã Thái An","590","Huyện Thái Thụy","54","Thái Bình"
"4418","Xã Thái Phúc","590","Huyện Thái Thụy","54","Thái Bình"
"4419","Xã Thái Hưng","590","Huyện Thái Thụy","54","Thái Bình"
"4420","Xã Thái Đô","590","Huyện Thái Thụy","54","Thái Bình"
"4421","Xã Thái Xuyên","590","Huyện Thái Thụy","54","Thái Bình"
"4422","Xã Thái Hà","590","Huyện Thái Thụy","54","Thái Bình"
"4423","Xã Mỹ Lộc","590","Huyện Thái Thụy","54","Thái Bình"
"4424","Xã Thái Tân","590","Huyện Thái Thụy","54","Thái Bình"
"4425","Xã Thái Thuần","590","Huyện Thái Thụy","54","Thái Bình"
"4426","Xã Thái Học","590","Huyện Thái Thụy","54","Thái Bình"
"4427","Xã Thái Thịnh","590","Huyện Thái Thụy","54","Thái Bình"
"4428","Xã Thái Thành","590","Huyện Thái Thụy","54","Thái Bình"
"4429","Xã Thái Thọ","590","Huyện Thái Thụy","54","Thái Bình"
"4430","Thị trấn Tiền Hải","591","Huyện Tiền Hải","54","Thái Bình"
"4431","Xã Đông Hải","591","Huyện Tiền Hải","54","Thái Bình"
"4432","Xã Đông Trà","591","Huyện Tiền Hải","54","Thái Bình"
"4433","Xã Đông Long","591","Huyện Tiền Hải","54","Thái Bình"
"4434","Xã Đông Quí","591","Huyện Tiền Hải","54","Thái Bình"
"4435","Xã Vũ Lăng","591","Huyện Tiền Hải","54","Thái Bình"
"4436","Xã Đông Xuyên","591","Huyện Tiền Hải","54","Thái Bình"
"4437","Xã Tây Lương","591","Huyện Tiền Hải","54","Thái Bình"
"4438","Xã Tây Ninh","591","Huyện Tiền Hải","54","Thái Bình"
"4439","Xã Đông Trung","591","Huyện Tiền Hải","54","Thái Bình"
"4440","Xã Đông Hoàng","591","Huyện Tiền Hải","54","Thái Bình"
"4441","Xã Đông Minh","591","Huyện Tiền Hải","54","Thái Bình"
"4442","Xã Tây An","591","Huyện Tiền Hải","54","Thái Bình"
"4443","Xã Đông Phong","591","Huyện Tiền Hải","54","Thái Bình"
"4444","Xã An Ninh","591","Huyện Tiền Hải","54","Thái Bình"
"4445","Xã Tây Sơn","591","Huyện Tiền Hải","54","Thái Bình"
"4446","Xã Đông Cơ","591","Huyện Tiền Hải","54","Thái Bình"
"4447","Xã Tây Giang","591","Huyện Tiền Hải","54","Thái Bình"
"4448","Xã Đông Lâm","591","Huyện Tiền Hải","54","Thái Bình"
"4449","Xã Phương Công","591","Huyện Tiền Hải","54","Thái Bình"
"4450","Xã Tây Phong","591","Huyện Tiền Hải","54","Thái Bình"
"4451","Xã Tây Tiến","591","Huyện Tiền Hải","54","Thái Bình"
"4452","Xã Nam Cường","591","Huyện Tiền Hải","54","Thái Bình"
"4453","Xã Vân Trường","591","Huyện Tiền Hải","54","Thái Bình"
"4454","Xã Nam Thắng","591","Huyện Tiền Hải","54","Thái Bình"
"4455","Xã Nam Chính","591","Huyện Tiền Hải","54","Thái Bình"
"4456","Xã Bắc Hải","591","Huyện Tiền Hải","54","Thái Bình"
"4457","Xã Nam Thịnh","591","Huyện Tiền Hải","54","Thái Bình"
"4458","Xã Nam Hà","591","Huyện Tiền Hải","54","Thái Bình"
"4459","Xã Nam Thanh","591","Huyện Tiền Hải","54","Thái Bình"
"4460","Xã Nam Trung","591","Huyện Tiền Hải","54","Thái Bình"
"4461","Xã Nam Hồng","591","Huyện Tiền Hải","54","Thái Bình"
"4462","Xã Nam Hưng","591","Huyện Tiền Hải","54","Thái Bình"
"4463","Xã Nam Hải","591","Huyện Tiền Hải","54","Thái Bình"
"4464","Xã Nam Phú","591","Huyện Tiền Hải","54","Thái Bình"
"4465","Thị trấn Thanh Nê","588","Huyện Kiến Xương","54","Thái Bình"
"4466","Xã Trà Giang","588","Huyện Kiến Xương","54","Thái Bình"
"4467","Xã Quốc Tuấn","588","Huyện Kiến Xương","54","Thái Bình"
"4468","Xã Vũ Đông","585","Thành phố Thái Bình","54","Thái Bình"
"4469","Xã An Bình","588","Huyện Kiến Xương","54","Thái Bình"
"4470","Xã Vũ Tây","588","Huyện Kiến Xương","54","Thái Bình"
"4471","Xã Hồng Thái","588","Huyện Kiến Xương","54","Thái Bình"
"4472","Xã Bình Nguyên","588","Huyện Kiến Xương","54","Thái Bình"
"4473","Xã Vũ Sơn","588","Huyện Kiến Xương","54","Thái Bình"
"4474","Xã Lê Lợi","588","Huyện Kiến Xương","54","Thái Bình"
"4475","Xã Quyết Tiến","588","Huyện Kiến Xương","54","Thái Bình"
"4476","Xã Vũ Lạc","585","Thành phố Thái Bình","54","Thái Bình"
"4477","Xã Vũ Lễ","588","Huyện Kiến Xương","54","Thái Bình"
"4478","Xã Thanh Tân","588","Huyện Kiến Xương","54","Thái Bình"
"4479","Xã Thượng Hiền","588","Huyện Kiến Xương","54","Thái Bình"
"4480","Xã Nam Cao","588","Huyện Kiến Xương","54","Thái Bình"
"4481","Xã Đình Phùng","588","Huyện Kiến Xương","54","Thái Bình"
"4482","Xã Vũ Ninh","588","Huyện Kiến Xương","54","Thái Bình"
"4483","Xã Vũ An","588","Huyện Kiến Xương","54","Thái Bình"
"4484","Xã Quang Lịch","588","Huyện Kiến Xương","54","Thái Bình"
"4485","Xã Hòa Bình","588","Huyện Kiến Xương","54","Thái Bình"
"4486","Xã Bình Minh","588","Huyện Kiến Xương","54","Thái Bình"
"4487","Xã Vũ Quí","588","Huyện Kiến Xương","54","Thái Bình"
"4488","Xã Quang Bình","588","Huyện Kiến Xương","54","Thái Bình"
"4489","Xã An Bồi","588","Huyện Kiến Xương","54","Thái Bình"
"4490","Xã Vũ Trung","588","Huyện Kiến Xương","54","Thái Bình"
"4491","Xã Vũ Thắng","588","Huyện Kiến Xương","54","Thái Bình"
"4492","Xã Vũ Công","588","Huyện Kiến Xương","54","Thái Bình"
"4493","Xã Vũ Hòa","588","Huyện Kiến Xương","54","Thái Bình"
"4494","Xã Quang Minh","588","Huyện Kiến Xương","54","Thái Bình"
"4495","Xã Quang Trung","588","Huyện Kiến Xương","54","Thái Bình"
"4496","Xã Minh Hưng","588","Huyện Kiến Xương","54","Thái Bình"
"4497","Xã Quang Hưng","588","Huyện Kiến Xương","54","Thái Bình"
"4498","Xã Vũ Bình","588","Huyện Kiến Xương","54","Thái Bình"
"4499","Xã Minh Tân","588","Huyện Kiến Xương","54","Thái Bình"
"4500","Xã Nam Bình","588","Huyện Kiến Xương","54","Thái Bình"
"4501","Xã Bình Thanh","588","Huyện Kiến Xương","54","Thái Bình"
"4502","Xã Bình Định","588","Huyện Kiến Xương","54","Thái Bình"
"4503","Xã Hồng Tiến","588","Huyện Kiến Xương","54","Thái Bình"
"4504","Thị trấn Vũ Thư","592","Huyện Vũ Thư","54","Thái Bình"
"4505","Xã Hồng Lý","592","Huyện Vũ Thư","54","Thái Bình"
"4506","Xã Đồng Thanh","592","Huyện Vũ Thư","54","Thái Bình"
"4507","Xã Xuân Hòa","592","Huyện Vũ Thư","54","Thái Bình"
"4508","Xã Hiệp Hòa","592","Huyện Vũ Thư","54","Thái Bình"
"4509","Xã Phúc Thành","592","Huyện Vũ Thư","54","Thái Bình"
"4510","Xã Tân Phong","592","Huyện Vũ Thư","54","Thái Bình"
"4511","Xã Song Lãng","592","Huyện Vũ Thư","54","Thái Bình"
"4512","Xã Tân Hòa","592","Huyện Vũ Thư","54","Thái Bình"
"4513","Xã Việt Hùng","592","Huyện Vũ Thư","54","Thái Bình"
"4514","Xã Minh Lãng","592","Huyện Vũ Thư","54","Thái Bình"
"4515","Xã Tân Bình","585","Thành phố Thái Bình","54","Thái Bình"
"4516","Xã Minh Khai","592","Huyện Vũ Thư","54","Thái Bình"
"4517","Xã Dũng Nghĩa","592","Huyện Vũ Thư","54","Thái Bình"
"4518","Xã Minh Quang","592","Huyện Vũ Thư","54","Thái Bình"
"4519","Xã Tam Quang","592","Huyện Vũ Thư","54","Thái Bình"
"4520","Xã Tân Lập","592","Huyện Vũ Thư","54","Thái Bình"
"4521","Xã Bách Thuận","592","Huyện Vũ Thư","54","Thái Bình"
"4522","Xã Tự Tân","592","Huyện Vũ Thư","54","Thái Bình"
"4523","Xã Song An","592","Huyện Vũ Thư","54","Thái Bình"
"4524","Xã Trung An","592","Huyện Vũ Thư","54","Thái Bình"
"4525","Xã Vũ Hội","592","Huyện Vũ Thư","54","Thái Bình"
"4526","Xã Hòa Bình","592","Huyện Vũ Thư","54","Thái Bình"
"4527","Xã Nguyên Xá","592","Huyện Vũ Thư","54","Thái Bình"
"4528","Xã Việt Thuận","592","Huyện Vũ Thư","54","Thái Bình"
"4529","Xã Vũ Vinh","592","Huyện Vũ Thư","54","Thái Bình"
"4530","Xã Vũ Đoài","592","Huyện Vũ Thư","54","Thái Bình"
"4531","Xã Vũ Tiến","592","Huyện Vũ Thư","54","Thái Bình"
"4532","Xã Vũ Vân","592","Huyện Vũ Thư","54","Thái Bình"
"4533","Xã Duy Nhất","592","Huyện Vũ Thư","54","Thái Bình"
"4534","Xã Hồng Phong","592","Huyện Vũ Thư","54","Thái Bình"
"4535","Phường Quang Trung","275","Thành phố Phủ Lý","25","Hà Nam"
"4536","Phường Lương Khánh Thiện","275","Thành phố Phủ Lý","25","Hà Nam"
"4537","Phường Lê Hồng Phong","275","Thành phố Phủ Lý","25","Hà Nam"
"4538","Phường Minh Khai","275","Thành phố Phủ Lý","25","Hà Nam"
"4539","Phường Hai Bà Trưng","275","Thành phố Phủ Lý","25","Hà Nam"
"4540","Phường Trần Hưng Đạo","275","Thành phố Phủ Lý","25","Hà Nam"
"4541","Phường Lam Hạ","275","Thành phố Phủ Lý","25","Hà Nam"
"4542","Xã Phù Vân","275","Thành phố Phủ Lý","25","Hà Nam"
"4543","Phường Liêm Chính","275","Thành phố Phủ Lý","25","Hà Nam"
"4544","Xã Liêm Chung","275","Thành phố Phủ Lý","25","Hà Nam"
"4545","Phường Thanh Châu","275","Thành phố Phủ Lý","25","Hà Nam"
"4546","Phường Châu Sơn","275","Thành phố Phủ Lý","25","Hà Nam"
"4547","Thị trấn Đồng Văn","277","Thị xã Duy Tiên","25","Hà Nam"
"4548","Phường Hòa Mạc","277","Thị xã Duy Tiên","25","Hà Nam"
"4549","Xã Mộc Bắc","277","Thị xã Duy Tiên","25","Hà Nam"
"4550","Phường Châu Giang","277","Thị xã Duy Tiên","25","Hà Nam"
"4551","Phường Bạch Thượng","277","Thị xã Duy Tiên","25","Hà Nam"
"4552","Phường Duy Minh","277","Thị xã Duy Tiên","25","Hà Nam"
"4553","Xã Mộc Nam","277","Thị xã Duy Tiên","25","Hà Nam"
"4554","Phường Duy Hải","277","Thị xã Duy Tiên","25","Hà Nam"
"4555","Xã Chuyên Ngoại","277","Thị xã Duy Tiên","25","Hà Nam"
"4556","Phường Yên Bắc","277","Thị xã Duy Tiên","25","Hà Nam"
"4557","Xã Trác Văn","277","Thị xã Duy Tiên","25","Hà Nam"
"4558","Phường Tiên Nội","277","Thị xã Duy Tiên","25","Hà Nam"
"4559","Phường Hoàng Đông","277","Thị xã Duy Tiên","25","Hà Nam"
"4560","Xã Yên Nam","277","Thị xã Duy Tiên","25","Hà Nam"
"4561","Xã Tiên Ngoại","277","Thị xã Duy Tiên","25","Hà Nam"
"4562","Xã Tiên Tân","275","Thành phố Phủ Lý","25","Hà Nam"
"4563","Xã Đọi Sơn","277","Thị xã Duy Tiên","25","Hà Nam"
"4564","Xã Tiên Hiệp","275","Thành phố Phủ Lý","25","Hà Nam"
"4565","Xã Châu Sơn","277","Thị xã Duy Tiên","25","Hà Nam"
"4566","Xã Tiền Phong","277","Thị xã Duy Tiên","25","Hà Nam"
"4567","Xã Tiên Hải","275","Thành phố Phủ Lý","25","Hà Nam"
"4568","Thị trấn Quế","278","Huyện Kim Bảng","25","Hà Nam"
"4569","Xã Nguyễn Úy","278","Huyện Kim Bảng","25","Hà Nam"
"4570","Xã Đại Cương","278","Huyện Kim Bảng","25","Hà Nam"
"4571","Xã Lê Hồ","278","Huyện Kim Bảng","25","Hà Nam"
"4572","Xã Tượng Lĩnh","278","Huyện Kim Bảng","25","Hà Nam"
"4573","Xã Nhật Tựu","278","Huyện Kim Bảng","25","Hà Nam"
"4574","Xã Nhật Tân","278","Huyện Kim Bảng","25","Hà Nam"
"4575","Xã Đồng Hóa","278","Huyện Kim Bảng","25","Hà Nam"
"4576","Xã Hoàng Tây","278","Huyện Kim Bảng","25","Hà Nam"
"4577","Xã Tân Sơn","278","Huyện Kim Bảng","25","Hà Nam"
"4578","Xã Thụy Lôi","278","Huyện Kim Bảng","25","Hà Nam"
"4579","Xã Văn Xá","278","Huyện Kim Bảng","25","Hà Nam"
"4580","Xã Khả Phong","278","Huyện Kim Bảng","25","Hà Nam"
"4581","Xã Ngọc Sơn","278","Huyện Kim Bảng","25","Hà Nam"
"4582","Xã Kim Bình","275","Thành phố Phủ Lý","25","Hà Nam"
"4583","Thị trấn Ba Sao","278","Huyện Kim Bảng","25","Hà Nam"
"4584","Xã Liên Sơn","278","Huyện Kim Bảng","25","Hà Nam"
"4585","Xã Thi Sơn","278","Huyện Kim Bảng","25","Hà Nam"
"4586","Xã Thanh Sơn","278","Huyện Kim Bảng","25","Hà Nam"
"4587","Thị trấn Kiện Khê","280","Huyện Thanh Liêm","25","Hà Nam"
"4588","Xã Liêm Tuyền","275","Thành phố Phủ Lý","25","Hà Nam"
"4589","Xã Liêm Tiết","275","Thành phố Phủ Lý","25","Hà Nam"
"4590","Xã Liêm Phong","280","Huyện Thanh Liêm","25","Hà Nam"
"4591","Xã Thanh Hà","280","Huyện Thanh Liêm","25","Hà Nam"
"4592","Xã Liêm Cần","280","Huyện Thanh Liêm","25","Hà Nam"
"4593","Phường Thanh Tuyền","275","Thành phố Phủ Lý","25","Hà Nam"
"4594","Xã Thanh Bình","280","Huyện Thanh Liêm","25","Hà Nam"
"4595","Xã Liêm Thuận","280","Huyện Thanh Liêm","25","Hà Nam"
"4596","Xã Thanh Thủy","280","Huyện Thanh Liêm","25","Hà Nam"
"4597","Xã Thanh Phong","280","Huyện Thanh Liêm","25","Hà Nam"
"4598","Xã Thanh Lưu","280","Huyện Thanh Liêm","25","Hà Nam"
"4599","Xã Thanh Tân","280","Huyện Thanh Liêm","25","Hà Nam"
"4600","Xã Liêm Túc","280","Huyện Thanh Liêm","25","Hà Nam"
"4601","Xã Liêm Sơn","280","Huyện Thanh Liêm","25","Hà Nam"
"4602","Xã Thanh Hương","280","Huyện Thanh Liêm","25","Hà Nam"
"4603","Xã Thanh Nghị","280","Huyện Thanh Liêm","25","Hà Nam"
"4604","Xã Thanh Tâm","280","Huyện Thanh Liêm","25","Hà Nam"
"4605","Xã Thanh Nguyên","280","Huyện Thanh Liêm","25","Hà Nam"
"4606","Xã Thanh Hải","280","Huyện Thanh Liêm","25","Hà Nam"
"4607","Thị trấn Bình Mỹ","276","Huyện Bình Lục","25","Hà Nam"
"4608","Xã Bình Nghĩa","276","Huyện Bình Lục","25","Hà Nam"
"4609","Xã Đinh Xá","275","Thành phố Phủ Lý","25","Hà Nam"
"4610","Xã Tràng An","276","Huyện Bình Lục","25","Hà Nam"
"4611","Xã Trịnh Xá","275","Thành phố Phủ Lý","25","Hà Nam"
"4612","Xã Đồng Du","276","Huyện Bình Lục","25","Hà Nam"
"4613","Xã Ngọc Lũ","276","Huyện Bình Lục","25","Hà Nam"
"4614","Xã Hưng Công","276","Huyện Bình Lục","25","Hà Nam"
"4615","Xã Đồn Xá","276","Huyện Bình Lục","25","Hà Nam"
"4616","Xã An Ninh","276","Huyện Bình Lục","25","Hà Nam"
"4617","Xã Bồ Đề","276","Huyện Bình Lục","25","Hà Nam"
"4618","Xã Bối Cầu","276","Huyện Bình Lục","25","Hà Nam"
"4619","Xã An Mỹ","276","Huyện Bình Lục","25","Hà Nam"
"4620","Xã An Nội","276","Huyện Bình Lục","25","Hà Nam"
"4621","Xã Vũ Bản","276","Huyện Bình Lục","25","Hà Nam"
"4622","Xã Trung Lương","276","Huyện Bình Lục","25","Hà Nam"
"4623","Xã Mỹ Thọ","276","Huyện Bình Lục","25","Hà Nam"
"4624","Xã An Đổ","276","Huyện Bình Lục","25","Hà Nam"
"4625","Xã La Sơn","276","Huyện Bình Lục","25","Hà Nam"
"4626","Xã Tiêu Động","276","Huyện Bình Lục","25","Hà Nam"
"4627","Xã An Lão","276","Huyện Bình Lục","25","Hà Nam"
"4628","Thị trấn Vĩnh Trụ","279","Huyện Lý Nhân","25","Hà Nam"
"4629","Xã Hợp Lý","279","Huyện Lý Nhân","25","Hà Nam"
"4630","Xã Nguyên Lý","279","Huyện Lý Nhân","25","Hà Nam"
"4631","Xã Chính Lý","279","Huyện Lý Nhân","25","Hà Nam"
"4632","Xã Chân Lý","279","Huyện Lý Nhân","25","Hà Nam"
"4633","Xã Đạo Lý","279","Huyện Lý Nhân","25","Hà Nam"
"4634","Xã Công Lý","279","Huyện Lý Nhân","25","Hà Nam"
"4635","Xã Văn Lý","279","Huyện Lý Nhân","25","Hà Nam"
"4636","Xã Bắc Lý","279","Huyện Lý Nhân","25","Hà Nam"
"4637","Xã Đức Lý","279","Huyện Lý Nhân","25","Hà Nam"
"4638","Xã Nhân Đạo","279","Huyện Lý Nhân","25","Hà Nam"
"4639","Xã Đồng Lý","279","Huyện Lý Nhân","25","Hà Nam"
"4640","Xã Nhân Thịnh","279","Huyện Lý Nhân","25","Hà Nam"
"4641","Xã Nhân Hưng","279","Huyện Lý Nhân","25","Hà Nam"
"4642","Xã Nhân Khang","279","Huyện Lý Nhân","25","Hà Nam"
"4643","Xã Nhân Mỹ","279","Huyện Lý Nhân","25","Hà Nam"
"4644","Xã Nhân Nghĩa","279","Huyện Lý Nhân","25","Hà Nam"
"4645","Xã Nhân Chính","279","Huyện Lý Nhân","25","Hà Nam"
"4646","Xã Nhân Bình","279","Huyện Lý Nhân","25","Hà Nam"
"4647","Xã Phú Phúc","279","Huyện Lý Nhân","25","Hà Nam"
"4648","Xã Xuân Khê","279","Huyện Lý Nhân","25","Hà Nam"
"4649","Xã Tiến Thắng","279","Huyện Lý Nhân","25","Hà Nam"
"4650","Xã Hòa Hậu","279","Huyện Lý Nhân","25","Hà Nam"
"4651","Phường Hạ Long","434","Thành phố Nam Định","40","Nam Định"
"4652","Phường Trần Tế Xương","434","Thành phố Nam Định","40","Nam Định"
"4653","Phường Vị Hoàng","434","Thành phố Nam Định","40","Nam Định"
"4654","Phường Vị Xuyên","434","Thành phố Nam Định","40","Nam Định"
"4655","Phường Quang Trung","434","Thành phố Nam Định","40","Nam Định"
"4656","Phường Cửa Bắc","434","Thành phố Nam Định","40","Nam Định"
"4657","Phường Nguyễn Du","434","Thành phố Nam Định","40","Nam Định"
"4658","Phường Bà Triệu","434","Thành phố Nam Định","40","Nam Định"
"4659","Phường Trường Thi","434","Thành phố Nam Định","40","Nam Định"
"4660","Phường Phan Đình Phùng","434","Thành phố Nam Định","40","Nam Định"
"4661","Phường Ngô Quyền","434","Thành phố Nam Định","40","Nam Định"
"4662","Phường Trần Hưng Đạo","434","Thành phố Nam Định","40","Nam Định"
"4663","Phường Trần Đăng Ninh","434","Thành phố Nam Định","40","Nam Định"
"4664","Phường Năng Tĩnh","434","Thành phố Nam Định","40","Nam Định"
"4665","Phường Văn Miếu","434","Thành phố Nam Định","40","Nam Định"
"4666","Phường Trần Quang Khải","434","Thành phố Nam Định","40","Nam Định"
"4667","Phường Thống Nhất","434","Thành phố Nam Định","40","Nam Định"
"4668","Phường Lộc Hạ","434","Thành phố Nam Định","40","Nam Định"
"4669","Phường Lộc Vượng","434","Thành phố Nam Định","40","Nam Định"
"4670","Phường Cửa Nam","434","Thành phố Nam Định","40","Nam Định"
"4671","Phường Lộc Hòa","434","Thành phố Nam Định","40","Nam Định"
"4672","Xã Nam Phong","434","Thành phố Nam Định","40","Nam Định"
"4673","Phường Mỹ Xá","434","Thành phố Nam Định","40","Nam Định"
"4674","Xã Lộc An","434","Thành phố Nam Định","40","Nam Định"
"4675","Xã Nam Vân","434","Thành phố Nam Định","40","Nam Định"
"4676","Thị trấn Mỹ Lộc","437","Huyện Mỹ Lộc","40","Nam Định"
"4677","Xã Mỹ Hà","437","Huyện Mỹ Lộc","40","Nam Định"
"4678","Xã Mỹ Tiến","437","Huyện Mỹ Lộc","40","Nam Định"
"4679","Xã Mỹ Thắng","437","Huyện Mỹ Lộc","40","Nam Định"
"4680","Xã Mỹ Trung","437","Huyện Mỹ Lộc","40","Nam Định"
"4681","Xã Mỹ Tân","437","Huyện Mỹ Lộc","40","Nam Định"
"4682","Xã Mỹ Phúc","437","Huyện Mỹ Lộc","40","Nam Định"
"4683","Xã Mỹ Hưng","437","Huyện Mỹ Lộc","40","Nam Định"
"4684","Xã Mỹ Thuận","437","Huyện Mỹ Lộc","40","Nam Định"
"4685","Xã Mỹ Thịnh","437","Huyện Mỹ Lộc","40","Nam Định"
"4686","Xã Mỹ Thành","437","Huyện Mỹ Lộc","40","Nam Định"
"4687","Thị trấn Gôi","441","Huyện Vụ Bản","40","Nam Định"
"4688","Xã Minh Thuận","441","Huyện Vụ Bản","40","Nam Định"
"4689","Xã Hiển Khánh","441","Huyện Vụ Bản","40","Nam Định"
"4690","Xã Tân Khánh","441","Huyện Vụ Bản","40","Nam Định"
"4691","Xã Hợp Hưng","441","Huyện Vụ Bản","40","Nam Định"
"4692","Xã Đại An","441","Huyện Vụ Bản","40","Nam Định"
"4693","Xã Tân Thành","441","Huyện Vụ Bản","40","Nam Định"
"4694","Xã Cộng Hòa","441","Huyện Vụ Bản","40","Nam Định"
"4695","Xã Trung Thành","441","Huyện Vụ Bản","40","Nam Định"
"4696","Xã Quang Trung","441","Huyện Vụ Bản","40","Nam Định"
"4697","Xã Minh Tân","441","Huyện Vụ Bản","40","Nam Định"
"4698","Xã Liên Bảo","441","Huyện Vụ Bản","40","Nam Định"
"4699","Xã Thành Lợi","441","Huyện Vụ Bản","40","Nam Định"
"4700","Xã Kim Thái","441","Huyện Vụ Bản","40","Nam Định"
"4701","Xã Liên Minh","441","Huyện Vụ Bản","40","Nam Định"
"4702","Xã Đại Thắng","441","Huyện Vụ Bản","40","Nam Định"
"4703","Xã Tam Thanh","441","Huyện Vụ Bản","40","Nam Định"
"4704","Xã Vĩnh Hào","441","Huyện Vụ Bản","40","Nam Định"
"4705","Thị trấn Lâm","443","Huyện Ý Yên","40","Nam Định"
"4706","Xã Yên Trung","443","Huyện Ý Yên","40","Nam Định"
"4707","Xã Yên Thành","443","Huyện Ý Yên","40","Nam Định"
"4708","Xã Yên Tân","443","Huyện Ý Yên","40","Nam Định"
"4709","Xã Yên Lợi","443","Huyện Ý Yên","40","Nam Định"
"4710","Xã Yên Thọ","443","Huyện Ý Yên","40","Nam Định"
"4711","Xã Yên Nghĩa","443","Huyện Ý Yên","40","Nam Định"
"4712","Xã Yên Minh","443","Huyện Ý Yên","40","Nam Định"
"4713","Xã Yên Phương","443","Huyện Ý Yên","40","Nam Định"
"4714","Xã Yên Chính","443","Huyện Ý Yên","40","Nam Định"
"4715","Xã Yên Bình","443","Huyện Ý Yên","40","Nam Định"
"4716","Xã Yên Phú","443","Huyện Ý Yên","40","Nam Định"
"4717","Xã Yên Mỹ","443","Huyện Ý Yên","40","Nam Định"
"4718","Xã Yên Dương","443","Huyện Ý Yên","40","Nam Định"
"4719","Xã Yên Xá","443","Huyện Ý Yên","40","Nam Định"
"4720","Xã Yên Hưng","443","Huyện Ý Yên","40","Nam Định"
"4721","Xã Yên Khánh","443","Huyện Ý Yên","40","Nam Định"
"4722","Xã Yên Phong","443","Huyện Ý Yên","40","Nam Định"
"4723","Xã Yên Ninh","443","Huyện Ý Yên","40","Nam Định"
"4724","Xã Yên Lương","443","Huyện Ý Yên","40","Nam Định"
"4725","Xã Yên Hồng","443","Huyện Ý Yên","40","Nam Định"
"4726","Xã Yên Quang","443","Huyện Ý Yên","40","Nam Định"
"4727","Xã Yên Tiến","443","Huyện Ý Yên","40","Nam Định"
"4728","Xã Yên Thắng","443","Huyện Ý Yên","40","Nam Định"
"4729","Xã Yên Phúc","443","Huyện Ý Yên","40","Nam Định"
"4730","Xã Yên Cường","443","Huyện Ý Yên","40","Nam Định"
"4731","Xã Yên Lộc","443","Huyện Ý Yên","40","Nam Định"
"4732","Xã Yên Bằng","443","Huyện Ý Yên","40","Nam Định"
"4733","Xã Yên Đồng","443","Huyện Ý Yên","40","Nam Định"
"4734","Xã Yên Khang","443","Huyện Ý Yên","40","Nam Định"
"4735","Xã Yên Nhân","443","Huyện Ý Yên","40","Nam Định"
"4736","Xã Yên Trị","443","Huyện Ý Yên","40","Nam Định"
"4737","Thị trấn Liễu Đề","439","Huyện Nghĩa Hưng","40","Nam Định"
"4738","Thị trấn Rạng Đông","439","Huyện Nghĩa Hưng","40","Nam Định"
"4739","Xã Nghĩa Đồng","439","Huyện Nghĩa Hưng","40","Nam Định"
"4740","Xã Nghĩa Thịnh","439","Huyện Nghĩa Hưng","40","Nam Định"
"4741","Xã Nghĩa Minh","439","Huyện Nghĩa Hưng","40","Nam Định"
"4742","Xã Nghĩa Thái","439","Huyện Nghĩa Hưng","40","Nam Định"
"4743","Xã Hoàng Nam","439","Huyện Nghĩa Hưng","40","Nam Định"
"4744","Xã Nghĩa Châu","439","Huyện Nghĩa Hưng","40","Nam Định"
"4745","Xã Nghĩa Trung","439","Huyện Nghĩa Hưng","40","Nam Định"
"4746","Xã Nghĩa Sơn","439","Huyện Nghĩa Hưng","40","Nam Định"
"4747","Xã Nghĩa Lạc","439","Huyện Nghĩa Hưng","40","Nam Định"
"4748","Xã Nghĩa Hồng","439","Huyện Nghĩa Hưng","40","Nam Định"
"4749","Xã Nghĩa Phong","439","Huyện Nghĩa Hưng","40","Nam Định"
"4750","Xã Nghĩa Phú","439","Huyện Nghĩa Hưng","40","Nam Định"
"4751","Xã Nghĩa Bình","439","Huyện Nghĩa Hưng","40","Nam Định"
"4752","Thị trấn Quỹ Nhất","439","Huyện Nghĩa Hưng","40","Nam Định"
"4753","Xã Nghĩa Tân","439","Huyện Nghĩa Hưng","40","Nam Định"
"4754","Xã Nghĩa Hùng","439","Huyện Nghĩa Hưng","40","Nam Định"
"4755","Xã Nghĩa Lâm","439","Huyện Nghĩa Hưng","40","Nam Định"
"4756","Xã Nghĩa Thành","439","Huyện Nghĩa Hưng","40","Nam Định"
"4757","Xã Nghĩa Thắng","439","Huyện Nghĩa Hưng","40","Nam Định"
"4758","Xã Nghĩa Lợi","439","Huyện Nghĩa Hưng","40","Nam Định"
"4759","Xã Nghĩa Hải","439","Huyện Nghĩa Hưng","40","Nam Định"
"4760","Xã Nghĩa Phúc","439","Huyện Nghĩa Hưng","40","Nam Định"
"4761","Xã Nam Điền","439","Huyện Nghĩa Hưng","40","Nam Định"
"4762","Thị trấn Nam Giang","438","Huyện Nam Trực","40","Nam Định"
"4763","Xã Nam Mỹ","438","Huyện Nam Trực","40","Nam Định"
"4764","Xã Điền Xá","438","Huyện Nam Trực","40","Nam Định"
"4765","Xã Nghĩa An","438","Huyện Nam Trực","40","Nam Định"
"4766","Xã Nam Thắng","438","Huyện Nam Trực","40","Nam Định"
"4767","Xã Nam Toàn","438","Huyện Nam Trực","40","Nam Định"
"4768","Xã Hồng Quang","438","Huyện Nam Trực","40","Nam Định"
"4769","Xã Tân Thịnh","438","Huyện Nam Trực","40","Nam Định"
"4770","Xã Nam Cường","438","Huyện Nam Trực","40","Nam Định"
"4771","Xã Nam Hồng","438","Huyện Nam Trực","40","Nam Định"
"4772","Xã Nam Hùng","438","Huyện Nam Trực","40","Nam Định"
"4773","Xã Nam Hoa","438","Huyện Nam Trực","40","Nam Định"
"4774","Xã Nam Dương","438","Huyện Nam Trực","40","Nam Định"
"4775","Xã Nam Thanh","438","Huyện Nam Trực","40","Nam Định"
"4776","Xã Nam Lợi","438","Huyện Nam Trực","40","Nam Định"
"4777","Xã Bình Minh","438","Huyện Nam Trực","40","Nam Định"
"4778","Xã Đồng Sơn","438","Huyện Nam Trực","40","Nam Định"
"4779","Xã Nam Tiến","438","Huyện Nam Trực","40","Nam Định"
"4780","Xã Nam Hải","438","Huyện Nam Trực","40","Nam Định"
"4781","Xã Nam Thái","438","Huyện Nam Trực","40","Nam Định"
"4782","Thị trấn Cổ Lễ","440","Huyện Trực Ninh","40","Nam Định"
"4783","Xã Phương Định","440","Huyện Trực Ninh","40","Nam Định"
"4784","Xã Trực Chính","440","Huyện Trực Ninh","40","Nam Định"
"4785","Xã Trung Đông","440","Huyện Trực Ninh","40","Nam Định"
"4786","Xã Liêm Hải","440","Huyện Trực Ninh","40","Nam Định"
"4787","Xã Trực Tuấn","440","Huyện Trực Ninh","40","Nam Định"
"4788","Xã Việt Hùng","440","Huyện Trực Ninh","40","Nam Định"
"4789","Xã Trực Đạo","440","Huyện Trực Ninh","40","Nam Định"
"4790","Xã Trực Hưng","440","Huyện Trực Ninh","40","Nam Định"
"4791","Xã Trực Nội","440","Huyện Trực Ninh","40","Nam Định"
"4792","Thị trấn Cát Thành","440","Huyện Trực Ninh","40","Nam Định"
"4793","Xã Trực Thanh","440","Huyện Trực Ninh","40","Nam Định"
"4794","Xã Trực Khang","440","Huyện Trực Ninh","40","Nam Định"
"4795","Xã Trực Thuận","440","Huyện Trực Ninh","40","Nam Định"
"4796","Xã Trực Mỹ","440","Huyện Trực Ninh","40","Nam Định"
"4797","Xã Trực Đại","440","Huyện Trực Ninh","40","Nam Định"
"4798","Xã Trực Cường","440","Huyện Trực Ninh","40","Nam Định"
"4799","Xã Trực Phú","440","Huyện Trực Ninh","40","Nam Định"
"4800","Xã Trực Thái","440","Huyện Trực Ninh","40","Nam Định"
"4801","Xã Trực Hùng","440","Huyện Trực Ninh","40","Nam Định"
"4802","Xã Trực Thắng","440","Huyện Trực Ninh","40","Nam Định"
"4803","Thị trấn Xuân Trường","442","Huyện Xuân Trường","40","Nam Định"
"4804","Xã Xuân Châu","442","Huyện Xuân Trường","40","Nam Định"
"4805","Xã Xuân Hồng","442","Huyện Xuân Trường","40","Nam Định"
"4806","Xã Xuân Thành","442","Huyện Xuân Trường","40","Nam Định"
"4807","Xã Xuân Thượng","442","Huyện Xuân Trường","40","Nam Định"
"4808","Xã Xuân Phong","442","Huyện Xuân Trường","40","Nam Định"
"4809","Xã Xuân Đài","442","Huyện Xuân Trường","40","Nam Định"
"4810","Xã Xuân Tân","442","Huyện Xuân Trường","40","Nam Định"
"4811","Xã Xuân Thủy","442","Huyện Xuân Trường","40","Nam Định"
"4812","Xã Xuân Ngọc","442","Huyện Xuân Trường","40","Nam Định"
"4813","Xã Xuân Bắc","442","Huyện Xuân Trường","40","Nam Định"
"4814","Xã Xuân Phương","442","Huyện Xuân Trường","40","Nam Định"
"4815","Xã Thọ Nghiệp","442","Huyện Xuân Trường","40","Nam Định"
"4816","Xã Xuân Phú","442","Huyện Xuân Trường","40","Nam Định"
"4817","Xã Xuân Trung","442","Huyện Xuân Trường","40","Nam Định"
"4818","Xã Xuân Vinh","442","Huyện Xuân Trường","40","Nam Định"
"4819","Xã Xuân Kiên","442","Huyện Xuân Trường","40","Nam Định"
"4820","Xã Xuân Tiến","442","Huyện Xuân Trường","40","Nam Định"
"4821","Xã Xuân Ninh","442","Huyện Xuân Trường","40","Nam Định"
"4822","Xã Xuân Hòa","442","Huyện Xuân Trường","40","Nam Định"
"4823","Thị trấn Ngô Đồng","435","Huyện Giao Thủy","40","Nam Định"
"4824","Thị trấn Quất Lâm","435","Huyện Giao Thủy","40","Nam Định"
"4825","Xã Giao Hương","435","Huyện Giao Thủy","40","Nam Định"
"4826","Xã Hồng Thuận","435","Huyện Giao Thủy","40","Nam Định"
"4827","Xã Giao Thiện","435","Huyện Giao Thủy","40","Nam Định"
"4828","Xã Giao Thanh","435","Huyện Giao Thủy","40","Nam Định"
"4829","Xã Hoành Sơn","435","Huyện Giao Thủy","40","Nam Định"
"4830","Xã Bình Hòa","435","Huyện Giao Thủy","40","Nam Định"
"4831","Xã Giao Tiến","435","Huyện Giao Thủy","40","Nam Định"
"4832","Xã Giao Hà","435","Huyện Giao Thủy","40","Nam Định"
"4833","Xã Giao Nhân","435","Huyện Giao Thủy","40","Nam Định"
"4834","Xã Giao An","435","Huyện Giao Thủy","40","Nam Định"
"4835","Xã Giao Lạc","435","Huyện Giao Thủy","40","Nam Định"
"4836","Xã Giao Châu","435","Huyện Giao Thủy","40","Nam Định"
"4837","Xã Giao Tân","435","Huyện Giao Thủy","40","Nam Định"
"4838","Xã Giao Yến","435","Huyện Giao Thủy","40","Nam Định"
"4839","Xã Giao Xuân","435","Huyện Giao Thủy","40","Nam Định"
"4840","Xã Giao Thịnh","435","Huyện Giao Thủy","40","Nam Định"
"4841","Xã Giao Hải","435","Huyện Giao Thủy","40","Nam Định"
"4842","Xã Bạch Long","435","Huyện Giao Thủy","40","Nam Định"
"4843","Xã Giao Long","435","Huyện Giao Thủy","40","Nam Định"
"4844","Xã Giao Phong","435","Huyện Giao Thủy","40","Nam Định"
"4845","Thị trấn Yên Định","436","Huyện Hải Hậu","40","Nam Định"
"4846","Thị trấn Cồn","436","Huyện Hải Hậu","40","Nam Định"
"4847","Thị trấn Thịnh Long","436","Huyện Hải Hậu","40","Nam Định"
"4848","Xã Hải Nam","436","Huyện Hải Hậu","40","Nam Định"
"4849","Xã Hải Trung","436","Huyện Hải Hậu","40","Nam Định"
"4850","Xã Hải Vân","436","Huyện Hải Hậu","40","Nam Định"
"4851","Xã Hải Minh","436","Huyện Hải Hậu","40","Nam Định"
"4852","Xã Hải Anh","436","Huyện Hải Hậu","40","Nam Định"
"4853","Xã Hải Hưng","436","Huyện Hải Hậu","40","Nam Định"
"4854","Xã Hải Bắc","436","Huyện Hải Hậu","40","Nam Định"
"4855","Xã Hải Phúc","436","Huyện Hải Hậu","40","Nam Định"
"4856","Xã Hải Thanh","436","Huyện Hải Hậu","40","Nam Định"
"4857","Xã Hải Hà","436","Huyện Hải Hậu","40","Nam Định"
"4858","Xã Hải Long","436","Huyện Hải Hậu","40","Nam Định"
"4859","Xã Hải Phương","436","Huyện Hải Hậu","40","Nam Định"
"4860","Xã Hải Đường","436","Huyện Hải Hậu","40","Nam Định"
"4861","Xã Hải Lộc","436","Huyện Hải Hậu","40","Nam Định"
"4862","Xã Hải Quang","436","Huyện Hải Hậu","40","Nam Định"
"4863","Xã Hải Đông","436","Huyện Hải Hậu","40","Nam Định"
"4864","Xã Hải Sơn","436","Huyện Hải Hậu","40","Nam Định"
"4865","Xã Hải Tân","436","Huyện Hải Hậu","40","Nam Định"
"4866","Xã Hải Toàn","436","Huyện Hải Hậu","40","Nam Định"
"4867","Xã Hải Phong","436","Huyện Hải Hậu","40","Nam Định"
"4868","Xã Hải An","436","Huyện Hải Hậu","40","Nam Định"
"4869","Xã Hải Tây","436","Huyện Hải Hậu","40","Nam Định"
"4870","Xã Hải Lý","436","Huyện Hải Hậu","40","Nam Định"
"4871","Xã Hải Phú","436","Huyện Hải Hậu","40","Nam Định"
"4872","Xã Hải Giang","436","Huyện Hải Hậu","40","Nam Định"
"4873","Xã Hải Cường","436","Huyện Hải Hậu","40","Nam Định"
"4874","Xã Hải Ninh","436","Huyện Hải Hậu","40","Nam Định"
"4875","Xã Hải Chính","436","Huyện Hải Hậu","40","Nam Định"
"4876","Xã Hải Xuân","436","Huyện Hải Hậu","40","Nam Định"
"4877","Xã Hải Châu","436","Huyện Hải Hậu","40","Nam Định"
"4878","Xã Hải Triều","436","Huyện Hải Hậu","40","Nam Định"
"4879","Xã Hải Hòa","436","Huyện Hải Hậu","40","Nam Định"
"4880","Phường Đông Thành","454","Thành phố Ninh Bình","42","Ninh Bình"
"4881","Phường Tân Thành","454","Thành phố Ninh Bình","42","Ninh Bình"
"4882","Phường Thanh Bình","454","Thành phố Ninh Bình","42","Ninh Bình"
"4883","Phường Vân Giang","454","Thành phố Ninh Bình","42","Ninh Bình"
"4884","Phường Bích Đào","454","Thành phố Ninh Bình","42","Ninh Bình"
"4885","Phường Phúc Thành","454","Thành phố Ninh Bình","42","Ninh Bình"
"4886","Phường Nam Bình","454","Thành phố Ninh Bình","42","Ninh Bình"
"4887","Phường Nam Thành","454","Thành phố Ninh Bình","42","Ninh Bình"
"4888","Phường Ninh Khánh","454","Thành phố Ninh Bình","42","Ninh Bình"
"4889","Xã Ninh Nhất","454","Thành phố Ninh Bình","42","Ninh Bình"
"4890","Xã Ninh Tiến","454","Thành phố Ninh Bình","42","Ninh Bình"
"4891","Xã Ninh Phúc","454","Thành phố Ninh Bình","42","Ninh Bình"
"4892","Phường Ninh Sơn","454","Thành phố Ninh Bình","42","Ninh Bình"
"4893","Phường Ninh Phong","454","Thành phố Ninh Bình","42","Ninh Bình"
"4894","Phường Bắc Sơn","455","Thành phố Tam Điệp","42","Ninh Bình"
"4895","Phường Trung Sơn","455","Thành phố Tam Điệp","42","Ninh Bình"
"4896","Phường Nam Sơn","455","Thành phố Tam Điệp","42","Ninh Bình"
"4897","Phường Tây Sơn","455","Thành phố Tam Điệp","42","Ninh Bình"
"4898","Xã Yên Sơn","455","Thành phố Tam Điệp","42","Ninh Bình"
"4899","Phường Yên Bình","455","Thành phố Tam Điệp","42","Ninh Bình"
"4900","Phường Tân Bình","455","Thành phố Tam Điệp","42","Ninh Bình"
"4901","Xã Quang Sơn","455","Thành phố Tam Điệp","42","Ninh Bình"
"4902","Xã Đông Sơn","455","Thành phố Tam Điệp","42","Ninh Bình"
"4903","Thị trấn Nho Quan","459","Huyện Nho Quan","42","Ninh Bình"
"4904","Xã Xích Thổ","459","Huyện Nho Quan","42","Ninh Bình"
"4905","Xã Gia Lâm","459","Huyện Nho Quan","42","Ninh Bình"
"4906","Xã Gia Sơn","459","Huyện Nho Quan","42","Ninh Bình"
"4907","Xã Thạch Bình","459","Huyện Nho Quan","42","Ninh Bình"
"4908","Xã Gia Thủy","459","Huyện Nho Quan","42","Ninh Bình"
"4909","Xã Gia Tường","459","Huyện Nho Quan","42","Ninh Bình"
"4910","Xã Cúc Phương","459","Huyện Nho Quan","42","Ninh Bình"
"4911","Xã Phú Sơn","459","Huyện Nho Quan","42","Ninh Bình"
"4912","Xã Đức Long","459","Huyện Nho Quan","42","Ninh Bình"
"4913","Xã Lạc Vân","459","Huyện Nho Quan","42","Ninh Bình"
"4914","Xã Đồng Phong","459","Huyện Nho Quan","42","Ninh Bình"
"4915","Xã Yên Quang","459","Huyện Nho Quan","42","Ninh Bình"
"4916","Xã Lạng Phong","459","Huyện Nho Quan","42","Ninh Bình"
"4917","Xã Thượng Hòa","459","Huyện Nho Quan","42","Ninh Bình"
"4918","Xã Văn Phong","459","Huyện Nho Quan","42","Ninh Bình"
"4919","Xã Văn Phương","459","Huyện Nho Quan","42","Ninh Bình"
"4920","Xã Thanh Lạc","459","Huyện Nho Quan","42","Ninh Bình"
"4921","Xã Sơn Lai","459","Huyện Nho Quan","42","Ninh Bình"
"4922","Xã Sơn Thành","459","Huyện Nho Quan","42","Ninh Bình"
"4923","Xã Văn Phú","459","Huyện Nho Quan","42","Ninh Bình"
"4924","Xã Phú Lộc","459","Huyện Nho Quan","42","Ninh Bình"
"4925","Xã Kỳ Phú","459","Huyện Nho Quan","42","Ninh Bình"
"4926","Xã Quỳnh Lưu","459","Huyện Nho Quan","42","Ninh Bình"
"4927","Xã Sơn Hà","459","Huyện Nho Quan","42","Ninh Bình"
"4928","Xã Phú Long","459","Huyện Nho Quan","42","Ninh Bình"
"4929","Xã Quảng Lạc","459","Huyện Nho Quan","42","Ninh Bình"
"4930","Thị trấn Me","456","Huyện Gia Viễn","42","Ninh Bình"
"4931","Xã Gia Hòa","456","Huyện Gia Viễn","42","Ninh Bình"
"4932","Xã Gia Hưng","456","Huyện Gia Viễn","42","Ninh Bình"
"4933","Xã Liên Sơn","456","Huyện Gia Viễn","42","Ninh Bình"
"4934","Xã Gia Thanh","456","Huyện Gia Viễn","42","Ninh Bình"
"4935","Xã Gia Vân","456","Huyện Gia Viễn","42","Ninh Bình"
"4936","Xã Gia Phú","456","Huyện Gia Viễn","42","Ninh Bình"
"4937","Xã Gia Xuân","456","Huyện Gia Viễn","42","Ninh Bình"
"4938","Xã Gia Lập","456","Huyện Gia Viễn","42","Ninh Bình"
"4939","Xã Gia Vượng","456","Huyện Gia Viễn","42","Ninh Bình"
"4940","Xã Gia Trấn","456","Huyện Gia Viễn","42","Ninh Bình"
"4941","Xã Gia Thịnh","456","Huyện Gia Viễn","42","Ninh Bình"
"4942","Xã Gia Phương","456","Huyện Gia Viễn","42","Ninh Bình"
"4943","Xã Gia Tân","456","Huyện Gia Viễn","42","Ninh Bình"
"4944","Xã Gia Thắng","456","Huyện Gia Viễn","42","Ninh Bình"
"4945","Xã Gia Trung","456","Huyện Gia Viễn","42","Ninh Bình"
"4946","Xã Gia Minh","456","Huyện Gia Viễn","42","Ninh Bình"
"4947","Xã Gia Lạc","456","Huyện Gia Viễn","42","Ninh Bình"
"4948","Xã Gia Tiến","456","Huyện Gia Viễn","42","Ninh Bình"
"4949","Xã Gia Sinh","456","Huyện Gia Viễn","42","Ninh Bình"
"4950","Xã Gia Phong","456","Huyện Gia Viễn","42","Ninh Bình"
"4951","Thị trấn Thiên Tôn","457","Huyện Hoa Lư","42","Ninh Bình"
"4952","Xã Ninh Giang","457","Huyện Hoa Lư","42","Ninh Bình"
"4953","Xã Trường Yên","457","Huyện Hoa Lư","42","Ninh Bình"
"4954","Xã Ninh Khang","457","Huyện Hoa Lư","42","Ninh Bình"
"4955","Xã Ninh Mỹ","457","Huyện Hoa Lư","42","Ninh Bình"
"4956","Xã Ninh Hòa","457","Huyện Hoa Lư","42","Ninh Bình"
"4957","Xã Ninh Xuân","457","Huyện Hoa Lư","42","Ninh Bình"
"4958","Xã Ninh Hải","457","Huyện Hoa Lư","42","Ninh Bình"
"4959","Xã Ninh Thắng","457","Huyện Hoa Lư","42","Ninh Bình"
"4960","Xã Ninh Vân","457","Huyện Hoa Lư","42","Ninh Bình"
"4961","Xã Ninh An","457","Huyện Hoa Lư","42","Ninh Bình"
"4962","Thị trấn Yên Ninh","460","Huyện Yên Khánh","42","Ninh Bình"
"4963","Xã Khánh Tiên","460","Huyện Yên Khánh","42","Ninh Bình"
"4964","Xã Khánh Phú","460","Huyện Yên Khánh","42","Ninh Bình"
"4965","Xã Khánh Hòa","460","Huyện Yên Khánh","42","Ninh Bình"
"4966","Xã Khánh Lợi","460","Huyện Yên Khánh","42","Ninh Bình"
"4967","Xã Khánh An","460","Huyện Yên Khánh","42","Ninh Bình"
"4968","Xã Khánh Cường","460","Huyện Yên Khánh","42","Ninh Bình"
"4969","Xã Khánh Cư","460","Huyện Yên Khánh","42","Ninh Bình"
"4970","Xã Khánh Thiện","460","Huyện Yên Khánh","42","Ninh Bình"
"4971","Xã Khánh Hải","460","Huyện Yên Khánh","42","Ninh Bình"
"4972","Xã Khánh Trung","460","Huyện Yên Khánh","42","Ninh Bình"
"4973","Xã Khánh Mậu","460","Huyện Yên Khánh","42","Ninh Bình"
"4974","Xã Khánh Vân","460","Huyện Yên Khánh","42","Ninh Bình"
"4975","Xã Khánh Hội","460","Huyện Yên Khánh","42","Ninh Bình"
"4976","Xã Khánh Công","460","Huyện Yên Khánh","42","Ninh Bình"
"4977","Xã Khánh Thành","460","Huyện Yên Khánh","42","Ninh Bình"
"4978","Xã Khánh Nhạc","460","Huyện Yên Khánh","42","Ninh Bình"
"4979","Xã Khánh Thủy","460","Huyện Yên Khánh","42","Ninh Bình"
"4980","Xã Khánh Hồng","460","Huyện Yên Khánh","42","Ninh Bình"
"4981","Thị trấn Phát Diệm","458","Huyện Kim Sơn","42","Ninh Bình"
"4982","Thị trấn Bình Minh","458","Huyện Kim Sơn","42","Ninh Bình"
"4983","Xã Xuân Thiện","458","Huyện Kim Sơn","42","Ninh Bình"
"4984","Xã Hồi Ninh","458","Huyện Kim Sơn","42","Ninh Bình"
"4985","Xã Chính Tâm","458","Huyện Kim Sơn","42","Ninh Bình"
"4986","Xã Kim Định","458","Huyện Kim Sơn","42","Ninh Bình"
"4987","Xã Ân Hòa","458","Huyện Kim Sơn","42","Ninh Bình"
"4988","Xã Hùng Tiến","458","Huyện Kim Sơn","42","Ninh Bình"
"4989","Xã Yên Mật","458","Huyện Kim Sơn","42","Ninh Bình"
"4990","Xã Quang Thiện","458","Huyện Kim Sơn","42","Ninh Bình"
"4991","Xã Như Hòa","458","Huyện Kim Sơn","42","Ninh Bình"
"4992","Xã Chất Bình","458","Huyện Kim Sơn","42","Ninh Bình"
"4993","Xã Đồng Hướng","458","Huyện Kim Sơn","42","Ninh Bình"
"4994","Xã Kim Chính","458","Huyện Kim Sơn","42","Ninh Bình"
"4995","Xã Thượng Kiệm","458","Huyện Kim Sơn","42","Ninh Bình"
"4996","Xã Lưu Phương","458","Huyện Kim Sơn","42","Ninh Bình"
"4997","Xã Tân Thành","458","Huyện Kim Sơn","42","Ninh Bình"
"4998","Xã Yên Lộc","458","Huyện Kim Sơn","42","Ninh Bình"
"4999","Xã Lai Thành","458","Huyện Kim Sơn","42","Ninh Bình"
"5000","Xã Định Hóa","458","Huyện Kim Sơn","42","Ninh Bình"
"5001","Xã Văn Hải","458","Huyện Kim Sơn","42","Ninh Bình"
"5002","Xã Kim Tân","458","Huyện Kim Sơn","42","Ninh Bình"
"5003","Xã Kim Mỹ","458","Huyện Kim Sơn","42","Ninh Bình"
"5004","Xã Cồn Thoi","458","Huyện Kim Sơn","42","Ninh Bình"
"5005","Xã Kim Hải","458","Huyện Kim Sơn","42","Ninh Bình"
"5006","Xã Kim Trung","458","Huyện Kim Sơn","42","Ninh Bình"
"5007","Xã Kim Đông","458","Huyện Kim Sơn","42","Ninh Bình"
"5008","Thị trấn Yên Thịnh","461","Huyện Yên Mô","42","Ninh Bình"
"5009","Xã Khánh Thượng","461","Huyện Yên Mô","42","Ninh Bình"
"5010","Xã Khánh Dương","461","Huyện Yên Mô","42","Ninh Bình"
"5011","Xã Mai Sơn","461","Huyện Yên Mô","42","Ninh Bình"
"5012","Xã Khánh Thịnh","461","Huyện Yên Mô","42","Ninh Bình"
"5013","Xã Yên Phong","461","Huyện Yên Mô","42","Ninh Bình"
"5014","Xã Yên Hòa","461","Huyện Yên Mô","42","Ninh Bình"
"5015","Xã Yên Thắng","461","Huyện Yên Mô","42","Ninh Bình"
"5016","Xã Yên Từ","461","Huyện Yên Mô","42","Ninh Bình"
"5017","Xã Yên Hưng","461","Huyện Yên Mô","42","Ninh Bình"
"5018","Xã Yên Thành","461","Huyện Yên Mô","42","Ninh Bình"
"5019","Xã Yên Nhân","461","Huyện Yên Mô","42","Ninh Bình"
"5020","Xã Yên Mỹ","461","Huyện Yên Mô","42","Ninh Bình"
"5021","Xã Yên Mạc","461","Huyện Yên Mô","42","Ninh Bình"
"5022","Xã Yên Đồng","461","Huyện Yên Mô","42","Ninh Bình"
"5023","Xã Yên Thái","461","Huyện Yên Mô","42","Ninh Bình"
"5024","Xã Yên Lâm","461","Huyện Yên Mô","42","Ninh Bình"
"5025","Phường Hàm Rồng","602","Thành phố Thanh Hóa","56","Thanh Hóa"
"5026","Phường Đông Thọ","602","Thành phố Thanh Hóa","56","Thanh Hóa"
"5027","Phường Nam Ngạn","602","Thành phố Thanh Hóa","56","Thanh Hóa"
"5028","Phường Trường Thi","602","Thành phố Thanh Hóa","56","Thanh Hóa"
"5029","Phường Điện Biên","602","Thành phố Thanh Hóa","56","Thanh Hóa"
"5030","Phường Phú Sơn","602","Thành phố Thanh Hóa","56","Thanh Hóa"
"5031","Phường Lam Sơn","602","Thành phố Thanh Hóa","56","Thanh Hóa"
"5032","Phường Ba Đình","602","Thành phố Thanh Hóa","56","Thanh Hóa"
"5033","Phường Ngọc Trạo","602","Thành phố Thanh Hóa","56","Thanh Hóa"
"5034","Phường Đông Vệ","602","Thành phố Thanh Hóa","56","Thanh Hóa"
"5035","Phường Đông Sơn","602","Thành phố Thanh Hóa","56","Thanh Hóa"
"5036","Phường Tân Sơn","602","Thành phố Thanh Hóa","56","Thanh Hóa"
"5037","Phường Đông Cương","602","Thành phố Thanh Hóa","56","Thanh Hóa"
"5038","Phường Đông Hương","602","Thành phố Thanh Hóa","56","Thanh Hóa"
"5039","Phường Đông Hải","602","Thành phố Thanh Hóa","56","Thanh Hóa"
"5040","Phường Quảng Hưng","602","Thành phố Thanh Hóa","56","Thanh Hóa"
"5041","Phường Quảng Thắng","602","Thành phố Thanh Hóa","56","Thanh Hóa"
"5042","Phường Quảng Thành","602","Thành phố Thanh Hóa","56","Thanh Hóa"
"5043","Phường Bắc Sơn","603","Thị xã Bỉm Sơn","56","Thanh Hóa"
"5044","Phường Ba Đình","603","Thị xã Bỉm Sơn","56","Thanh Hóa"
"5045","Phường Lam Sơn","603","Thị xã Bỉm Sơn","56","Thanh Hóa"
"5046","Phường Ngọc Trạo","603","Thị xã Bỉm Sơn","56","Thanh Hóa"
"5047","Phường Đông Sơn","603","Thị xã Bỉm Sơn","56","Thanh Hóa"
"5048","Phường Phú Sơn","603","Thị xã Bỉm Sơn","56","Thanh Hóa"
"5049","Xã Quang Trung","603","Thị xã Bỉm Sơn","56","Thanh Hóa"
"5050","Xã Hà Lan","603","Thị xã Bỉm Sơn","56","Thanh Hóa"
"5051","Phường Trung Sơn","604","Thành phố Sầm Sơn","56","Thanh Hóa"
"5052","Phường Bắc Sơn","604","Thành phố Sầm Sơn","56","Thanh Hóa"
"5053","Phường Trường Sơn","604","Thành phố Sầm Sơn","56","Thanh Hóa"
"5054","Phường Quảng Cư","604","Thành phố Sầm Sơn","56","Thanh Hóa"
"5055","Phường Quảng Tiến","604","Thành phố Sầm Sơn","56","Thanh Hóa"
"5056","Thị trấn Mường Lát","612","Huyện Mường Lát","56","Thanh Hóa"
"5057","Xã Tam Chung","612","Huyện Mường Lát","56","Thanh Hóa"
"5058","Xã Tén Tằn","612","Huyện Mường Lát","56","Thanh Hóa"
"5059","Xã Mường Lý","612","Huyện Mường Lát","56","Thanh Hóa"
"5060","Xã Trung Lý","612","Huyện Mường Lát","56","Thanh Hóa"
"5061","Xã Quang Chiểu","612","Huyện Mường Lát","56","Thanh Hóa"
"5062","Xã Pù Nhi","612","Huyện Mường Lát","56","Thanh Hóa"
"5063","Xã Nhi Sơn","612","Huyện Mường Lát","56","Thanh Hóa"
"5064","Xã Mường Chanh","612","Huyện Mường Lát","56","Thanh Hóa"
"5065","Thị trấn Quan Hóa","618","Huyện Quan Hóa","56","Thanh Hóa"
"5066","Xã Thành Sơn","618","Huyện Quan Hóa","56","Thanh Hóa"
"5067","Xã Trung Sơn","618","Huyện Quan Hóa","56","Thanh Hóa"
"5068","Xã Phú Thanh","618","Huyện Quan Hóa","56","Thanh Hóa"
"5069","Xã Trung Thành","618","Huyện Quan Hóa","56","Thanh Hóa"
"5070","Xã Phú Lệ","618","Huyện Quan Hóa","56","Thanh Hóa"
"5071","Xã Phú Sơn","618","Huyện Quan Hóa","56","Thanh Hóa"
"5072","Xã Phú Xuân","618","Huyện Quan Hóa","56","Thanh Hóa"
"5073","Xã Thanh Xuân","618","Huyện Quan Hóa","56","Thanh Hóa"
"5074","Xã Hiền Chung","618","Huyện Quan Hóa","56","Thanh Hóa"
"5075","Xã Hiền Kiệt","618","Huyện Quan Hóa","56","Thanh Hóa"
"5076","Xã Nam Tiến","618","Huyện Quan Hóa","56","Thanh Hóa"
"5077","Xã Hồi Xuân","618","Huyện Quan Hóa","56","Thanh Hóa"
"5078","Xã Thiên Phủ","618","Huyện Quan Hóa","56","Thanh Hóa"
"5079","Xã Phú Nghiêm","618","Huyện Quan Hóa","56","Thanh Hóa"
"5080","Xã Nam Xuân","618","Huyện Quan Hóa","56","Thanh Hóa"
"5081","Xã Nam Động","618","Huyện Quan Hóa","56","Thanh Hóa"
"5082","Xã Xuân Phú","618","Huyện Quan Hóa","56","Thanh Hóa"
"5083","Thị trấn Cành Nàng","605","Huyện Bá Thước","56","Thanh Hóa"
"5084","Xã Điền Thượng","605","Huyện Bá Thước","56","Thanh Hóa"
"5085","Xã Điền Hạ","605","Huyện Bá Thước","56","Thanh Hóa"
"5086","Xã Điền Quang","605","Huyện Bá Thước","56","Thanh Hóa"
"5087","Xã Điền Trung","605","Huyện Bá Thước","56","Thanh Hóa"
"5088","Xã Thành Sơn","605","Huyện Bá Thước","56","Thanh Hóa"
"5089","Xã Lương Ngoại","605","Huyện Bá Thước","56","Thanh Hóa"
"5090","Xã Ái Thượng","605","Huyện Bá Thước","56","Thanh Hóa"
"5091","Xã Lương Nội","605","Huyện Bá Thước","56","Thanh Hóa"
"5092","Xã Điền Lư","605","Huyện Bá Thước","56","Thanh Hóa"
"5093","Xã Lương Trung","605","Huyện Bá Thước","56","Thanh Hóa"
"5094","Xã Lũng Niêm","605","Huyện Bá Thước","56","Thanh Hóa"
"5095","Xã Lũng Cao","605","Huyện Bá Thước","56","Thanh Hóa"
"5096","Xã Hạ Trung","605","Huyện Bá Thước","56","Thanh Hóa"
"5097","Xã Cổ Lũng","605","Huyện Bá Thước","56","Thanh Hóa"
"5098","Xã Thành Lâm","605","Huyện Bá Thước","56","Thanh Hóa"
"5099","Xã Ban Công","605","Huyện Bá Thước","56","Thanh Hóa"
"5100","Xã Kỳ Tân","605","Huyện Bá Thước","56","Thanh Hóa"
"5101","Xã Văn Nho","605","Huyện Bá Thước","56","Thanh Hóa"
"5102","Xã Thiết Ống","605","Huyện Bá Thước","56","Thanh Hóa"
"5103","Xã Lâm Xa","605","Huyện Bá Thước","56","Thanh Hóa"
"5104","Xã Thiết Kế","605","Huyện Bá Thước","56","Thanh Hóa"
"5105","Xã Tân Lập","605","Huyện Bá Thước","56","Thanh Hóa"
"5106","Thị trấn Quan Sơn","619","Huyện Quan Sơn","56","Thanh Hóa"
"5107","Xã Trung Xuân","619","Huyện Quan Sơn","56","Thanh Hóa"
"5108","Xã Trung Thượng","619","Huyện Quan Sơn","56","Thanh Hóa"
"5109","Xã Trung Tiến","619","Huyện Quan Sơn","56","Thanh Hóa"
"5110","Xã Trung Hạ","619","Huyện Quan Sơn","56","Thanh Hóa"
"5111","Xã Sơn Hà","619","Huyện Quan Sơn","56","Thanh Hóa"
"5112","Xã Tam Thanh","619","Huyện Quan Sơn","56","Thanh Hóa"
"5113","Xã Sơn Thủy","619","Huyện Quan Sơn","56","Thanh Hóa"
"5114","Xã Na Mèo","619","Huyện Quan Sơn","56","Thanh Hóa"
"5115","Xã Sơn Lư","619","Huyện Quan Sơn","56","Thanh Hóa"
"5116","Xã Tam Lư","619","Huyện Quan Sơn","56","Thanh Hóa"
"5117","Xã Sơn Điện","619","Huyện Quan Sơn","56","Thanh Hóa"
"5118","Xã Mường Mìn","619","Huyện Quan Sơn","56","Thanh Hóa"
"5119","Thị trấn Lang Chánh","611","Huyện Lang Chánh","56","Thanh Hóa"
"5120","Xã Yên Khương","611","Huyện Lang Chánh","56","Thanh Hóa"
"5121","Xã Yên Thắng","611","Huyện Lang Chánh","56","Thanh Hóa"
"5122","Xã Trí Nang","611","Huyện Lang Chánh","56","Thanh Hóa"
"5123","Xã Giao An","611","Huyện Lang Chánh","56","Thanh Hóa"
"5124","Xã Giao Thiện","611","Huyện Lang Chánh","56","Thanh Hóa"
"5125","Xã Tân Phúc","611","Huyện Lang Chánh","56","Thanh Hóa"
"5126","Xã Tam Văn","611","Huyện Lang Chánh","56","Thanh Hóa"
"5127","Xã Lâm Phú","611","Huyện Lang Chánh","56","Thanh Hóa"
"5128","Xã Quang Hiến","611","Huyện Lang Chánh","56","Thanh Hóa"
"5129","Xã Đồng Lương","611","Huyện Lang Chánh","56","Thanh Hóa"
"5130","Thị Trấn Ngọc Lặc","614","Huyện Ngọc Lặc","56","Thanh Hóa"
"5131","Xã Lam Sơn","614","Huyện Ngọc Lặc","56","Thanh Hóa"
"5132","Xã Mỹ Tân","614","Huyện Ngọc Lặc","56","Thanh Hóa"
"5133","Xã Thúy Sơn","614","Huyện Ngọc Lặc","56","Thanh Hóa"
"5134","Xã Thạch Lập","614","Huyện Ngọc Lặc","56","Thanh Hóa"
"5135","Xã Vân Âm","614","Huyện Ngọc Lặc","56","Thanh Hóa"
"5136","Xã Cao Ngọc","614","Huyện Ngọc Lặc","56","Thanh Hóa"
"5137","Xã Ngọc Khê","614","Huyện Ngọc Lặc","56","Thanh Hóa"
"5138","Xã Quang Trung","614","Huyện Ngọc Lặc","56","Thanh Hóa"
"5139","Xã Đồng Thịnh","614","Huyện Ngọc Lặc","56","Thanh Hóa"
"5140","Xã Ngọc Liên","614","Huyện Ngọc Lặc","56","Thanh Hóa"
"5141","Xã Ngọc Sơn","614","Huyện Ngọc Lặc","56","Thanh Hóa"
"5142","Xã Lộc Thịnh","614","Huyện Ngọc Lặc","56","Thanh Hóa"
"5143","Xã Cao Thịnh","614","Huyện Ngọc Lặc","56","Thanh Hóa"
"5144","Xã Ngọc Trung","614","Huyện Ngọc Lặc","56","Thanh Hóa"
"5145","Xã Phùng Giáo","614","Huyện Ngọc Lặc","56","Thanh Hóa"
"5146","Xã Phùng Minh","614","Huyện Ngọc Lặc","56","Thanh Hóa"
"5147","Xã Phúc Thịnh","614","Huyện Ngọc Lặc","56","Thanh Hóa"
"5148","Xã Nguyệt Ấn","614","Huyện Ngọc Lặc","56","Thanh Hóa"
"5149","Xã Kiên Thọ","614","Huyện Ngọc Lặc","56","Thanh Hóa"
"5150","Xã Minh Tiến","614","Huyện Ngọc Lặc","56","Thanh Hóa"
"5151","Xã Minh Sơn","614","Huyện Ngọc Lặc","56","Thanh Hóa"
"5152","Thị trấn Cẩm Thủy","606","Huyện Cẩm Thủy","56","Thanh Hóa"
"5153","Xã Phúc Do","606","Huyện Cẩm Thủy","56","Thanh Hóa"
"5154","Xã Cẩm Thành","606","Huyện Cẩm Thủy","56","Thanh Hóa"
"5155","Xã Cẩm Quý","606","Huyện Cẩm Thủy","56","Thanh Hóa"
"5156","Xã Cẩm Lương","606","Huyện Cẩm Thủy","56","Thanh Hóa"
"5157","Xã Cẩm Thạch","606","Huyện Cẩm Thủy","56","Thanh Hóa"
"5158","Xã Cẩm Liên","606","Huyện Cẩm Thủy","56","Thanh Hóa"
"5159","Xã Cẩm Giang","606","Huyện Cẩm Thủy","56","Thanh Hóa"
"5160","Xã Cẩm Bình","606","Huyện Cẩm Thủy","56","Thanh Hóa"
"5161","Xã Cẩm Tú","606","Huyện Cẩm Thủy","56","Thanh Hóa"
"5162","Xã Cẩm Sơn","606","Huyện Cẩm Thủy","56","Thanh Hóa"
"5163","Xã Cẩm Châu","606","Huyện Cẩm Thủy","56","Thanh Hóa"
"5164","Xã Cẩm Tâm","606","Huyện Cẩm Thủy","56","Thanh Hóa"
"5165","Xã Cẩm Phong","606","Huyện Cẩm Thủy","56","Thanh Hóa"
"5166","Xã Cẩm Ngọc","606","Huyện Cẩm Thủy","56","Thanh Hóa"
"5167","Xã Cẩm Long","606","Huyện Cẩm Thủy","56","Thanh Hóa"
"5168","Xã Cẩm Yên","606","Huyện Cẩm Thủy","56","Thanh Hóa"
"5169","Xã Cẩm Tân","606","Huyện Cẩm Thủy","56","Thanh Hóa"
"5170","Xã Cẩm Phú","606","Huyện Cẩm Thủy","56","Thanh Hóa"
"5171","Xã Cẩm Vân","606","Huyện Cẩm Thủy","56","Thanh Hóa"
"5172","Thị trấn Kim Tân","621","Huyện Thạch Thành","56","Thanh Hóa"
"5173","Thị trấn Vân Du","621","Huyện Thạch Thành","56","Thanh Hóa"
"5174","Xã Thạch Tân","621","Huyện Thạch Thành","56","Thanh Hóa"
"5175","Xã Thạch Lâm","621","Huyện Thạch Thành","56","Thanh Hóa"
"5176","Xã Thạch Quảng","621","Huyện Thạch Thành","56","Thanh Hóa"
"5177","Xã Thạch Tượng","621","Huyện Thạch Thành","56","Thanh Hóa"
"5178","Xã Thạch Cẩm","621","Huyện Thạch Thành","56","Thanh Hóa"
"5179","Xã Thạch Sơn","621","Huyện Thạch Thành","56","Thanh Hóa"
"5180","Xã Thạch Bình","621","Huyện Thạch Thành","56","Thanh Hóa"
"5181","Xã Thạch Định","621","Huyện Thạch Thành","56","Thanh Hóa"
"5182","Xã Thạch Đồng","621","Huyện Thạch Thành","56","Thanh Hóa"
"5183","Xã Thạch Long","621","Huyện Thạch Thành","56","Thanh Hóa"
"5184","Xã Thành Mỹ","621","Huyện Thạch Thành","56","Thanh Hóa"
"5185","Xã Thành Yên","621","Huyện Thạch Thành","56","Thanh Hóa"
"5186","Xã Thành Vinh","621","Huyện Thạch Thành","56","Thanh Hóa"
"5187","Xã Thành Minh","621","Huyện Thạch Thành","56","Thanh Hóa"
"5188","Xã Thành Công","621","Huyện Thạch Thành","56","Thanh Hóa"
"5189","Xã Thành Tân","621","Huyện Thạch Thành","56","Thanh Hóa"
"5190","Xã Thành Trực","621","Huyện Thạch Thành","56","Thanh Hóa"
"5191","Xã Thành Vân","621","Huyện Thạch Thành","56","Thanh Hóa"
"5192","Xã Thành Tâm","621","Huyện Thạch Thành","56","Thanh Hóa"
"5193","Xã Thành An","621","Huyện Thạch Thành","56","Thanh Hóa"
"5194","Xã Thành Thọ","621","Huyện Thạch Thành","56","Thanh Hóa"
"5195","Xã Thành Tiến","621","Huyện Thạch Thành","56","Thanh Hóa"
"5196","Xã Thành Long","621","Huyện Thạch Thành","56","Thanh Hóa"
"5197","Xã Thành Kim","621","Huyện Thạch Thành","56","Thanh Hóa"
"5198","Xã Thành Hưng","621","Huyện Thạch Thành","56","Thanh Hóa"
"5199","Xã Ngọc Trạo","621","Huyện Thạch Thành","56","Thanh Hóa"
"5200","Thị trấn Hà Trung","608","Huyện Hà Trung","56","Thanh Hóa"
"5201","Xã Hà Long","608","Huyện Hà Trung","56","Thanh Hóa"
"5202","Xã Hà Vinh","608","Huyện Hà Trung","56","Thanh Hóa"
"5203","Xã Hà Bắc","608","Huyện Hà Trung","56","Thanh Hóa"
"5204","Xã Hà Vân","608","Huyện Hà Trung","56","Thanh Hóa"
"5205","Xã Hà Yên","608","Huyện Hà Trung","56","Thanh Hóa"
"5206","Xã Hà Thanh","608","Huyện Hà Trung","56","Thanh Hóa"
"5207","Xã Hà Giang","608","Huyện Hà Trung","56","Thanh Hóa"
"5208","Xã Hà Dương","608","Huyện Hà Trung","56","Thanh Hóa"
"5209","Xã Hà Phú","608","Huyện Hà Trung","56","Thanh Hóa"
"5210","Xã Hà Phong","608","Huyện Hà Trung","56","Thanh Hóa"
"5211","Xã Hà Ngọc","608","Huyện Hà Trung","56","Thanh Hóa"
"5212","Xã Hà Ninh","608","Huyện Hà Trung","56","Thanh Hóa"
"5213","Xã Hà Lâm","608","Huyện Hà Trung","56","Thanh Hóa"
"5214","Xã Hà Sơn","608","Huyện Hà Trung","56","Thanh Hóa"
"5215","Xã Hà Lĩnh","608","Huyện Hà Trung","56","Thanh Hóa"
"5216","Xã Hà Đông","608","Huyện Hà Trung","56","Thanh Hóa"
"5217","Xã Hà Tân","608","Huyện Hà Trung","56","Thanh Hóa"
"5218","Xã Hà Tiến","608","Huyện Hà Trung","56","Thanh Hóa"
"5219","Xã Hà Bình","608","Huyện Hà Trung","56","Thanh Hóa"
"5220","Xã Hà Lai","608","Huyện Hà Trung","56","Thanh Hóa"
"5221","Xã Hà Châu","608","Huyện Hà Trung","56","Thanh Hóa"
"5222","Xã Hà Toại","608","Huyện Hà Trung","56","Thanh Hóa"
"5223","Xã Hà Thái","608","Huyện Hà Trung","56","Thanh Hóa"
"5224","Xã Hà Hải","608","Huyện Hà Trung","56","Thanh Hóa"
"5225","Thị trấn Vĩnh Lộc","627","Huyện Vĩnh Lộc","56","Thanh Hóa"
"5226","Xã Vĩnh Thành","627","Huyện Vĩnh Lộc","56","Thanh Hóa"
"5227","Xã Vĩnh Quang","627","Huyện Vĩnh Lộc","56","Thanh Hóa"
"5228","Xã Vĩnh Yên","627","Huyện Vĩnh Lộc","56","Thanh Hóa"
"5229","Xã Vĩnh Tiến","627","Huyện Vĩnh Lộc","56","Thanh Hóa"
"5230","Xã Vĩnh Long","627","Huyện Vĩnh Lộc","56","Thanh Hóa"
"5231","Xã Vĩnh Phúc","627","Huyện Vĩnh Lộc","56","Thanh Hóa"
"5232","Xã Vĩnh Hưng","627","Huyện Vĩnh Lộc","56","Thanh Hóa"
"5233","Xã Vĩnh Minh","627","Huyện Vĩnh Lộc","56","Thanh Hóa"
"5234","Xã Vĩnh Khang","627","Huyện Vĩnh Lộc","56","Thanh Hóa"
"5235","Xã Vĩnh Hòa","627","Huyện Vĩnh Lộc","56","Thanh Hóa"
"5236","Xã Vĩnh Hùng","627","Huyện Vĩnh Lộc","56","Thanh Hóa"
"5237","Xã Vĩnh Tân","627","Huyện Vĩnh Lộc","56","Thanh Hóa"
"5238","Xã Vĩnh Ninh","627","Huyện Vĩnh Lộc","56","Thanh Hóa"
"5239","Xã Vĩnh Thịnh","627","Huyện Vĩnh Lộc","56","Thanh Hóa"
"5240","Xã Vĩnh An","627","Huyện Vĩnh Lộc","56","Thanh Hóa"
"5241","Thị trấn Quán Lào","628","Huyện Yên Định","56","Thanh Hóa"
"5242","Thị trấn Thống Nhất","628","Huyện Yên Định","56","Thanh Hóa"
"5243","Xã Yên Phú","628","Huyện Yên Định","56","Thanh Hóa"
"5244","Thị trấn Yên Lâm","628","Huyện Yên Định","56","Thanh Hóa"
"5245","Xã Yên Tâm","628","Huyện Yên Định","56","Thanh Hóa"
"5246","Xã Yên Giang","628","Huyện Yên Định","56","Thanh Hóa"
"5247","Thị trấn Quý Lộc","628","Huyện Yên Định","56","Thanh Hóa"
"5248","Xã Yên Thọ","628","Huyện Yên Định","56","Thanh Hóa"
"5249","Xã Yên Trung","628","Huyện Yên Định","56","Thanh Hóa"
"5250","Xã Yên Trường","628","Huyện Yên Định","56","Thanh Hóa"
"5251","Xã Yên Bái","628","Huyện Yên Định","56","Thanh Hóa"
"5252","Xã Yên Phong","628","Huyện Yên Định","56","Thanh Hóa"
"5253","Xã Yên Thái","628","Huyện Yên Định","56","Thanh Hóa"
"5254","Xã Yên Hùng","628","Huyện Yên Định","56","Thanh Hóa"
"5255","Xã Yên Thịnh","628","Huyện Yên Định","56","Thanh Hóa"
"5256","Xã Yên Ninh","628","Huyện Yên Định","56","Thanh Hóa"
"5257","Xã Yên Lạc","628","Huyện Yên Định","56","Thanh Hóa"
"5258","Xã Định Tăng","628","Huyện Yên Định","56","Thanh Hóa"
"5259","Xã Định Hòa","628","Huyện Yên Định","56","Thanh Hóa"
"5260","Xã Định Thành","628","Huyện Yên Định","56","Thanh Hóa"
"5261","Xã Định Công","628","Huyện Yên Định","56","Thanh Hóa"
"5262","Xã Định Tân","628","Huyện Yên Định","56","Thanh Hóa"
"5263","Xã Định Tiến","628","Huyện Yên Định","56","Thanh Hóa"
"5264","Xã Định Long","628","Huyện Yên Định","56","Thanh Hóa"
"5265","Xã Định Liên","628","Huyện Yên Định","56","Thanh Hóa"
"5266","Xã Định Tường","628","Huyện Yên Định","56","Thanh Hóa"
"5267","Xã Định Hưng","628","Huyện Yên Định","56","Thanh Hóa"
"5268","Xã Định Hải","628","Huyện Yên Định","56","Thanh Hóa"
"5269","Xã Định Bình","628","Huyện Yên Định","56","Thanh Hóa"
"5270","Thị trấn Thọ Xuân","623","Huyện Thọ Xuân","56","Thanh Hóa"
"5271","Thị trấn Lam Sơn","623","Huyện Thọ Xuân","56","Thanh Hóa"
"5272","Thị trấn Sao Vàng","623","Huyện Thọ Xuân","56","Thanh Hóa"
"5273","Xã Xuân Khánh","623","Huyện Thọ Xuân","56","Thanh Hóa"
"5274","Xã Thọ Nguyên","623","Huyện Thọ Xuân","56","Thanh Hóa"
"5275","Xã Xuân Thành","623","Huyện Thọ Xuân","56","Thanh Hóa"
"5276","Xã Hạnh Phúc","623","Huyện Thọ Xuân","56","Thanh Hóa"
"5277","Xã Bắc Lương","623","Huyện Thọ Xuân","56","Thanh Hóa"
"5278","Xã Nam Giang","623","Huyện Thọ Xuân","56","Thanh Hóa"
"5279","Xã Xuân Phong","623","Huyện Thọ Xuân","56","Thanh Hóa"
"5280","Xã Thọ Lộc","623","Huyện Thọ Xuân","56","Thanh Hóa"
"5281","Xã Xuân Trường","623","Huyện Thọ Xuân","56","Thanh Hóa"
"5282","Xã Xuân Hòa","623","Huyện Thọ Xuân","56","Thanh Hóa"
"5283","Xã Thọ Hải","623","Huyện Thọ Xuân","56","Thanh Hóa"
"5284","Xã Tây Hồ","623","Huyện Thọ Xuân","56","Thanh Hóa"
"5285","Xã Xuân Giang","623","Huyện Thọ Xuân","56","Thanh Hóa"
"5286","Xã Xuân Quang","623","Huyện Thọ Xuân","56","Thanh Hóa"
"5287","Xã Xuân Sơn","623","Huyện Thọ Xuân","56","Thanh Hóa"
"5288","Xã Xuân Hưng","623","Huyện Thọ Xuân","56","Thanh Hóa"
"5289","Xã Thọ Diên","623","Huyện Thọ Xuân","56","Thanh Hóa"
"5290","Xã Thọ Lâm","623","Huyện Thọ Xuân","56","Thanh Hóa"
"5291","Xã Thọ Xương","623","Huyện Thọ Xuân","56","Thanh Hóa"
"5292","Xã Xuân Bái","623","Huyện Thọ Xuân","56","Thanh Hóa"
"5293","Xã Xuân Phú","623","Huyện Thọ Xuân","56","Thanh Hóa"
"5294","Xã Xuân Thắng","623","Huyện Thọ Xuân","56","Thanh Hóa"
"5295","Xã Xuân Lam","623","Huyện Thọ Xuân","56","Thanh Hóa"
"5296","Xã Xuân Thiên","623","Huyện Thọ Xuân","56","Thanh Hóa"
"5297","Xã Thọ Minh","623","Huyện Thọ Xuân","56","Thanh Hóa"
"5298","Xã Xuân Châu","623","Huyện Thọ Xuân","56","Thanh Hóa"
"5299","Xã Thọ Lập","623","Huyện Thọ Xuân","56","Thanh Hóa"
"5300","Xã Quảng Phú","623","Huyện Thọ Xuân","56","Thanh Hóa"
"5301","Xã Xuân Tín","623","Huyện Thọ Xuân","56","Thanh Hóa"
"5302","Xã Phú Yên","623","Huyện Thọ Xuân","56","Thanh Hóa"
"5303","Xã Xuân Yên","623","Huyện Thọ Xuân","56","Thanh Hóa"
"5304","Xã Xuân Lai","623","Huyện Thọ Xuân","56","Thanh Hóa"
"5305","Xã Xuân Lập","623","Huyện Thọ Xuân","56","Thanh Hóa"
"5306","Xã Thọ Thắng","623","Huyện Thọ Xuân","56","Thanh Hóa"
"5307","Xã Xuân Minh","623","Huyện Thọ Xuân","56","Thanh Hóa"
"5308","Xã Xuân Tân","623","Huyện Thọ Xuân","56","Thanh Hóa"
"5309","Xã Xuân Vinh","623","Huyện Thọ Xuân","56","Thanh Hóa"
"5310","Xã Thọ Trường","623","Huyện Thọ Xuân","56","Thanh Hóa"
"5311","Thị trấn Thường Xuân","624","Huyện Thường Xuân","56","Thanh Hóa"
"5312","Xã Bát Mọt","624","Huyện Thường Xuân","56","Thanh Hóa"
"5313","Xã Yên Nhân","624","Huyện Thường Xuân","56","Thanh Hóa"
"5314","Xã Xuân Lẹ","624","Huyện Thường Xuân","56","Thanh Hóa"
"5315","Xã Vạn Xuân","624","Huyện Thường Xuân","56","Thanh Hóa"
"5316","Xã Lương Sơn","624","Huyện Thường Xuân","56","Thanh Hóa"
"5317","Xã Xuân Cao","624","Huyện Thường Xuân","56","Thanh Hóa"
"5318","Xã Luận Thành","624","Huyện Thường Xuân","56","Thanh Hóa"
"5319","Xã Luận Khê","624","Huyện Thường Xuân","56","Thanh Hóa"
"5320","Xã Xuân Thắng","624","Huyện Thường Xuân","56","Thanh Hóa"
"5321","Xã Xuân Lộc","624","Huyện Thường Xuân","56","Thanh Hóa"
"5322","Xã Xuân Cẩm","624","Huyện Thường Xuân","56","Thanh Hóa"
"5323","Xã Xuân Dương","624","Huyện Thường Xuân","56","Thanh Hóa"
"5324","Xã Thọ Thanh","624","Huyện Thường Xuân","56","Thanh Hóa"
"5325","Xã Ngọc Phụng","624","Huyện Thường Xuân","56","Thanh Hóa"
"5326","Xã Xuân Chinh","624","Huyện Thường Xuân","56","Thanh Hóa"
"5327","Xã Tân Thành","624","Huyện Thường Xuân","56","Thanh Hóa"
"5328","Thị trấn Triệu Sơn","626","Huyện Triệu Sơn","56","Thanh Hóa"
"5329","Xã Thọ Sơn","626","Huyện Triệu Sơn","56","Thanh Hóa"
"5330","Xã Thọ Bình","626","Huyện Triệu Sơn","56","Thanh Hóa"
"5331","Xã Thọ Tiến","626","Huyện Triệu Sơn","56","Thanh Hóa"
"5332","Xã Hợp Lý","626","Huyện Triệu Sơn","56","Thanh Hóa"
"5333","Xã Hợp Tiến","626","Huyện Triệu Sơn","56","Thanh Hóa"
"5334","Xã Hợp Thành","626","Huyện Triệu Sơn","56","Thanh Hóa"
"5335","Xã Triệu Thành","626","Huyện Triệu Sơn","56","Thanh Hóa"
"5336","Xã Hợp Thắng","626","Huyện Triệu Sơn","56","Thanh Hóa"
"5337","Xã Minh Sơn","626","Huyện Triệu Sơn","56","Thanh Hóa"
"5338","Xã Minh Dân","626","Huyện Triệu Sơn","56","Thanh Hóa"
"5339","Xã Minh Châu","626","Huyện Triệu Sơn","56","Thanh Hóa"
"5340","Xã Dân Lực","626","Huyện Triệu Sơn","56","Thanh Hóa"
"5341","Xã Dân Lý","626","Huyện Triệu Sơn","56","Thanh Hóa"
"5342","Xã Dân Quyền","626","Huyện Triệu Sơn","56","Thanh Hóa"
"5343","Xã An Nông","626","Huyện Triệu Sơn","56","Thanh Hóa"
"5344","Xã Văn Sơn","626","Huyện Triệu Sơn","56","Thanh Hóa"
"5345","Xã Thái Hòa","626","Huyện Triệu Sơn","56","Thanh Hóa"
"5346","Xã Tân Ninh","626","Huyện Triệu Sơn","56","Thanh Hóa"
"5347","Xã Đồng Lợi","626","Huyện Triệu Sơn","56","Thanh Hóa"
"5348","Xã Đồng Tiến","626","Huyện Triệu Sơn","56","Thanh Hóa"
"5349","Xã Đồng Thắng","626","Huyện Triệu Sơn","56","Thanh Hóa"
"5350","Xã Tiến Nông","626","Huyện Triệu Sơn","56","Thanh Hóa"
"5351","Xã Khuyến Nông","626","Huyện Triệu Sơn","56","Thanh Hóa"
"5352","Xã Xuân Thịnh","626","Huyện Triệu Sơn","56","Thanh Hóa"
"5353","Xã Xuân Lộc","626","Huyện Triệu Sơn","56","Thanh Hóa"
"5354","Xã Thọ Dân","626","Huyện Triệu Sơn","56","Thanh Hóa"
"5355","Xã Xuân Thọ","626","Huyện Triệu Sơn","56","Thanh Hóa"
"5356","Xã Thọ Tân","626","Huyện Triệu Sơn","56","Thanh Hóa"
"5357","Xã Thọ Ngọc","626","Huyện Triệu Sơn","56","Thanh Hóa"
"5358","Xã Thọ Cường","626","Huyện Triệu Sơn","56","Thanh Hóa"
"5359","Xã Thọ Phú","626","Huyện Triệu Sơn","56","Thanh Hóa"
"5360","Xã Thọ Vực","626","Huyện Triệu Sơn","56","Thanh Hóa"
"5361","Xã Thọ Thế","626","Huyện Triệu Sơn","56","Thanh Hóa"
"5362","Xã Nông Trường","626","Huyện Triệu Sơn","56","Thanh Hóa"
"5363","Xã Bình Sơn","626","Huyện Triệu Sơn","56","Thanh Hóa"
"5364","Thị trấn Vạn Hà","622","Huyện Thiệu Hóa","56","Thanh Hóa"
"5365","Xã Thiệu Ngọc","622","Huyện Thiệu Hóa","56","Thanh Hóa"
"5366","Xã Thiệu Vũ","622","Huyện Thiệu Hóa","56","Thanh Hóa"
"5367","Xã Thiệu Phúc","622","Huyện Thiệu Hóa","56","Thanh Hóa"
"5368","Xã Thiệu Tiến","622","Huyện Thiệu Hóa","56","Thanh Hóa"
"5369","Xã Thiệu Công","622","Huyện Thiệu Hóa","56","Thanh Hóa"
"5370","Xã Thiệu Phú","622","Huyện Thiệu Hóa","56","Thanh Hóa"
"5371","Xã Thiệu Long","622","Huyện Thiệu Hóa","56","Thanh Hóa"
"5372","Xã Thiệu Giang","622","Huyện Thiệu Hóa","56","Thanh Hóa"
"5373","Xã Thiệu Duy","622","Huyện Thiệu Hóa","56","Thanh Hóa"
"5374","Xã Thiệu Nguyên","622","Huyện Thiệu Hóa","56","Thanh Hóa"
"5375","Xã Thiệu Hợp","622","Huyện Thiệu Hóa","56","Thanh Hóa"
"5376","Xã Thiệu Thịnh","622","Huyện Thiệu Hóa","56","Thanh Hóa"
"5377","Xã Thiệu Quang","622","Huyện Thiệu Hóa","56","Thanh Hóa"
"5378","Xã Thiệu Thành","622","Huyện Thiệu Hóa","56","Thanh Hóa"
"5379","Xã Thiệu Toán","622","Huyện Thiệu Hóa","56","Thanh Hóa"
"5380","Xã Thiệu Chính","622","Huyện Thiệu Hóa","56","Thanh Hóa"
"5381","Xã Thiệu Hòa","622","Huyện Thiệu Hóa","56","Thanh Hóa"
"5382","Xã Thiệu Minh","622","Huyện Thiệu Hóa","56","Thanh Hóa"
"5383","Xã Thiệu Tâm","622","Huyện Thiệu Hóa","56","Thanh Hóa"
"5384","Xã Thiệu Viên","622","Huyện Thiệu Hóa","56","Thanh Hóa"
"5385","Xã Thiệu Lý","622","Huyện Thiệu Hóa","56","Thanh Hóa"
"5386","Xã Thiệu Vận","622","Huyện Thiệu Hóa","56","Thanh Hóa"
"5387","Xã Thiệu Trung","622","Huyện Thiệu Hóa","56","Thanh Hóa"
"5388","Xã Thiệu Đô","622","Huyện Thiệu Hóa","56","Thanh Hóa"
"5389","Xã Thiệu Châu","622","Huyện Thiệu Hóa","56","Thanh Hóa"
"5390","Xã Thiệu Vân","602","Thành phố Thanh Hóa","56","Thanh Hóa"
"5391","Xã Thiệu Giao","622","Huyện Thiệu Hóa","56","Thanh Hóa"
"5392","Phường Thiệu Khánh","602","Thành phố Thanh Hóa","56","Thanh Hóa"
"5393","Phường Thiệu Dương","602","Thành phố Thanh Hóa","56","Thanh Hóa"
"5394","Xã Thiệu Tân","622","Huyện Thiệu Hóa","56","Thanh Hóa"
"5395","Thị trấn Bút Sơn","610","Huyện Hoằng Hóa","56","Thanh Hóa"
"5396","Phường Tào Xuyên","602","Thành phố Thanh Hóa","56","Thanh Hóa"
"5397","Xã Hoằng Giang","610","Huyện Hoằng Hóa","56","Thanh Hóa"
"5398","Xã Hoằng Xuân","610","Huyện Hoằng Hóa","56","Thanh Hóa"
"5399","Xã Hoằng Khánh","610","Huyện Hoằng Hóa","56","Thanh Hóa"
"5400","Xã Hoằng Phượng","610","Huyện Hoằng Hóa","56","Thanh Hóa"
"5401","Xã Hoằng Phú","610","Huyện Hoằng Hóa","56","Thanh Hóa"
"5402","Xã Hoằng Quỳ","610","Huyện Hoằng Hóa","56","Thanh Hóa"
"5403","Xã Hoằng Kim","610","Huyện Hoằng Hóa","56","Thanh Hóa"
"5404","Xã Hoằng Trung","610","Huyện Hoằng Hóa","56","Thanh Hóa"
"5405","Xã Hoằng Trinh","610","Huyện Hoằng Hóa","56","Thanh Hóa"
"5406","Xã Hoằng Sơn","610","Huyện Hoằng Hóa","56","Thanh Hóa"
"5407","Xã Hoằng Lương","610","Huyện Hoằng Hóa","56","Thanh Hóa"
"5408","Xã Hoằng Xuyên","610","Huyện Hoằng Hóa","56","Thanh Hóa"
"5409","Xã Hoằng Cát","610","Huyện Hoằng Hóa","56","Thanh Hóa"
"5410","Xã Hoằng Khê","610","Huyện Hoằng Hóa","56","Thanh Hóa"
"5411","Xã Hoằng Lý","602","Thành phố Thanh Hóa","56","Thanh Hóa"
"5412","Xã Hoằng Quý","610","Huyện Hoằng Hóa","56","Thanh Hóa"
"5413","Xã Hoằng Hợp","610","Huyện Hoằng Hóa","56","Thanh Hóa"
"5414","Xã Hoằng Long","602","Thành phố Thanh Hóa","56","Thanh Hóa"
"5415","Xã Hoằng Quang","602","Thành phố Thanh Hóa","56","Thanh Hóa"
"5416","Xã Hoằng Minh","610","Huyện Hoằng Hóa","56","Thanh Hóa"
"5417","Xã Hoằng Phúc","610","Huyện Hoằng Hóa","56","Thanh Hóa"
"5418","Xã Hoằng Đức","610","Huyện Hoằng Hóa","56","Thanh Hóa"
"5419","Xã Hoằng Hà","610","Huyện Hoằng Hóa","56","Thanh Hóa"
"5420","Xã Hoằng Đạt","610","Huyện Hoằng Hóa","56","Thanh Hóa"
"5421","Xã Hoằng Vinh","610","Huyện Hoằng Hóa","56","Thanh Hóa"
"5422","Xã Hoằng Đạo","610","Huyện Hoằng Hóa","56","Thanh Hóa"
"5423","Xã Hoằng Thắng","610","Huyện Hoằng Hóa","56","Thanh Hóa"
"5424","Xã Hoằng Đồng","610","Huyện Hoằng Hóa","56","Thanh Hóa"
"5425","Xã Hoằng Thái","610","Huyện Hoằng Hóa","56","Thanh Hóa"
"5426","Xã Hoằng Thịnh","610","Huyện Hoằng Hóa","56","Thanh Hóa"
"5427","Xã Hoằng Thành","610","Huyện Hoằng Hóa","56","Thanh Hóa"
"5428","Xã Hoằng Lộc","610","Huyện Hoằng Hóa","56","Thanh Hóa"
"5429","Xã Hoằng Trạch","610","Huyện Hoằng Hóa","56","Thanh Hóa"
"5430","Xã Hoằng Đại","602","Thành phố Thanh Hóa","56","Thanh Hóa"
"5431","Xã Hoằng Phong","610","Huyện Hoằng Hóa","56","Thanh Hóa"
"5432","Xã Hoằng Lưu","610","Huyện Hoằng Hóa","56","Thanh Hóa"
"5433","Xã Hoằng Châu","610","Huyện Hoằng Hóa","56","Thanh Hóa"
"5434","Xã Hoằng Tân","610","Huyện Hoằng Hóa","56","Thanh Hóa"
"5435","Xã Hoằng Yến","610","Huyện Hoằng Hóa","56","Thanh Hóa"
"5436","Xã Hoằng Tiến","610","Huyện Hoằng Hóa","56","Thanh Hóa"
"5437","Xã Hoằng Hải","610","Huyện Hoằng Hóa","56","Thanh Hóa"
"5438","Xã Hoằng Ngọc","610","Huyện Hoằng Hóa","56","Thanh Hóa"
"5439","Xã Hoằng Đông","610","Huyện Hoằng Hóa","56","Thanh Hóa"
"5440","Xã Hoằng Thanh","610","Huyện Hoằng Hóa","56","Thanh Hóa"
"5441","Xã Hoằng Phụ","610","Huyện Hoằng Hóa","56","Thanh Hóa"
"5442","Xã Hoằng Trường","610","Huyện Hoằng Hóa","56","Thanh Hóa"
"5443","Xã Hoằng Anh","602","Thành phố Thanh Hóa","56","Thanh Hóa"
"5444","Thị trấn Hậu Lộc","609","Huyện Hậu Lộc","56","Thanh Hóa"
"5445","Xã Đồng Lộc","609","Huyện Hậu Lộc","56","Thanh Hóa"
"5446","Xã Đại Lộc","609","Huyện Hậu Lộc","56","Thanh Hóa"
"5447","Xã Triệu Lộc","609","Huyện Hậu Lộc","56","Thanh Hóa"
"5448","Xã Châu Lộc","609","Huyện Hậu Lộc","56","Thanh Hóa"
"5449","Xã Tiến Lộc","609","Huyện Hậu Lộc","56","Thanh Hóa"
"5450","Xã Lộc Sơn","609","Huyện Hậu Lộc","56","Thanh Hóa"
"5451","Xã Cầu Lộc","609","Huyện Hậu Lộc","56","Thanh Hóa"
"5452","Xã Thành Lộc","609","Huyện Hậu Lộc","56","Thanh Hóa"
"5453","Xã Tuy Lộc","609","Huyện Hậu Lộc","56","Thanh Hóa"
"5454","Xã Phong Lộc","609","Huyện Hậu Lộc","56","Thanh Hóa"
"5455","Xã Mỹ Lộc","609","Huyện Hậu Lộc","56","Thanh Hóa"
"5456","Xã Văn Lộc","609","Huyện Hậu Lộc","56","Thanh Hóa"
"5457","Xã Thuần Lộc","609","Huyện Hậu Lộc","56","Thanh Hóa"
"5458","Xã Lộc Tân","609","Huyện Hậu Lộc","56","Thanh Hóa"
"5459","Xã Xuân Lộc","609","Huyện Hậu Lộc","56","Thanh Hóa"
"5460","Xã Thịnh Lộc","609","Huyện Hậu Lộc","56","Thanh Hóa"
"5461","Xã Hoa Lộc","609","Huyện Hậu Lộc","56","Thanh Hóa"
"5462","Xã Liên Lộc","609","Huyện Hậu Lộc","56","Thanh Hóa"
"5463","Xã Quang Lộc","609","Huyện Hậu Lộc","56","Thanh Hóa"
"5464","Xã Phú Lộc","609","Huyện Hậu Lộc","56","Thanh Hóa"
"5465","Xã Hòa Lộc","609","Huyện Hậu Lộc","56","Thanh Hóa"
"5466","Xã Minh Lộc","609","Huyện Hậu Lộc","56","Thanh Hóa"
"5467","Xã Hưng Lộc","609","Huyện Hậu Lộc","56","Thanh Hóa"
"5468","Xã Hải Lộc","609","Huyện Hậu Lộc","56","Thanh Hóa"
"5469","Xã Đa Lộc","609","Huyện Hậu Lộc","56","Thanh Hóa"
"5470","Xã Ngư Lộc","609","Huyện Hậu Lộc","56","Thanh Hóa"
"5471","Thị trấn Nga Sơn","613","Huyện Nga Sơn","56","Thanh Hóa"
"5472","Xã Ba Đình","613","Huyện Nga Sơn","56","Thanh Hóa"
"5473","Xã Nga Vịnh","613","Huyện Nga Sơn","56","Thanh Hóa"
"5474","Xã Nga Văn","613","Huyện Nga Sơn","56","Thanh Hóa"
"5475","Xã Nga Thiện","613","Huyện Nga Sơn","56","Thanh Hóa"
"5476","Xã Nga Tiến","613","Huyện Nga Sơn","56","Thanh Hóa"
"5477","Xã Nga Lĩnh","613","Huyện Nga Sơn","56","Thanh Hóa"
"5478","Xã Nga Nhân","613","Huyện Nga Sơn","56","Thanh Hóa"
"5479","Xã Nga Trung","613","Huyện Nga Sơn","56","Thanh Hóa"
"5480","Xã Nga Bạch","613","Huyện Nga Sơn","56","Thanh Hóa"
"5481","Xã Nga Thanh","613","Huyện Nga Sơn","56","Thanh Hóa"
"5482","Xã Nga Hưng","613","Huyện Nga Sơn","56","Thanh Hóa"
"5483","Xã Nga Mỹ","613","Huyện Nga Sơn","56","Thanh Hóa"
"5484","Xã Nga Yên","613","Huyện Nga Sơn","56","Thanh Hóa"
"5485","Xã Nga Giáp","613","Huyện Nga Sơn","56","Thanh Hóa"
"5486","Xã Nga Hải","613","Huyện Nga Sơn","56","Thanh Hóa"
"5487","Xã Nga Thành","613","Huyện Nga Sơn","56","Thanh Hóa"
"5488","Xã Nga An","613","Huyện Nga Sơn","56","Thanh Hóa"
"5489","Xã Nga Phú","613","Huyện Nga Sơn","56","Thanh Hóa"
"5490","Xã Nga Điền","613","Huyện Nga Sơn","56","Thanh Hóa"
"5491","Xã Nga Tân","613","Huyện Nga Sơn","56","Thanh Hóa"
"5492","Xã Nga Thủy","613","Huyện Nga Sơn","56","Thanh Hóa"
"5493","Xã Nga Liên","613","Huyện Nga Sơn","56","Thanh Hóa"
"5494","Xã Nga Thái","613","Huyện Nga Sơn","56","Thanh Hóa"
"5495","Xã Nga Thạch","613","Huyện Nga Sơn","56","Thanh Hóa"
"5496","Xã Nga Thắng","613","Huyện Nga Sơn","56","Thanh Hóa"
"5497","Xã Nga Trường","613","Huyện Nga Sơn","56","Thanh Hóa"
"5498","Thị trấn Yên Cát","616","Huyện Như Xuân","56","Thanh Hóa"
"5499","Xã Bãi Trành","616","Huyện Như Xuân","56","Thanh Hóa"
"5500","Xã Xuân Hòa","616","Huyện Như Xuân","56","Thanh Hóa"
"5501","Xã Xuân Bình","616","Huyện Như Xuân","56","Thanh Hóa"
"5502","Xã Hóa Quỳ","616","Huyện Như Xuân","56","Thanh Hóa"
"5503","Xã Xuân Quỳ","616","Huyện Như Xuân","56","Thanh Hóa"
"5504","Xã Yên Lễ","616","Huyện Như Xuân","56","Thanh Hóa"
"5505","Xã Cát Vân","616","Huyện Như Xuân","56","Thanh Hóa"
"5506","Xã Cát Tân","616","Huyện Như Xuân","56","Thanh Hóa"
"5507","Xã Tân Bình","616","Huyện Như Xuân","56","Thanh Hóa"
"5508","Xã Bình Lương","616","Huyện Như Xuân","56","Thanh Hóa"
"5509","Xã Thanh Quân","616","Huyện Như Xuân","56","Thanh Hóa"
"5510","Xã Thanh Xuân","616","Huyện Như Xuân","56","Thanh Hóa"
"5511","Xã Thanh Hòa","616","Huyện Như Xuân","56","Thanh Hóa"
"5512","Xã Thanh Phong","616","Huyện Như Xuân","56","Thanh Hóa"
"5513","Xã Thanh Lâm","616","Huyện Như Xuân","56","Thanh Hóa"
"5514","Xã Thanh Sơn","616","Huyện Như Xuân","56","Thanh Hóa"
"5515","Xã Thượng Ninh","616","Huyện Như Xuân","56","Thanh Hóa"
"5516","Thị trấn Bến Sung","615","Huyện Như Thanh","56","Thanh Hóa"
"5517","Xã Cán Khê","615","Huyện Như Thanh","56","Thanh Hóa"
"5518","Xã Xuân Du","615","Huyện Như Thanh","56","Thanh Hóa"
"5519","Xã Xuân Thọ","615","Huyện Như Thanh","56","Thanh Hóa"
"5520","Xã Phượng Nghi","615","Huyện Như Thanh","56","Thanh Hóa"
"5521","Xã Mậu Lâm","615","Huyện Như Thanh","56","Thanh Hóa"
"5522","Xã Xuân Khang","615","Huyện Như Thanh","56","Thanh Hóa"
"5523","Xã Phú Nhuận","615","Huyện Như Thanh","56","Thanh Hóa"
"5524","Xã Hải Long","615","Huyện Như Thanh","56","Thanh Hóa"
"5525","Xã Hải Vân","615","Huyện Như Thanh","56","Thanh Hóa"
"5526","Xã Xuân Thái","615","Huyện Như Thanh","56","Thanh Hóa"
"5527","Xã Xuân Phúc","615","Huyện Như Thanh","56","Thanh Hóa"
"5528","Xã Yên Thọ","615","Huyện Như Thanh","56","Thanh Hóa"
"5529","Xã Yên Lạc","615","Huyện Như Thanh","56","Thanh Hóa"
"5530","Xã Phúc Đường","615","Huyện Như Thanh","56","Thanh Hóa"
"5531","Xã Thanh Tân","615","Huyện Như Thanh","56","Thanh Hóa"
"5532","Xã Thanh Kỳ","615","Huyện Như Thanh","56","Thanh Hóa"
"5533","Thị trấn Nông Cống","617","Huyện Nông Cống","56","Thanh Hóa"
"5534","Xã Tân Phúc","617","Huyện Nông Cống","56","Thanh Hóa"
"5535","Xã Tân Thọ","617","Huyện Nông Cống","56","Thanh Hóa"
"5536","Xã Hoàng Sơn","617","Huyện Nông Cống","56","Thanh Hóa"
"5537","Xã Tân Khang","617","Huyện Nông Cống","56","Thanh Hóa"
"5538","Xã Hoàng Giang","617","Huyện Nông Cống","56","Thanh Hóa"
"5539","Xã Trung Chính","617","Huyện Nông Cống","56","Thanh Hóa"
"5540","Xã Trung Ý","617","Huyện Nông Cống","56","Thanh Hóa"
"5541","Xã Trung Thành","617","Huyện Nông Cống","56","Thanh Hóa"
"5542","Xã Tế Tân","617","Huyện Nông Cống","56","Thanh Hóa"
"5543","Xã Tế Thắng","617","Huyện Nông Cống","56","Thanh Hóa"
"5544","Xã Tế Lợi","617","Huyện Nông Cống","56","Thanh Hóa"
"5545","Xã Tế Nông","617","Huyện Nông Cống","56","Thanh Hóa"
"5546","Xã Minh Nghĩa","617","Huyện Nông Cống","56","Thanh Hóa"
"5547","Xã Minh Khôi","617","Huyện Nông Cống","56","Thanh Hóa"
"5548","Xã Vạn Hòa","617","Huyện Nông Cống","56","Thanh Hóa"
"5549","Xã Trường Trung","617","Huyện Nông Cống","56","Thanh Hóa"
"5550","Xã Vạn Thắng","617","Huyện Nông Cống","56","Thanh Hóa"
"5551","Xã Trường Giang","617","Huyện Nông Cống","56","Thanh Hóa"
"5552","Xã Vạn Thiện","617","Huyện Nông Cống","56","Thanh Hóa"
"5553","Xã Thăng Long","617","Huyện Nông Cống","56","Thanh Hóa"
"5554","Xã Trường Minh","617","Huyện Nông Cống","56","Thanh Hóa"
"5555","Xã Trường Sơn","617","Huyện Nông Cống","56","Thanh Hóa"
"5556","Xã Thăng Bình","617","Huyện Nông Cống","56","Thanh Hóa"
"5557","Xã Công Liêm","617","Huyện Nông Cống","56","Thanh Hóa"
"5558","Xã Tượng Văn","617","Huyện Nông Cống","56","Thanh Hóa"
"5559","Xã Thăng Thọ","617","Huyện Nông Cống","56","Thanh Hóa"
"5560","Xã Tượng Lĩnh","617","Huyện Nông Cống","56","Thanh Hóa"
"5561","Xã Tượng Sơn","617","Huyện Nông Cống","56","Thanh Hóa"
"5562","Xã Công Chính","617","Huyện Nông Cống","56","Thanh Hóa"
"5563","Xã Công Bình","617","Huyện Nông Cống","56","Thanh Hóa"
"5564","Xã Yên Mỹ","617","Huyện Nông Cống","56","Thanh Hóa"
"5565","Thị trấn Rừng Thông","607","Huyện Đông Sơn","56","Thanh Hóa"
"5566","Phường An Hoạch","602","Thành phố Thanh Hóa","56","Thanh Hóa"
"5567","Xã Đông Hoàng","607","Huyện Đông Sơn","56","Thanh Hóa"
"5568","Xã Đông Ninh","607","Huyện Đông Sơn","56","Thanh Hóa"
"5569","Xã Đông Khê","607","Huyện Đông Sơn","56","Thanh Hóa"
"5570","Xã Đông Hòa","607","Huyện Đông Sơn","56","Thanh Hóa"
"5571","Xã Đông Yên","607","Huyện Đông Sơn","56","Thanh Hóa"
"5572","Phường Đông Lĩnh","602","Thành phố Thanh Hóa","56","Thanh Hóa"
"5573","Xã Đông Minh","607","Huyện Đông Sơn","56","Thanh Hóa"
"5574","Xã Đông Thanh","607","Huyện Đông Sơn","56","Thanh Hóa"
"5575","Xã Đông Tiến","607","Huyện Đông Sơn","56","Thanh Hóa"
"5576","Xã Đông Anh","607","Huyện Đông Sơn","56","Thanh Hóa"
"5577","Xã Đông Thịnh","607","Huyện Đông Sơn","56","Thanh Hóa"
"5578","Xã Đông Văn","607","Huyện Đông Sơn","56","Thanh Hóa"
"5579","Xã Đông Phú","607","Huyện Đông Sơn","56","Thanh Hóa"
"5580","Xã Đông Nam","607","Huyện Đông Sơn","56","Thanh Hóa"
"5581","Xã Đông Quang","607","Huyện Đông Sơn","56","Thanh Hóa"
"5582","Xã Đông Vinh","602","Thành phố Thanh Hóa","56","Thanh Hóa"
"5583","Phường Đông Tân","602","Thành phố Thanh Hóa","56","Thanh Hóa"
"5584","Xã Đông Hưng","602","Thành phố Thanh Hóa","56","Thanh Hóa"
"5585","Thị trấn Quảng Xương","620","Huyện Quảng Xương","56","Thanh Hóa"
"5586","Phường Quảng Thịnh","602","Thành phố Thanh Hóa","56","Thanh Hóa"
"5587","Xã Quảng Tân","620","Huyện Quảng Xương","56","Thanh Hóa"
"5588","Xã Quảng Trạch","620","Huyện Quảng Xương","56","Thanh Hóa"
"5589","Xã Quảng Phong","620","Huyện Quảng Xương","56","Thanh Hóa"
"5590","Xã Quảng Đức","620","Huyện Quảng Xương","56","Thanh Hóa"
"5591","Xã Quảng Định","620","Huyện Quảng Xương","56","Thanh Hóa"
"5592","Phường Quảng Đông","602","Thành phố Thanh Hóa","56","Thanh Hóa"
"5593","Xã Quảng Nhân","620","Huyện Quảng Xương","56","Thanh Hóa"
"5594","Xã Quảng Ninh","620","Huyện Quảng Xương","56","Thanh Hóa"
"5595","Xã Quảng Bình","620","Huyện Quảng Xương","56","Thanh Hóa"
"5596","Xã Quảng Hợp","620","Huyện Quảng Xương","56","Thanh Hóa"
"5597","Xã Quảng Văn","620","Huyện Quảng Xương","56","Thanh Hóa"
"5598","Xã Quảng Long","620","Huyện Quảng Xương","56","Thanh Hóa"
"5599","Xã Quảng Yên","620","Huyện Quảng Xương","56","Thanh Hóa"
"5600","Xã Quảng Hòa","620","Huyện Quảng Xương","56","Thanh Hóa"
"5601","Xã Quảng Lĩnh","620","Huyện Quảng Xương","56","Thanh Hóa"
"5602","Xã Quảng Khê","620","Huyện Quảng Xương","56","Thanh Hóa"
"5603","Xã Quảng Trung","620","Huyện Quảng Xương","56","Thanh Hóa"
"5604","Xã Quảng Chính","620","Huyện Quảng Xương","56","Thanh Hóa"
"5605","Xã Quảng Ngọc","620","Huyện Quảng Xương","56","Thanh Hóa"
"5606","Xã Quảng Trường","620","Huyện Quảng Xương","56","Thanh Hóa"
"5607","Xã Quảng Phúc","620","Huyện Quảng Xương","56","Thanh Hóa"
"5608","Phường Quảng Cát","602","Thành phố Thanh Hóa","56","Thanh Hóa"
"5609","Xã Quảng Vọng","620","Huyện Quảng Xương","56","Thanh Hóa"
"5610","Xã Quảng Minh","604","Thành phố Sầm Sơn","56","Thanh Hóa"
"5611","Xã Quảng Hùng","604","Thành phố Sầm Sơn","56","Thanh Hóa"
"5612","Xã Quảng Giao","620","Huyện Quảng Xương","56","Thanh Hóa"
"5613","Xã Quảng Phú","602","Thành phố Thanh Hóa","56","Thanh Hóa"
"5614","Phường Quảng Tâm","602","Thành phố Thanh Hóa","56","Thanh Hóa"
"5615","Phường Quảng Thọ","604","Thành phố Sầm Sơn","56","Thanh Hóa"
"5616","Phường Quảng Châu","604","Thành phố Sầm Sơn","56","Thanh Hóa"
"5617","Phường Quảng Vinh","604","Thành phố Sầm Sơn","56","Thanh Hóa"
"5618","Xã Quảng Đại","604","Thành phố Sầm Sơn","56","Thanh Hóa"
"5619","Xã Quảng Hải","620","Huyện Quảng Xương","56","Thanh Hóa"
"5620","Xã Quảng Lưu","620","Huyện Quảng Xương","56","Thanh Hóa"
"5621","Xã Quảng Lộc","620","Huyện Quảng Xương","56","Thanh Hóa"
"5622","Xã Quảng Lợi","620","Huyện Quảng Xương","56","Thanh Hóa"
"5623","Xã Quảng Nham","620","Huyện Quảng Xương","56","Thanh Hóa"
"5624","Xã Quảng Thạch","620","Huyện Quảng Xương","56","Thanh Hóa"
"5625","Xã Quảng Thái","620","Huyện Quảng Xương","56","Thanh Hóa"
"5626","Thị trấn Tĩnh Gia","625","Huyện Tĩnh Gia","56","Thanh Hóa"
"5627","Xã Hải Châu","625","Huyện Tĩnh Gia","56","Thanh Hóa"
"5628","Xã Thanh Thủy","625","Huyện Tĩnh Gia","56","Thanh Hóa"
"5629","Xã Thanh Sơn","625","Huyện Tĩnh Gia","56","Thanh Hóa"
"5630","Xã Triêu Dương","625","Huyện Tĩnh Gia","56","Thanh Hóa"
"5631","Xã Hải Ninh","625","Huyện Tĩnh Gia","56","Thanh Hóa"
"5632","Xã Anh Sơn","625","Huyện Tĩnh Gia","56","Thanh Hóa"
"5633","Xã Ngọc Lĩnh","625","Huyện Tĩnh Gia","56","Thanh Hóa"
"5634","Xã Hải An","625","Huyện Tĩnh Gia","56","Thanh Hóa"
"5635","Xã Hùng Sơn","625","Huyện Tĩnh Gia","56","Thanh Hóa"
"5636","Xã Các Sơn","625","Huyện Tĩnh Gia","56","Thanh Hóa"
"5637","Xã Tân Dân","625","Huyện Tĩnh Gia","56","Thanh Hóa"
"5638","Xã Hải Lĩnh","625","Huyện Tĩnh Gia","56","Thanh Hóa"
"5639","Xã Định Hải","625","Huyện Tĩnh Gia","56","Thanh Hóa"
"5640","Xã Phú Sơn","625","Huyện Tĩnh Gia","56","Thanh Hóa"
"5641","Xã Ninh Hải","625","Huyện Tĩnh Gia","56","Thanh Hóa"
"5642","Xã Nguyên Bình","625","Huyện Tĩnh Gia","56","Thanh Hóa"
"5643","Xã Hải Nhân","625","Huyện Tĩnh Gia","56","Thanh Hóa"
"5644","Xã Hải Hòa","625","Huyện Tĩnh Gia","56","Thanh Hóa"
"5645","Xã Bình Minh","625","Huyện Tĩnh Gia","56","Thanh Hóa"
"5646","Xã Hải Thanh","625","Huyện Tĩnh Gia","56","Thanh Hóa"
"5647","Xã Phú Lâm","625","Huyện Tĩnh Gia","56","Thanh Hóa"
"5648","Xã Xuân Lâm","625","Huyện Tĩnh Gia","56","Thanh Hóa"
"5649","Xã Trúc Lâm","625","Huyện Tĩnh Gia","56","Thanh Hóa"
"5650","Xã Hải Bình","625","Huyện Tĩnh Gia","56","Thanh Hóa"
"5651","Xã Tân Trường","625","Huyện Tĩnh Gia","56","Thanh Hóa"
"5652","Xã Tùng Lâm","625","Huyện Tĩnh Gia","56","Thanh Hóa"
"5653","Xã Tĩnh Hải","625","Huyện Tĩnh Gia","56","Thanh Hóa"
"5654","Xã Mai Lâm","625","Huyện Tĩnh Gia","56","Thanh Hóa"
"5655","Xã Trường Lâm","625","Huyện Tĩnh Gia","56","Thanh Hóa"
"5656","Xã Hải Yến","625","Huyện Tĩnh Gia","56","Thanh Hóa"
"5657","Xã Hải Thượng","625","Huyện Tĩnh Gia","56","Thanh Hóa"
"5658","Xã Nghi Sơn","625","Huyện Tĩnh Gia","56","Thanh Hóa"
"5659","Xã Hải Hà","625","Huyện Tĩnh Gia","56","Thanh Hóa"
"5660","Phường Đông Vĩnh","444","Thành phố Vinh","41","Nghệ An"
"5661","Phường Hà Huy Tập","444","Thành phố Vinh","41","Nghệ An"
"5662","Phường Lê Lợi","444","Thành phố Vinh","41","Nghệ An"
"5663","Phường Quán Bàu","444","Thành phố Vinh","41","Nghệ An"
"5664","Phường Hưng Bình","444","Thành phố Vinh","41","Nghệ An"
"5665","Phường Hưng Phúc","444","Thành phố Vinh","41","Nghệ An"
"5666","Phường Hưng Dũng","444","Thành phố Vinh","41","Nghệ An"
"5667","Phường Cửa Nam","444","Thành phố Vinh","41","Nghệ An"
"5668","Phường Quang Trung","444","Thành phố Vinh","41","Nghệ An"
"5669","Phường Đội Cung","444","Thành phố Vinh","41","Nghệ An"
"5670","Phường Lê Mao","444","Thành phố Vinh","41","Nghệ An"
"5671","Phường Trường Thi","444","Thành phố Vinh","41","Nghệ An"
"5672","Phường Bến Thủy","444","Thành phố Vinh","41","Nghệ An"
"5673","Phường Hồng Sơn","444","Thành phố Vinh","41","Nghệ An"
"5674","Phường Trung Đô","444","Thành phố Vinh","41","Nghệ An"
"5675","Xã Nghi Phú","444","Thành phố Vinh","41","Nghệ An"
"5676","Xã Hưng Đông","444","Thành phố Vinh","41","Nghệ An"
"5677","Xã Hưng Lộc","444","Thành phố Vinh","41","Nghệ An"
"5678","Xã Hưng Hòa","444","Thành phố Vinh","41","Nghệ An"
"5679","Phường Vinh Tân","444","Thành phố Vinh","41","Nghệ An"
"5680","Phường Nghi Thủy","445","Thị xã Cửa Lò","41","Nghệ An"
"5681","Phường Nghi Tân","445","Thị xã Cửa Lò","41","Nghệ An"
"5682","Phường Thu Thủy","445","Thị xã Cửa Lò","41","Nghệ An"
"5683","Phường Nghi Hòa","445","Thị xã Cửa Lò","41","Nghệ An"
"5684","Phường Nghi Hải","445","Thị xã Cửa Lò","41","Nghệ An"
"5685","Phường Nghi Hương","445","Thị xã Cửa Lò","41","Nghệ An"
"5686","Phường Nghi Thu","445","Thị xã Cửa Lò","41","Nghệ An"
"5687","Thị trấn Kim Sơn","692","Huyện Quế Phong","41","Nghệ An"
"5688","Xã Thông Thụ","692","Huyện Quế Phong","41","Nghệ An"
"5689","Xã Đồng Văn","692","Huyện Quế Phong","41","Nghệ An"
"5690","Xã Hạnh Dịch","692","Huyện Quế Phong","41","Nghệ An"
"5691","Xã Tiền Phong","692","Huyện Quế Phong","41","Nghệ An"
"5692","Xã Nậm Giải","692","Huyện Quế Phong","41","Nghệ An"
"5693","Xã Tri Lễ","692","Huyện Quế Phong","41","Nghệ An"
"5694","Xã Châu Kim","692","Huyện Quế Phong","41","Nghệ An"
"5695","Xã Mường Nọc","692","Huyện Quế Phong","41","Nghệ An"
"5696","Xã Quế Sơn","692","Huyện Quế Phong","41","Nghệ An"
"5697","Xã Châu Thôn","692","Huyện Quế Phong","41","Nghệ An"
"5698","Xã Nậm Nhoóng","692","Huyện Quế Phong","41","Nghệ An"
"5699","Xã Quang Phong","692","Huyện Quế Phong","41","Nghệ An"
"5700","Xã Căm Muộn","692","Huyện Quế Phong","41","Nghệ An"
"5701","Thị trấn Tân Lạc","452","Huyện Quỳ Châu","41","Nghệ An"
"5702","Xã Châu Bính","452","Huyện Quỳ Châu","41","Nghệ An"
"5703","Xã Châu Thuận","452","Huyện Quỳ Châu","41","Nghệ An"
"5704","Xã Châu Hội","452","Huyện Quỳ Châu","41","Nghệ An"
"5705","Xã Châu Nga","452","Huyện Quỳ Châu","41","Nghệ An"
"5706","Xã Châu Tiến","452","Huyện Quỳ Châu","41","Nghệ An"
"5707","Xã Châu Hạnh","452","Huyện Quỳ Châu","41","Nghệ An"
"5708","Xã Châu Thắng","452","Huyện Quỳ Châu","41","Nghệ An"
"5709","Xã Châu Phong","452","Huyện Quỳ Châu","41","Nghệ An"
"5710","Xã Châu Bình","452","Huyện Quỳ Châu","41","Nghệ An"
"5711","Xã Châu Hoàn","452","Huyện Quỳ Châu","41","Nghệ An"
"5712","Xã Diên Lãm","452","Huyện Quỳ Châu","41","Nghệ An"
"5713","Thị trấn Mường Xén","453","Huyện Kỳ Sơn","41","Nghệ An"
"5714","Xã Mỹ Lý","453","Huyện Kỳ Sơn","41","Nghệ An"
"5715","Xã Bắc Lý","453","Huyện Kỳ Sơn","41","Nghệ An"
"5716","Xã Keng Đu","453","Huyện Kỳ Sơn","41","Nghệ An"
"5717","Xã Đoọc Mạy","453","Huyện Kỳ Sơn","41","Nghệ An"
"5718","Xã Huồi Tụ","453","Huyện Kỳ Sơn","41","Nghệ An"
"5719","Xã Mường Lống","453","Huyện Kỳ Sơn","41","Nghệ An"
"5720","Xã Na Loi","453","Huyện Kỳ Sơn","41","Nghệ An"
"5721","Xã Nậm Cắn","453","Huyện Kỳ Sơn","41","Nghệ An"
"5722","Xã Bảo Nam","453","Huyện Kỳ Sơn","41","Nghệ An"
"5723","Xã Phà Đánh","453","Huyện Kỳ Sơn","41","Nghệ An"
"5724","Xã Bảo Thắng","453","Huyện Kỳ Sơn","41","Nghệ An"
"5725","Xã Hữu Lập","453","Huyện Kỳ Sơn","41","Nghệ An"
"5726","Xã Tà Cạ","453","Huyện Kỳ Sơn","41","Nghệ An"
"5727","Xã Chiêu Lưu","453","Huyện Kỳ Sơn","41","Nghệ An"
"5728","Xã Mường Típ","453","Huyện Kỳ Sơn","41","Nghệ An"
"5729","Xã Hữu Kiệm","453","Huyện Kỳ Sơn","41","Nghệ An"
"5730","Xã Tây Sơn","453","Huyện Kỳ Sơn","41","Nghệ An"
"5731","Xã Mường Ải","453","Huyện Kỳ Sơn","41","Nghệ An"
"5732","Xã Na Ngoi","453","Huyện Kỳ Sơn","41","Nghệ An"
"5733","Xã Nậm Càn","453","Huyện Kỳ Sơn","41","Nghệ An"
"5734","Thị trấn Hòa Bình","697","Huyện Tương Dương","41","Nghệ An"
"5735","Xã Mai Sơn","697","Huyện Tương Dương","41","Nghệ An"
"5736","Xã Nhôn Mai","697","Huyện Tương Dương","41","Nghệ An"
"5737","Xã Hữu Khuông","697","Huyện Tương Dương","41","Nghệ An"
"5738","Xã Yên Tĩnh","697","Huyện Tương Dương","41","Nghệ An"
"5739","Xã Nga My","697","Huyện Tương Dương","41","Nghệ An"
"5740","Xã Xiêng My","697","Huyện Tương Dương","41","Nghệ An"
"5741","Xã Lưỡng Minh","697","Huyện Tương Dương","41","Nghệ An"
"5742","Xã Yên Hòa","697","Huyện Tương Dương","41","Nghệ An"
"5743","Xã Yên Na","697","Huyện Tương Dương","41","Nghệ An"
"5744","Xã Lưu Kiền","697","Huyện Tương Dương","41","Nghệ An"
"5745","Thị trấn Thạch Giám","697","Huyện Tương Dương","41","Nghệ An"
"5746","Xã Xá Lượng","697","Huyện Tương Dương","41","Nghệ An"
"5747","Xã Tam Thái","697","Huyện Tương Dương","41","Nghệ An"
"5748","Xã Tam Đình","697","Huyện Tương Dương","41","Nghệ An"
"5749","Xã Yên Thắng","697","Huyện Tương Dương","41","Nghệ An"
"5750","Xã Tam Quang","697","Huyện Tương Dương","41","Nghệ An"
"5751","Xã Tam Hợp","697","Huyện Tương Dương","41","Nghệ An"
"5752","Phường Hòa Hiếu","446","Thị xã Thái Hòa","41","Nghệ An"
"5753","Thị trấn Nghĩa Đàn","691","Huyện Nghĩa Đàn","41","Nghệ An"
"5754","Xã Nghĩa Mai","691","Huyện Nghĩa Đàn","41","Nghệ An"
"5755","Xã Nghĩa Yên","691","Huyện Nghĩa Đàn","41","Nghệ An"
"5756","Xã Nghĩa Lạc","691","Huyện Nghĩa Đàn","41","Nghệ An"
"5757","Xã Nghĩa Lâm","691","Huyện Nghĩa Đàn","41","Nghệ An"
"5758","Xã Nghĩa Sơn","691","Huyện Nghĩa Đàn","41","Nghệ An"
"5759","Xã Nghĩa Lợi","691","Huyện Nghĩa Đàn","41","Nghệ An"
"5760","Xã Nghĩa Bình","691","Huyện Nghĩa Đàn","41","Nghệ An"
"5761","Xã Nghĩa Thọ","691","Huyện Nghĩa Đàn","41","Nghệ An"
"5762","Xã Nghĩa Minh","691","Huyện Nghĩa Đàn","41","Nghệ An"
"5763","Xã Nghĩa Phú","691","Huyện Nghĩa Đàn","41","Nghệ An"
"5764","Xã Nghĩa Hưng","691","Huyện Nghĩa Đàn","41","Nghệ An"
"5765","Xã Nghĩa Hồng","691","Huyện Nghĩa Đàn","41","Nghệ An"
"5766","Xã Nghĩa Thịnh","691","Huyện Nghĩa Đàn","41","Nghệ An"
"5767","Xã Nghĩa Trung","691","Huyện Nghĩa Đàn","41","Nghệ An"
"5768","Xã Nghĩa Hội","691","Huyện Nghĩa Đàn","41","Nghệ An"
"5769","Xã Nghĩa Tân","691","Huyện Nghĩa Đàn","41","Nghệ An"
"5770","Xã Nghĩa Thắng","691","Huyện Nghĩa Đàn","41","Nghệ An"
"5771","Phường Quang Phong","446","Thị xã Thái Hòa","41","Nghệ An"
"5772","Phường Quang Tiến","446","Thị xã Thái Hòa","41","Nghệ An"
"5773","Xã Nghĩa Hiếu","691","Huyện Nghĩa Đàn","41","Nghệ An"
"5774","Xã Nghĩa Liên","691","Huyện Nghĩa Đàn","41","Nghệ An"
"5775","Xã Nghĩa Hòa","446","Thị xã Thái Hòa","41","Nghệ An"
"5776","Phường Long Sơn","446","Thị xã Thái Hòa","41","Nghệ An"
"5777","Xã Nghĩa Tiến","446","Thị xã Thái Hòa","41","Nghệ An"
"5778","Xã Nghĩa Mỹ","446","Thị xã Thái Hòa","41","Nghệ An"
"5779","Xã Tây Hiếu","446","Thị xã Thái Hòa","41","Nghệ An"
"5780","Xã Nghĩa Thuận","446","Thị xã Thái Hòa","41","Nghệ An"
"5781","Xã Đông Hiếu","446","Thị xã Thái Hòa","41","Nghệ An"
"5782","Xã Nghĩa Đức","691","Huyện Nghĩa Đàn","41","Nghệ An"
"5783","Xã Nghĩa An","691","Huyện Nghĩa Đàn","41","Nghệ An"
"5784","Xã Nghĩa Long","691","Huyện Nghĩa Đàn","41","Nghệ An"
"5785","Xã Nghĩa Lộc","691","Huyện Nghĩa Đàn","41","Nghệ An"
"5786","Xã Nghĩa Khánh","691","Huyện Nghĩa Đàn","41","Nghệ An"
"5787","Thị trấn Quỳ Hợp","693","Huyện Quỳ Hợp","41","Nghệ An"
"5788","Xã Yên Hợp","693","Huyện Quỳ Hợp","41","Nghệ An"
"5789","Xã Châu Tiến","693","Huyện Quỳ Hợp","41","Nghệ An"
"5790","Xã Châu Hồng","693","Huyện Quỳ Hợp","41","Nghệ An"
"5791","Xã Đồng Hợp","693","Huyện Quỳ Hợp","41","Nghệ An"
"5792","Xã Châu Thành","693","Huyện Quỳ Hợp","41","Nghệ An"
"5793","Xã Liên Hợp","693","Huyện Quỳ Hợp","41","Nghệ An"
"5794","Xã Châu Lộc","693","Huyện Quỳ Hợp","41","Nghệ An"
"5795","Xã Tam Hợp","693","Huyện Quỳ Hợp","41","Nghệ An"
"5796","Xã Châu Cường","693","Huyện Quỳ Hợp","41","Nghệ An"
"5797","Xã Châu Quang","693","Huyện Quỳ Hợp","41","Nghệ An"
"5798","Xã Thọ Hợp","693","Huyện Quỳ Hợp","41","Nghệ An"
"5799","Xã Minh Hợp","693","Huyện Quỳ Hợp","41","Nghệ An"
"5800","Xã Nghĩa Xuân","693","Huyện Quỳ Hợp","41","Nghệ An"
"5801","Xã Châu Thái","693","Huyện Quỳ Hợp","41","Nghệ An"
"5802","Xã Châu Đình","693","Huyện Quỳ Hợp","41","Nghệ An"
"5803","Xã Văn Lợi","693","Huyện Quỳ Hợp","41","Nghệ An"
"5804","Xã Nam Sơn","693","Huyện Quỳ Hợp","41","Nghệ An"
"5805","Xã Châu Lý","693","Huyện Quỳ Hợp","41","Nghệ An"
"5806","Xã Hạ Sơn","693","Huyện Quỳ Hợp","41","Nghệ An"
"5807","Xã Bắc Sơn","693","Huyện Quỳ Hợp","41","Nghệ An"
"5808","Thị trấn Cầu Giát","694","Huyện Quỳnh Lưu","41","Nghệ An"
"5809","Xã Quỳnh Thắng","694","Huyện Quỳnh Lưu","41","Nghệ An"
"5810","Xã Quỳnh Vinh","699","Thị xã Hoàng Mai","41","Nghệ An"
"5811","Xã Quỳnh Lộc","699","Thị xã Hoàng Mai","41","Nghệ An"
"5812","Phường Quỳnh Thiện","699","Thị xã Hoàng Mai","41","Nghệ An"
"5813","Xã Quỳnh Lập","699","Thị xã Hoàng Mai","41","Nghệ An"
"5814","Xã Quỳnh Trang","699","Thị xã Hoàng Mai","41","Nghệ An"
"5815","Xã Quỳnh Tân","694","Huyện Quỳnh Lưu","41","Nghệ An"
"5816","Xã Quỳnh Châu","694","Huyện Quỳnh Lưu","41","Nghệ An"
"5817","Phường Mai Hùng","699","Thị xã Hoàng Mai","41","Nghệ An"
"5818","Phường Quỳnh Dị","699","Thị xã Hoàng Mai","41","Nghệ An"
"5819","Phường Quỳnh Xuân","699","Thị xã Hoàng Mai","41","Nghệ An"
"5820","Phường Quỳnh Phương","699","Thị xã Hoàng Mai","41","Nghệ An"
"5821","Xã Quỳnh Liên","699","Thị xã Hoàng Mai","41","Nghệ An"
"5822","Xã Tân Sơn","694","Huyện Quỳnh Lưu","41","Nghệ An"
"5823","Xã Quỳnh Văn","694","Huyện Quỳnh Lưu","41","Nghệ An"
"5824","Xã Ngọc Sơn","694","Huyện Quỳnh Lưu","41","Nghệ An"
"5825","Xã Quỳnh Tam","694","Huyện Quỳnh Lưu","41","Nghệ An"
"5826","Xã Quỳnh Hoa","694","Huyện Quỳnh Lưu","41","Nghệ An"
"5827","Xã Quỳnh Thạch","694","Huyện Quỳnh Lưu","41","Nghệ An"
"5828","Xã Quỳnh Bảng","694","Huyện Quỳnh Lưu","41","Nghệ An"
"5829","Xã Quỳnh Mỹ","694","Huyện Quỳnh Lưu","41","Nghệ An"
"5830","Xã Quỳnh Thanh","694","Huyện Quỳnh Lưu","41","Nghệ An"
"5831","Xã Quỳnh Hậu","694","Huyện Quỳnh Lưu","41","Nghệ An"
"5832","Xã Quỳnh Lâm","694","Huyện Quỳnh Lưu","41","Nghệ An"
"5833","Xã Quỳnh Đôi","694","Huyện Quỳnh Lưu","41","Nghệ An"
"5834","Xã Quỳnh Lương","694","Huyện Quỳnh Lưu","41","Nghệ An"
"5835","Xã Quỳnh Hồng","694","Huyện Quỳnh Lưu","41","Nghệ An"
"5836","Xã Quỳnh Yên","694","Huyện Quỳnh Lưu","41","Nghệ An"
"5837","Xã Quỳnh Bá","694","Huyện Quỳnh Lưu","41","Nghệ An"
"5838","Xã Quỳnh Minh","694","Huyện Quỳnh Lưu","41","Nghệ An"
"5839","Xã Quỳnh Diễn","694","Huyện Quỳnh Lưu","41","Nghệ An"
"5840","Xã Quỳnh Hưng","694","Huyện Quỳnh Lưu","41","Nghệ An"
"5841","Xã Quỳnh Giang","694","Huyện Quỳnh Lưu","41","Nghệ An"
"5842","Xã Quỳnh Ngọc","694","Huyện Quỳnh Lưu","41","Nghệ An"
"5843","Xã Quỳnh Nghĩa","694","Huyện Quỳnh Lưu","41","Nghệ An"
"5844","Xã An Hòa","694","Huyện Quỳnh Lưu","41","Nghệ An"
"5845","Xã Tiến Thủy","694","Huyện Quỳnh Lưu","41","Nghệ An"
"5846","Xã Sơn Hải","694","Huyện Quỳnh Lưu","41","Nghệ An"
"5847","Xã Quỳnh Thọ","694","Huyện Quỳnh Lưu","41","Nghệ An"
"5848","Xã Quỳnh Thuận","694","Huyện Quỳnh Lưu","41","Nghệ An"
"5849","Xã Quỳnh Long","694","Huyện Quỳnh Lưu","41","Nghệ An"
"5850","Xã Tân Thắng","694","Huyện Quỳnh Lưu","41","Nghệ An"
"5851","Thị trấn Con Cuông","448","Huyện Con Cuông","41","Nghệ An"
"5852","Xã Bình Chuẩn","448","Huyện Con Cuông","41","Nghệ An"
"5853","Xã Lạng Khê","448","Huyện Con Cuông","41","Nghệ An"
"5854","Xã Cam Lâm","448","Huyện Con Cuông","41","Nghệ An"
"5855","Xã Thạch Ngàn","448","Huyện Con Cuông","41","Nghệ An"
"5856","Xã Đôn Phục","448","Huyện Con Cuông","41","Nghệ An"
"5857","Xã Mậu Đức","448","Huyện Con Cuông","41","Nghệ An"
"5858","Xã Châu Khê","448","Huyện Con Cuông","41","Nghệ An"
"5859","Xã Chi Khê","448","Huyện Con Cuông","41","Nghệ An"
"5860","Xã Bồng Khê","448","Huyện Con Cuông","41","Nghệ An"
"5861","Xã Yên Khê","448","Huyện Con Cuông","41","Nghệ An"
"5862","Xã Lục Dạ","448","Huyện Con Cuông","41","Nghệ An"
"5863","Xã Môn Sơn","448","Huyện Con Cuông","41","Nghệ An"
"5864","Thị trấn Tân Kỳ","695","Huyện Tân Kỳ","41","Nghệ An"
"5865","Xã Tân Hợp","695","Huyện Tân Kỳ","41","Nghệ An"
"5866","Xã Tân Phú","695","Huyện Tân Kỳ","41","Nghệ An"
"5867","Xã Tân Xuân","695","Huyện Tân Kỳ","41","Nghệ An"
"5868","Xã Giai Xuân","695","Huyện Tân Kỳ","41","Nghệ An"
"5869","Xã Nghĩa Bình","695","Huyện Tân Kỳ","41","Nghệ An"
"5870","Xã Nghĩa Đồng","695","Huyện Tân Kỳ","41","Nghệ An"
"5871","Xã Đồng Văn","695","Huyện Tân Kỳ","41","Nghệ An"
"5872","Xã Nghĩa Thái","695","Huyện Tân Kỳ","41","Nghệ An"
"5873","Xã Nghĩa Hợp","695","Huyện Tân Kỳ","41","Nghệ An"
"5874","Xã Nghĩa Hoàn","695","Huyện Tân Kỳ","41","Nghệ An"
"5875","Xã Nghĩa Phúc","695","Huyện Tân Kỳ","41","Nghệ An"
"5876","Xã Tiên Kỳ","695","Huyện Tân Kỳ","41","Nghệ An"
"5877","Xã Tân An","695","Huyện Tân Kỳ","41","Nghệ An"
"5878","Xã Nghĩa Dũng","695","Huyện Tân Kỳ","41","Nghệ An"
"5879","Xã Tân Long","695","Huyện Tân Kỳ","41","Nghệ An"
"5880","Xã Kỳ Sơn","695","Huyện Tân Kỳ","41","Nghệ An"
"5881","Xã Hương Sơn","695","Huyện Tân Kỳ","41","Nghệ An"
"5882","Xã Kỳ Tân","695","Huyện Tân Kỳ","41","Nghệ An"
"5883","Xã Phú Sơn","695","Huyện Tân Kỳ","41","Nghệ An"
"5884","Xã Tân Hương","695","Huyện Tân Kỳ","41","Nghệ An"
"5885","Xã Nghĩa Hành","695","Huyện Tân Kỳ","41","Nghệ An"
"5886","Thị trấn Anh Sơn","447","Huyện Anh Sơn","41","Nghệ An"
"5887","Xã Thọ Sơn","447","Huyện Anh Sơn","41","Nghệ An"
"5888","Xã Thành Sơn","447","Huyện Anh Sơn","41","Nghệ An"
"5889","Xã Bình Sơn","447","Huyện Anh Sơn","41","Nghệ An"
"5890","Xã Tam Sơn","447","Huyện Anh Sơn","41","Nghệ An"
"5891","Xã Đỉnh Sơn","447","Huyện Anh Sơn","41","Nghệ An"
"5892","Xã Hùng Sơn","447","Huyện Anh Sơn","41","Nghệ An"
"5893","Xã Cẩm Sơn","447","Huyện Anh Sơn","41","Nghệ An"
"5894","Xã Đức Sơn","447","Huyện Anh Sơn","41","Nghệ An"
"5895","Xã Tường Sơn","447","Huyện Anh Sơn","41","Nghệ An"
"5896","Xã Hoa Sơn","447","Huyện Anh Sơn","41","Nghệ An"
"5897","Xã Tào Sơn","447","Huyện Anh Sơn","41","Nghệ An"
"5898","Xã Vĩnh Sơn","447","Huyện Anh Sơn","41","Nghệ An"
"5899","Xã Lạng Sơn","447","Huyện Anh Sơn","41","Nghệ An"
"5900","Xã Hội Sơn","447","Huyện Anh Sơn","41","Nghệ An"
"5901","Xã Thạch Sơn","447","Huyện Anh Sơn","41","Nghệ An"
"5902","Xã Phúc Sơn","447","Huyện Anh Sơn","41","Nghệ An"
"5903","Xã Long Sơn","447","Huyện Anh Sơn","41","Nghệ An"
"5904","Xã Khai Sơn","447","Huyện Anh Sơn","41","Nghệ An"
"5905","Xã Lĩnh Sơn","447","Huyện Anh Sơn","41","Nghệ An"
"5906","Xã Cao Sơn","447","Huyện Anh Sơn","41","Nghệ An"
"5907","Thị trấn Diễn Châu","449","Huyện Diễn Châu","41","Nghệ An"
"5908","Xã Diễn Lâm","449","Huyện Diễn Châu","41","Nghệ An"
"5909","Xã Diễn Đoài","449","Huyện Diễn Châu","41","Nghệ An"
"5910","Xã Diễn Trường","449","Huyện Diễn Châu","41","Nghệ An"
"5911","Xã Diễn Yên","449","Huyện Diễn Châu","41","Nghệ An"
"5912","Xã Diễn Hoàng","449","Huyện Diễn Châu","41","Nghệ An"
"5913","Xã Diễn Hùng","449","Huyện Diễn Châu","41","Nghệ An"
"5914","Xã Diễn Mỹ","449","Huyện Diễn Châu","41","Nghệ An"
"5915","Xã Diễn Hồng","449","Huyện Diễn Châu","41","Nghệ An"
"5916","Xã Diễn Phong","449","Huyện Diễn Châu","41","Nghệ An"
"5917","Xã Diễn Hải","449","Huyện Diễn Châu","41","Nghệ An"
"5918","Xã Diễn Tháp","449","Huyện Diễn Châu","41","Nghệ An"
"5919","Xã Diễn Liên","449","Huyện Diễn Châu","41","Nghệ An"
"5920","Xã Diễn Vạn","449","Huyện Diễn Châu","41","Nghệ An"
"5921","Xã Diễn Kim","449","Huyện Diễn Châu","41","Nghệ An"
"5922","Xã Diễn Kỷ","449","Huyện Diễn Châu","41","Nghệ An"
"5923","Xã Diễn Xuân","449","Huyện Diễn Châu","41","Nghệ An"
"5924","Xã Diễn Thái","449","Huyện Diễn Châu","41","Nghệ An"
"5925","Xã Diễn Đồng","449","Huyện Diễn Châu","41","Nghệ An"
"5926","Xã Diễn Bích","449","Huyện Diễn Châu","41","Nghệ An"
"5927","Xã Diễn Hạnh","449","Huyện Diễn Châu","41","Nghệ An"
"5928","Xã Diễn Ngọc","449","Huyện Diễn Châu","41","Nghệ An"
"5929","Xã Diễn Quảng","449","Huyện Diễn Châu","41","Nghệ An"
"5930","Xã Diễn Nguyên","449","Huyện Diễn Châu","41","Nghệ An"
"5931","Xã Diễn Hoa","449","Huyện Diễn Châu","41","Nghệ An"
"5932","Xã Diễn Thành","449","Huyện Diễn Châu","41","Nghệ An"
"5933","Xã Diễn Phúc","449","Huyện Diễn Châu","41","Nghệ An"
"5934","Xã Diễn Minh","449","Huyện Diễn Châu","41","Nghệ An"
"5935","Xã Diễn Bình","449","Huyện Diễn Châu","41","Nghệ An"
"5936","Xã Diễn Cát","449","Huyện Diễn Châu","41","Nghệ An"
"5937","Xã Diễn Thịnh","449","Huyện Diễn Châu","41","Nghệ An"
"5938","Xã Diễn Tân","449","Huyện Diễn Châu","41","Nghệ An"
"5939","Xã Diễn Thắng","449","Huyện Diễn Châu","41","Nghệ An"
"5940","Xã Diễn Thọ","449","Huyện Diễn Châu","41","Nghệ An"
"5941","Xã Diễn Lợi","449","Huyện Diễn Châu","41","Nghệ An"
"5942","Xã Diễn Lộc","449","Huyện Diễn Châu","41","Nghệ An"
"5943","Xã Diễn Trung","449","Huyện Diễn Châu","41","Nghệ An"
"5944","Xã Diễn An","449","Huyện Diễn Châu","41","Nghệ An"
"5945","Xã Diễn Phú","449","Huyện Diễn Châu","41","Nghệ An"
"5946","Thị trấn Yên Thành","698","Huyện Yên Thành","41","Nghệ An"
"5947","Xã Mã Thành","698","Huyện Yên Thành","41","Nghệ An"
"5948","Xã Tiến Thành","698","Huyện Yên Thành","41","Nghệ An"
"5949","Xã Lăng Thành","698","Huyện Yên Thành","41","Nghệ An"
"5950","Xã Tân Thành","698","Huyện Yên Thành","41","Nghệ An"
"5951","Xã Đức Thành","698","Huyện Yên Thành","41","Nghệ An"
"5952","Xã Kim Thành","698","Huyện Yên Thành","41","Nghệ An"
"5953","Xã Hậu Thành","698","Huyện Yên Thành","41","Nghệ An"
"5954","Xã Hùng Thành","698","Huyện Yên Thành","41","Nghệ An"
"5955","Xã Đô Thành","698","Huyện Yên Thành","41","Nghệ An"
"5956","Xã Thọ Thành","698","Huyện Yên Thành","41","Nghệ An"
"5957","Xã Quang Thành","698","Huyện Yên Thành","41","Nghệ An"
"5958","Xã Tây Thành","698","Huyện Yên Thành","41","Nghệ An"
"5959","Xã Phúc Thành","698","Huyện Yên Thành","41","Nghệ An"
"5960","Xã Hồng Thành","698","Huyện Yên Thành","41","Nghệ An"
"5961","Xã Đồng Thành","698","Huyện Yên Thành","41","Nghệ An"
"5962","Xã Phú Thành","698","Huyện Yên Thành","41","Nghệ An"
"5963","Xã Hoa Thành","698","Huyện Yên Thành","41","Nghệ An"
"5964","Xã Tăng Thành","698","Huyện Yên Thành","41","Nghệ An"
"5965","Xã Văn Thành","698","Huyện Yên Thành","41","Nghệ An"
"5966","Xã Thịnh Thành","698","Huyện Yên Thành","41","Nghệ An"
"5967","Xã Hợp Thành","698","Huyện Yên Thành","41","Nghệ An"
"5968","Xã Xuân Thành","698","Huyện Yên Thành","41","Nghệ An"
"5969","Xã Bắc Thành","698","Huyện Yên Thành","41","Nghệ An"
"5970","Xã Nhân Thành","698","Huyện Yên Thành","41","Nghệ An"
"5971","Xã Trung Thành","698","Huyện Yên Thành","41","Nghệ An"
"5972","Xã Long Thành","698","Huyện Yên Thành","41","Nghệ An"
"5973","Xã Minh Thành","698","Huyện Yên Thành","41","Nghệ An"
"5974","Xã Nam Thành","698","Huyện Yên Thành","41","Nghệ An"
"5975","Xã Vĩnh Thành","698","Huyện Yên Thành","41","Nghệ An"
"5976","Xã Lý Thành","698","Huyện Yên Thành","41","Nghệ An"
"5977","Xã Khánh Thành","698","Huyện Yên Thành","41","Nghệ An"
"5978","Xã Viên Thành","698","Huyện Yên Thành","41","Nghệ An"
"5979","Xã Đại Thành","698","Huyện Yên Thành","41","Nghệ An"
"5980","Xã Liên Thành","698","Huyện Yên Thành","41","Nghệ An"
"5981","Xã Bảo Thành","698","Huyện Yên Thành","41","Nghệ An"
"5982","Xã Mỹ Thành","698","Huyện Yên Thành","41","Nghệ An"
"5983","Xã Công Thành","698","Huyện Yên Thành","41","Nghệ An"
"5984","Xã Sơn Thành","698","Huyện Yên Thành","41","Nghệ An"
"5985","Thị trấn Đô Lương","450","Huyện Đô Lương","41","Nghệ An"
"5986","Xã Giang Sơn Đông","450","Huyện Đô Lương","41","Nghệ An"
"5987","Xã Giang Sơn Tây","450","Huyện Đô Lương","41","Nghệ An"
"5988","Xã Lam Sơn","450","Huyện Đô Lương","41","Nghệ An"
"5989","Xã Bồi Sơn","450","Huyện Đô Lương","41","Nghệ An"
"5990","Xã Hồng Sơn","450","Huyện Đô Lương","41","Nghệ An"
"5991","Xã Bài Sơn","450","Huyện Đô Lương","41","Nghệ An"
"5992","Xã Ngọc Sơn","450","Huyện Đô Lương","41","Nghệ An"
"5993","Xã Bắc Sơn","450","Huyện Đô Lương","41","Nghệ An"
"5994","Xã Tràng Sơn","450","Huyện Đô Lương","41","Nghệ An"
"5995","Xã Thượng Sơn","450","Huyện Đô Lương","41","Nghệ An"
"5996","Xã Hòa Sơn","450","Huyện Đô Lương","41","Nghệ An"
"5997","Xã Đặng Sơn","450","Huyện Đô Lương","41","Nghệ An"
"5998","Xã Đông Sơn","450","Huyện Đô Lương","41","Nghệ An"
"5999","Xã Nam Sơn","450","Huyện Đô Lương","41","Nghệ An"
"6000","Xã Lưu Sơn","450","Huyện Đô Lương","41","Nghệ An"
"6001","Xã Yên Sơn","450","Huyện Đô Lương","41","Nghệ An"
"6002","Xã Văn Sơn","450","Huyện Đô Lương","41","Nghệ An"
"6003","Xã Đà Sơn","450","Huyện Đô Lương","41","Nghệ An"
"6004","Xã Lạc Sơn","450","Huyện Đô Lương","41","Nghệ An"
"6005","Xã Tân Sơn","450","Huyện Đô Lương","41","Nghệ An"
"6006","Xã Thái Sơn","450","Huyện Đô Lương","41","Nghệ An"
"6007","Xã Quang Sơn","450","Huyện Đô Lương","41","Nghệ An"
"6008","Xã Thịnh Sơn","450","Huyện Đô Lương","41","Nghệ An"
"6009","Xã Trung Sơn","450","Huyện Đô Lương","41","Nghệ An"
"6010","Xã Xuân Sơn","450","Huyện Đô Lương","41","Nghệ An"
"6011","Xã Minh Sơn","450","Huyện Đô Lương","41","Nghệ An"
"6012","Xã Thuận Sơn","450","Huyện Đô Lương","41","Nghệ An"
"6013","Xã Nhân Sơn","450","Huyện Đô Lương","41","Nghệ An"
"6014","Xã Hiến Sơn","450","Huyện Đô Lương","41","Nghệ An"
"6015","Xã Mỹ Sơn","450","Huyện Đô Lương","41","Nghệ An"
"6016","Xã Trù Sơn","450","Huyện Đô Lương","41","Nghệ An"
"6017","Xã Đại Sơn","450","Huyện Đô Lương","41","Nghệ An"
"6018","Thị trấn Thanh Chương","696","Huyện Thanh Chương","41","Nghệ An"
"6019","Xã Cát Văn","696","Huyện Thanh Chương","41","Nghệ An"
"6020","Xã Thanh Nho","696","Huyện Thanh Chương","41","Nghệ An"
"6021","Xã Hạnh Lâm","696","Huyện Thanh Chương","41","Nghệ An"
"6022","Xã Thanh Sơn","696","Huyện Thanh Chương","41","Nghệ An"
"6023","Xã Thanh Hòa","696","Huyện Thanh Chương","41","Nghệ An"
"6024","Xã Phong Thịnh","696","Huyện Thanh Chương","41","Nghệ An"
"6025","Xã Thanh Phong","696","Huyện Thanh Chương","41","Nghệ An"
"6026","Xã Thanh Mỹ","696","Huyện Thanh Chương","41","Nghệ An"
"6027","Xã Thanh Tiên","696","Huyện Thanh Chương","41","Nghệ An"
"6028","Xã Thanh Hưng","696","Huyện Thanh Chương","41","Nghệ An"
"6029","Xã Thanh Liên","696","Huyện Thanh Chương","41","Nghệ An"
"6030","Xã Thanh Tường","696","Huyện Thanh Chương","41","Nghệ An"
"6031","Xã Thanh Văn","696","Huyện Thanh Chương","41","Nghệ An"
"6032","Xã Thanh Đồng","696","Huyện Thanh Chương","41","Nghệ An"
"6033","Xã Thanh Ngọc","696","Huyện Thanh Chương","41","Nghệ An"
"6034","Xã Thanh Hương","696","Huyện Thanh Chương","41","Nghệ An"
"6035","Xã Ngọc Lâm","696","Huyện Thanh Chương","41","Nghệ An"
"6036","Xã Thanh Lĩnh","696","Huyện Thanh Chương","41","Nghệ An"
"6037","Xã Đồng Văn","696","Huyện Thanh Chương","41","Nghệ An"
"6038","Xã Ngọc Sơn","696","Huyện Thanh Chương","41","Nghệ An"
"6039","Xã Thanh Thịnh","696","Huyện Thanh Chương","41","Nghệ An"
"6040","Xã Thanh An","696","Huyện Thanh Chương","41","Nghệ An"
"6041","Xã Thanh Chi","696","Huyện Thanh Chương","41","Nghệ An"
"6042","Xã Xuân Tường","696","Huyện Thanh Chương","41","Nghệ An"
"6043","Xã Thanh Dương","696","Huyện Thanh Chương","41","Nghệ An"
"6044","Xã Thanh Lương","696","Huyện Thanh Chương","41","Nghệ An"
"6045","Xã Thanh Khê","696","Huyện Thanh Chương","41","Nghệ An"
"6046","Xã Võ Liệt","696","Huyện Thanh Chương","41","Nghệ An"
"6047","Xã Thanh Long","696","Huyện Thanh Chương","41","Nghệ An"
"6048","Xã Thanh Thủy","696","Huyện Thanh Chương","41","Nghệ An"
"6049","Xã Thanh Khai","696","Huyện Thanh Chương","41","Nghệ An"
"6050","Xã Thanh Yên","696","Huyện Thanh Chương","41","Nghệ An"
"6051","Xã Thanh Hà","696","Huyện Thanh Chương","41","Nghệ An"
"6052","Xã Thanh Giang","696","Huyện Thanh Chương","41","Nghệ An"
"6053","Xã Thanh Tùng","696","Huyện Thanh Chương","41","Nghệ An"
"6054","Xã Thanh Lâm","696","Huyện Thanh Chương","41","Nghệ An"
"6055","Xã Thanh Mai","696","Huyện Thanh Chương","41","Nghệ An"
"6056","Xã Thanh Xuân","696","Huyện Thanh Chương","41","Nghệ An"
"6057","Xã Thanh Đức","696","Huyện Thanh Chương","41","Nghệ An"
"6058","Thị trấn Quán Hành","690","Huyện Nghi Lộc","41","Nghệ An"
"6059","Xã Nghi Văn","690","Huyện Nghi Lộc","41","Nghệ An"
"6060","Xã Nghi Yên","690","Huyện Nghi Lộc","41","Nghệ An"
"6061","Xã Nghi Tiến","690","Huyện Nghi Lộc","41","Nghệ An"
"6062","Xã Nghi Hưng","690","Huyện Nghi Lộc","41","Nghệ An"
"6063","Xã Nghi Đồng","690","Huyện Nghi Lộc","41","Nghệ An"
"6064","Xã Nghi Thiết","690","Huyện Nghi Lộc","41","Nghệ An"
"6065","Xã Nghi Lâm","690","Huyện Nghi Lộc","41","Nghệ An"
"6066","Xã Nghi Quang","690","Huyện Nghi Lộc","41","Nghệ An"
"6067","Xã Nghi Kiều","690","Huyện Nghi Lộc","41","Nghệ An"
"6068","Xã Nghi Mỹ","690","Huyện Nghi Lộc","41","Nghệ An"
"6069","Xã Nghi Phương","690","Huyện Nghi Lộc","41","Nghệ An"
"6070","Xã Nghi Thuận","690","Huyện Nghi Lộc","41","Nghệ An"
"6071","Xã Nghi Long","690","Huyện Nghi Lộc","41","Nghệ An"
"6072","Xã Nghi Xá","690","Huyện Nghi Lộc","41","Nghệ An"
"6073","Xã Nghi Hợp","690","Huyện Nghi Lộc","41","Nghệ An"
"6074","Xã Nghi Hoa","690","Huyện Nghi Lộc","41","Nghệ An"
"6075","Xã Nghi Khánh","690","Huyện Nghi Lộc","41","Nghệ An"
"6076","Xã Nghi Thịnh","690","Huyện Nghi Lộc","41","Nghệ An"
"6077","Xã Nghi Công Bắc","690","Huyện Nghi Lộc","41","Nghệ An"
"6078","Xã Nghi Công Nam","690","Huyện Nghi Lộc","41","Nghệ An"
"6079","Xã Nghi Thạch","690","Huyện Nghi Lộc","41","Nghệ An"
"6080","Xã Nghi Trung","690","Huyện Nghi Lộc","41","Nghệ An"
"6081","Xã Nghi Trường","690","Huyện Nghi Lộc","41","Nghệ An"
"6082","Xã Nghi Diên","690","Huyện Nghi Lộc","41","Nghệ An"
"6083","Xã Nghi Phong","690","Huyện Nghi Lộc","41","Nghệ An"
"6084","Xã Nghi Xuân","690","Huyện Nghi Lộc","41","Nghệ An"
"6085","Xã Nghi Liên","444","Thành phố Vinh","41","Nghệ An"
"6086","Xã Nghi Vạn","690","Huyện Nghi Lộc","41","Nghệ An"
"6087","Xã Nghi Ân","444","Thành phố Vinh","41","Nghệ An"
"6088","Xã Phúc Thọ","690","Huyện Nghi Lộc","41","Nghệ An"
"6089","Xã Nghi Kim","444","Thành phố Vinh","41","Nghệ An"
"6090","Xã Nghi Đức","444","Thành phố Vinh","41","Nghệ An"
"6091","Xã Nghi Thái","690","Huyện Nghi Lộc","41","Nghệ An"
"6092","Thị trấn Nam Đàn","689","Huyện Nam Đàn","41","Nghệ An"
"6093","Xã Nam Hưng","689","Huyện Nam Đàn","41","Nghệ An"
"6094","Xã Nam Nghĩa","689","Huyện Nam Đàn","41","Nghệ An"
"6095","Xã Nam Thanh","689","Huyện Nam Đàn","41","Nghệ An"
"6096","Xã Nam Anh","689","Huyện Nam Đàn","41","Nghệ An"
"6097","Xã Nam Xuân","689","Huyện Nam Đàn","41","Nghệ An"
"6098","Xã Nam Thái","689","Huyện Nam Đàn","41","Nghệ An"
"6099","Xã Vân Diên","689","Huyện Nam Đàn","41","Nghệ An"
"6100","Xã Nam Lĩnh","689","Huyện Nam Đàn","41","Nghệ An"
"6101","Xã Nam Giang","689","Huyện Nam Đàn","41","Nghệ An"
"6102","Xã Xuân Hòa","689","Huyện Nam Đàn","41","Nghệ An"
"6103","Xã Hùng Tiến","689","Huyện Nam Đàn","41","Nghệ An"
"6104","Xã Nam Thượng","689","Huyện Nam Đàn","41","Nghệ An"
"6105","Xã Nam Tân","689","Huyện Nam Đàn","41","Nghệ An"
"6106","Xã Kim Liên","689","Huyện Nam Đàn","41","Nghệ An"
"6107","Xã Nam Lộc","689","Huyện Nam Đàn","41","Nghệ An"
"6108","Xã Hồng Long","689","Huyện Nam Đàn","41","Nghệ An"
"6109","Xã Xuân Lâm","689","Huyện Nam Đàn","41","Nghệ An"
"6110","Xã Nam Cát","689","Huyện Nam Đàn","41","Nghệ An"
"6111","Xã Khánh Sơn","689","Huyện Nam Đàn","41","Nghệ An"
"6112","Xã Nam Phúc","689","Huyện Nam Đàn","41","Nghệ An"
"6113","Xã Nam Cường","689","Huyện Nam Đàn","41","Nghệ An"
"6114","Xã Nam Trung","689","Huyện Nam Đàn","41","Nghệ An"
"6115","Xã Nam Kim","689","Huyện Nam Đàn","41","Nghệ An"
"6116","Thị trấn Hưng Nguyên","451","Huyện Hưng Nguyên","41","Nghệ An"
"6117","Xã Hưng Trung","451","Huyện Hưng Nguyên","41","Nghệ An"
"6118","Xã Hưng Yên","451","Huyện Hưng Nguyên","41","Nghệ An"
"6119","Xã Hưng Yên Bắc","451","Huyện Hưng Nguyên","41","Nghệ An"
"6120","Xã Hưng Tây","451","Huyện Hưng Nguyên","41","Nghệ An"
"6121","Xã Hưng Chính","444","Thành phố Vinh","41","Nghệ An"
"6122","Xã Hưng Đạo","451","Huyện Hưng Nguyên","41","Nghệ An"
"6123","Xã Hưng Mỹ","451","Huyện Hưng Nguyên","41","Nghệ An"
"6124","Xã Hưng Thịnh","451","Huyện Hưng Nguyên","41","Nghệ An"
"6125","Xã Hưng Lĩnh","451","Huyện Hưng Nguyên","41","Nghệ An"
"6126","Xã Hưng Thông","451","Huyện Hưng Nguyên","41","Nghệ An"
"6127","Xã Hưng Tân","451","Huyện Hưng Nguyên","41","Nghệ An"
"6128","Xã Hưng Lợi","451","Huyện Hưng Nguyên","41","Nghệ An"
"6129","Xã Hưng Thắng","451","Huyện Hưng Nguyên","41","Nghệ An"
"6130","Xã Hưng Phúc","451","Huyện Hưng Nguyên","41","Nghệ An"
"6131","Xã Hưng Long","451","Huyện Hưng Nguyên","41","Nghệ An"
"6132","Xã Hưng Tiến","451","Huyện Hưng Nguyên","41","Nghệ An"
"6133","Xã Hưng Xá","451","Huyện Hưng Nguyên","41","Nghệ An"
"6134","Xã Hưng Châu","451","Huyện Hưng Nguyên","41","Nghệ An"
"6135","Xã Hưng Xuân","451","Huyện Hưng Nguyên","41","Nghệ An"
"6136","Xã Hưng Nhân","451","Huyện Hưng Nguyên","41","Nghệ An"
"6137","Xã Hưng Phú","451","Huyện Hưng Nguyên","41","Nghệ An"
"6138","Xã Hưng Khánh","451","Huyện Hưng Nguyên","41","Nghệ An"
"6139","Xã Hưng Lam","451","Huyện Hưng Nguyên","41","Nghệ An"
"6140","Phường Trần Phú","281","Thành phố Hà Tĩnh","26","Hà Tĩnh"
"6141","Phường Nam Hà","281","Thành phố Hà Tĩnh","26","Hà Tĩnh"
"6142","Phường Bắc Hà","281","Thành phố Hà Tĩnh","26","Hà Tĩnh"
"6143","Phường Nguyễn Du","281","Thành phố Hà Tĩnh","26","Hà Tĩnh"
"6144","Phường Tân Giang","281","Thành phố Hà Tĩnh","26","Hà Tĩnh"
"6145","Phường Đại Nài","281","Thành phố Hà Tĩnh","26","Hà Tĩnh"
"6146","Phường Hà Huy Tập","281","Thành phố Hà Tĩnh","26","Hà Tĩnh"
"6147","Xã Thạch Trung","281","Thành phố Hà Tĩnh","26","Hà Tĩnh"
"6148","Phường Thạch Quý","281","Thành phố Hà Tĩnh","26","Hà Tĩnh"
"6149","Phường Thạch Linh","281","Thành phố Hà Tĩnh","26","Hà Tĩnh"
"6150","Phường Văn Yên","281","Thành phố Hà Tĩnh","26","Hà Tĩnh"
"6151","Xã Thạch Hạ","281","Thành phố Hà Tĩnh","26","Hà Tĩnh"
"6152","Xã Thạch Môn","281","Thành phố Hà Tĩnh","26","Hà Tĩnh"
"6153","Xã Thạch Đồng","281","Thành phố Hà Tĩnh","26","Hà Tĩnh"
"6154","Xã Thạch Hưng","281","Thành phố Hà Tĩnh","26","Hà Tĩnh"
"6155","Xã Thạch Bình","281","Thành phố Hà Tĩnh","26","Hà Tĩnh"
"6156","Phường Bắc Hồng","282","Thị xã Hồng Lĩnh","26","Hà Tĩnh"
"6157","Phường Nam Hồng","282","Thị xã Hồng Lĩnh","26","Hà Tĩnh"
"6158","Phường Trung Lương","282","Thị xã Hồng Lĩnh","26","Hà Tĩnh"
"6159","Phường Đức Thuận","282","Thị xã Hồng Lĩnh","26","Hà Tĩnh"
"6160","Phường Đậu Liêu","282","Thị xã Hồng Lĩnh","26","Hà Tĩnh"
"6161","Xã Thuận Lộc","282","Thị xã Hồng Lĩnh","26","Hà Tĩnh"
"6162","Thị trấn Phố Châu","287","Huyện Hương Sơn","26","Hà Tĩnh"
"6163","Thị trấn Tây Sơn","287","Huyện Hương Sơn","26","Hà Tĩnh"
"6164","Xã Sơn Hồng","287","Huyện Hương Sơn","26","Hà Tĩnh"
"6165","Xã Sơn Tiến","287","Huyện Hương Sơn","26","Hà Tĩnh"
"6166","Xã Sơn Lâm","287","Huyện Hương Sơn","26","Hà Tĩnh"
"6167","Xã Sơn Lễ","287","Huyện Hương Sơn","26","Hà Tĩnh"
"6168","Xã Sơn Thịnh","287","Huyện Hương Sơn","26","Hà Tĩnh"
"6169","Xã Sơn An","287","Huyện Hương Sơn","26","Hà Tĩnh"
"6170","Xã Sơn Giang","287","Huyện Hương Sơn","26","Hà Tĩnh"
"6171","Xã Sơn Lĩnh","287","Huyện Hương Sơn","26","Hà Tĩnh"
"6172","Xã Sơn Hòa","287","Huyện Hương Sơn","26","Hà Tĩnh"
"6173","Xã Sơn Tân","287","Huyện Hương Sơn","26","Hà Tĩnh"
"6174","Xã Sơn Mỹ","287","Huyện Hương Sơn","26","Hà Tĩnh"
"6175","Xã Sơn Tây","287","Huyện Hương Sơn","26","Hà Tĩnh"
"6176","Xã Sơn Ninh","287","Huyện Hương Sơn","26","Hà Tĩnh"
"6177","Xã Sơn Châu","287","Huyện Hương Sơn","26","Hà Tĩnh"
"6178","Xã Sơn Hà","287","Huyện Hương Sơn","26","Hà Tĩnh"
"6179","Xã Sơn Quang","287","Huyện Hương Sơn","26","Hà Tĩnh"
"6180","Xã Sơn Trung","287","Huyện Hương Sơn","26","Hà Tĩnh"
"6181","Xã Sơn Bằng","287","Huyện Hương Sơn","26","Hà Tĩnh"
"6182","Xã Sơn Bình","287","Huyện Hương Sơn","26","Hà Tĩnh"
"6183","Xã Sơn Kim 1","287","Huyện Hương Sơn","26","Hà Tĩnh"
"6184","Xã Sơn Kim 2","287","Huyện Hương Sơn","26","Hà Tĩnh"
"6185","Xã Sơn Trà","287","Huyện Hương Sơn","26","Hà Tĩnh"
"6186","Xã Sơn Long","287","Huyện Hương Sơn","26","Hà Tĩnh"
"6187","Xã Sơn Diệm","287","Huyện Hương Sơn","26","Hà Tĩnh"
"6188","Xã Sơn Thủy","287","Huyện Hương Sơn","26","Hà Tĩnh"
"6189","Xã Sơn Hàm","287","Huyện Hương Sơn","26","Hà Tĩnh"
"6190","Xã Sơn Phú","287","Huyện Hương Sơn","26","Hà Tĩnh"
"6191","Xã Sơn Phúc","287","Huyện Hương Sơn","26","Hà Tĩnh"
"6192","Xã Sơn Trường","287","Huyện Hương Sơn","26","Hà Tĩnh"
"6193","Xã Sơn Mai","287","Huyện Hương Sơn","26","Hà Tĩnh"
"6194","Thị trấn Đức Thọ","285","Huyện Đức Thọ","26","Hà Tĩnh"
"6195","Xã Đức Quang","285","Huyện Đức Thọ","26","Hà Tĩnh"
"6196","Xã Đức Vĩnh","285","Huyện Đức Thọ","26","Hà Tĩnh"
"6197","Xã Đức Châu","285","Huyện Đức Thọ","26","Hà Tĩnh"
"6198","Xã Đức Tùng","285","Huyện Đức Thọ","26","Hà Tĩnh"
"6199","Xã Trường Sơn","285","Huyện Đức Thọ","26","Hà Tĩnh"
"6200","Xã Liên Minh","285","Huyện Đức Thọ","26","Hà Tĩnh"
"6201","Xã Đức La","285","Huyện Đức Thọ","26","Hà Tĩnh"
"6202","Xã Yên Hồ","285","Huyện Đức Thọ","26","Hà Tĩnh"
"6203","Xã Đức Nhân","285","Huyện Đức Thọ","26","Hà Tĩnh"
"6204","Xã Tùng Ảnh","285","Huyện Đức Thọ","26","Hà Tĩnh"
"6205","Xã Bùi Xá","285","Huyện Đức Thọ","26","Hà Tĩnh"
"6206","Xã Đức Thịnh","285","Huyện Đức Thọ","26","Hà Tĩnh"
"6207","Xã Đức Yên","285","Huyện Đức Thọ","26","Hà Tĩnh"
"6208","Xã Đức Thủy","285","Huyện Đức Thọ","26","Hà Tĩnh"
"6209","Xã Thái Yên","285","Huyện Đức Thọ","26","Hà Tĩnh"
"6210","Xã Trung Lễ","285","Huyện Đức Thọ","26","Hà Tĩnh"
"6211","Xã Đức Hòa","285","Huyện Đức Thọ","26","Hà Tĩnh"
"6212","Xã Đức Long","285","Huyện Đức Thọ","26","Hà Tĩnh"
"6213","Xã Đức Lâm","285","Huyện Đức Thọ","26","Hà Tĩnh"
"6214","Xã Đức Thanh","285","Huyện Đức Thọ","26","Hà Tĩnh"
"6215","Xã Đức Dũng","285","Huyện Đức Thọ","26","Hà Tĩnh"
"6216","Xã Đức Lập","285","Huyện Đức Thọ","26","Hà Tĩnh"
"6217","Xã Đức An","285","Huyện Đức Thọ","26","Hà Tĩnh"
"6218","Xã Đức Lạc","285","Huyện Đức Thọ","26","Hà Tĩnh"
"6219","Xã Đức Đồng","285","Huyện Đức Thọ","26","Hà Tĩnh"
"6220","Xã Đức Lạng","285","Huyện Đức Thọ","26","Hà Tĩnh"
"6221","Xã Tân Hương","285","Huyện Đức Thọ","26","Hà Tĩnh"
"6222","Thị trấn Vũ Quang","291","Huyện Vũ Quang","26","Hà Tĩnh"
"6223","Xã Ân Phú","291","Huyện Vũ Quang","26","Hà Tĩnh"
"6224","Xã Đức Giang","291","Huyện Vũ Quang","26","Hà Tĩnh"
"6225","Xã Đức Lĩnh","291","Huyện Vũ Quang","26","Hà Tĩnh"
"6226","Xã Sơn Thọ","291","Huyện Vũ Quang","26","Hà Tĩnh"
"6227","Xã Đức Hương","291","Huyện Vũ Quang","26","Hà Tĩnh"
"6228","Xã Đức Bồng","291","Huyện Vũ Quang","26","Hà Tĩnh"
"6229","Xã Đức Liên","291","Huyện Vũ Quang","26","Hà Tĩnh"
"6230","Xã Hương Điền","291","Huyện Vũ Quang","26","Hà Tĩnh"
"6231","Xã Hương Minh","291","Huyện Vũ Quang","26","Hà Tĩnh"
"6232","Xã Hương Thọ","291","Huyện Vũ Quang","26","Hà Tĩnh"
"6233","Xã Hương Quang","291","Huyện Vũ Quang","26","Hà Tĩnh"
"6234","Thị trấn Nghi Xuân","289","Huyện Nghi Xuân","26","Hà Tĩnh"
"6235","Thị trấn Xuân An","289","Huyện Nghi Xuân","26","Hà Tĩnh"
"6236","Xã Xuân Hội","289","Huyện Nghi Xuân","26","Hà Tĩnh"
"6237","Xã Xuân Trường","289","Huyện Nghi Xuân","26","Hà Tĩnh"
"6238","Xã Xuân Đan","289","Huyện Nghi Xuân","26","Hà Tĩnh"
"6239","Xã Xuân Phổ","289","Huyện Nghi Xuân","26","Hà Tĩnh"
"6240","Xã Xuân Hải","289","Huyện Nghi Xuân","26","Hà Tĩnh"
"6241","Xã Xuân Giang","289","Huyện Nghi Xuân","26","Hà Tĩnh"
"6242","Thị trấn Tiên Điền","289","Huyện Nghi Xuân","26","Hà Tĩnh"
"6243","Xã Xuân Yên","289","Huyện Nghi Xuân","26","Hà Tĩnh"
"6244","Xã Xuân Mỹ","289","Huyện Nghi Xuân","26","Hà Tĩnh"
"6245","Xã Xuân Thành","289","Huyện Nghi Xuân","26","Hà Tĩnh"
"6246","Xã Xuân Viên","289","Huyện Nghi Xuân","26","Hà Tĩnh"
"6247","Xã Xuân Hồng","289","Huyện Nghi Xuân","26","Hà Tĩnh"
"6248","Xã Cỗ Đạm","289","Huyện Nghi Xuân","26","Hà Tĩnh"
"6249","Xã Xuân Liên","289","Huyện Nghi Xuân","26","Hà Tĩnh"
"6250","Xã Xuân Lĩnh","289","Huyện Nghi Xuân","26","Hà Tĩnh"
"6251","Xã Xuân Lam","289","Huyện Nghi Xuân","26","Hà Tĩnh"
"6252","Xã Cương Gián","289","Huyện Nghi Xuân","26","Hà Tĩnh"
"6253","Thị trấn Nghèn","284","Huyện Can Lộc","26","Hà Tĩnh"
"6254","Xã Tân Lộc","292","Huyện Lộc Hà","26","Hà Tĩnh"
"6255","Xã Hồng Lộc","292","Huyện Lộc Hà","26","Hà Tĩnh"
"6256","Xã Thiên Lộc","284","Huyện Can Lộc","26","Hà Tĩnh"
"6257","Xã Thuần Thiện","284","Huyện Can Lộc","26","Hà Tĩnh"
"6258","Xã Thịnh Lộc","292","Huyện Lộc Hà","26","Hà Tĩnh"
"6259","Xã Kim Lộc","284","Huyện Can Lộc","26","Hà Tĩnh"
"6260","Xã Vượng Lộc","284","Huyện Can Lộc","26","Hà Tĩnh"
"6261","Xã An Lộc","292","Huyện Lộc Hà","26","Hà Tĩnh"
"6262","Xã Thanh Lộc","284","Huyện Can Lộc","26","Hà Tĩnh"
"6263","Xã Song Lộc","284","Huyện Can Lộc","26","Hà Tĩnh"
"6264","Xã Thường Nga","284","Huyện Can Lộc","26","Hà Tĩnh"
"6265","Xã Trường Lộc","284","Huyện Can Lộc","26","Hà Tĩnh"
"6266","Xã Tùng Lộc","284","Huyện Can Lộc","26","Hà Tĩnh"
"6267","Xã Bình Lộc","292","Huyện Lộc Hà","26","Hà Tĩnh"
"6268","Xã Yên Lộc","284","Huyện Can Lộc","26","Hà Tĩnh"
"6269","Xã Phú Lộc","284","Huyện Can Lộc","26","Hà Tĩnh"
"6270","Xã Ích Hậu","292","Huyện Lộc Hà","26","Hà Tĩnh"
"6271","Xã Khánh Lộc","284","Huyện Can Lộc","26","Hà Tĩnh"
"6272","Xã Gia Hanh","284","Huyện Can Lộc","26","Hà Tĩnh"
"6273","Xã Vĩnh Lộc","284","Huyện Can Lộc","26","Hà Tĩnh"
"6274","Xã Tiến Lộc","284","Huyện Can Lộc","26","Hà Tĩnh"
"6275","Xã Trung Lộc","284","Huyện Can Lộc","26","Hà Tĩnh"
"6276","Xã Xuân Lộc","284","Huyện Can Lộc","26","Hà Tĩnh"
"6277","Xã Thượng Lộc","284","Huyện Can Lộc","26","Hà Tĩnh"
"6278","Xã Quang Lộc","284","Huyện Can Lộc","26","Hà Tĩnh"
"6279","Thị trấn Đồng Lộc","284","Huyện Can Lộc","26","Hà Tĩnh"
"6280","Xã Mỹ Lộc","284","Huyện Can Lộc","26","Hà Tĩnh"
"6281","Xã Sơn Lộc","284","Huyện Can Lộc","26","Hà Tĩnh"
"6282","Xã Phù Lưu","292","Huyện Lộc Hà","26","Hà Tĩnh"
"6283","Thị trấn Hương Khê","286","Huyện Hương Khê","26","Hà Tĩnh"
"6284","Xã Phương Mỹ","286","Huyện Hương Khê","26","Hà Tĩnh"
"6285","Xã Hà Linh","286","Huyện Hương Khê","26","Hà Tĩnh"
"6286","Xã Hương Thủy","286","Huyện Hương Khê","26","Hà Tĩnh"
"6287","Xã Hòa Hải","286","Huyện Hương Khê","26","Hà Tĩnh"
"6288","Xã Phương Điền","286","Huyện Hương Khê","26","Hà Tĩnh"
"6289","Xã Phúc Đồng","286","Huyện Hương Khê","26","Hà Tĩnh"
"6290","Xã Hương Giang","286","Huyện Hương Khê","26","Hà Tĩnh"
"6291","Xã Lộc Yên","286","Huyện Hương Khê","26","Hà Tĩnh"
"6292","Xã Hương Bình","286","Huyện Hương Khê","26","Hà Tĩnh"
"6293","Xã Hương Long","286","Huyện Hương Khê","26","Hà Tĩnh"
"6294","Xã Phú Gia","286","Huyện Hương Khê","26","Hà Tĩnh"
"6295","Xã Gia Phố","286","Huyện Hương Khê","26","Hà Tĩnh"
"6296","Xã Phú Phong","286","Huyện Hương Khê","26","Hà Tĩnh"
"6297","Xã Hương Đô","286","Huyện Hương Khê","26","Hà Tĩnh"
"6298","Xã Hương Vĩnh","286","Huyện Hương Khê","26","Hà Tĩnh"
"6299","Xã Hương Xuân","286","Huyện Hương Khê","26","Hà Tĩnh"
"6300","Xã Phúc Trạch","286","Huyện Hương Khê","26","Hà Tĩnh"
"6301","Xã Hương Trà","286","Huyện Hương Khê","26","Hà Tĩnh"
"6302","Xã Hương Trạch","286","Huyện Hương Khê","26","Hà Tĩnh"
"6303","Xã Hương Lâm","286","Huyện Hương Khê","26","Hà Tĩnh"
"6304","Xã Hương Liên","286","Huyện Hương Khê","26","Hà Tĩnh"
"6305","Thị trấn Thạch Hà","290","Huyện Thạch Hà","26","Hà Tĩnh"
"6306","Xã Ngọc Sơn","290","Huyện Thạch Hà","26","Hà Tĩnh"
"6307","Xã Thạch Bằng","292","Huyện Lộc Hà","26","Hà Tĩnh"
"6308","Xã Thạch Hải","290","Huyện Thạch Hà","26","Hà Tĩnh"
"6309","Xã Thạch Bàn","290","Huyện Thạch Hà","26","Hà Tĩnh"
"6310","Xã Thạch Mỹ","292","Huyện Lộc Hà","26","Hà Tĩnh"
"6311","Xã Thạch Kim","292","Huyện Lộc Hà","26","Hà Tĩnh"
"6312","Xã Thạch Châu","292","Huyện Lộc Hà","26","Hà Tĩnh"
"6313","Xã Thạch Kênh","290","Huyện Thạch Hà","26","Hà Tĩnh"
"6314","Xã Thạch Sơn","290","Huyện Thạch Hà","26","Hà Tĩnh"
"6315","Xã Thạch Liên","290","Huyện Thạch Hà","26","Hà Tĩnh"
"6316","Xã Thạch Đỉnh","290","Huyện Thạch Hà","26","Hà Tĩnh"
"6317","Xã Hộ Độ","292","Huyện Lộc Hà","26","Hà Tĩnh"
"6318","Xã Phù Việt","290","Huyện Thạch Hà","26","Hà Tĩnh"
"6319","Xã Thạch Khê","290","Huyện Thạch Hà","26","Hà Tĩnh"
"6320","Xã Thạch Long","290","Huyện Thạch Hà","26","Hà Tĩnh"
"6321","Xã Việt Xuyên","290","Huyện Thạch Hà","26","Hà Tĩnh"
"6322","Xã Thạch Tiến","290","Huyện Thạch Hà","26","Hà Tĩnh"
"6323","Xã Thạch Thanh","290","Huyện Thạch Hà","26","Hà Tĩnh"
"6324","Xã Thạch Trị","290","Huyện Thạch Hà","26","Hà Tĩnh"
"6325","Xã Thạch Lạc","290","Huyện Thạch Hà","26","Hà Tĩnh"
"6326","Xã Thạch Ngọc","290","Huyện Thạch Hà","26","Hà Tĩnh"
"6327","Xã Tượng Sơn","290","Huyện Thạch Hà","26","Hà Tĩnh"
"6328","Xã Thạch Văn","290","Huyện Thạch Hà","26","Hà Tĩnh"
"6329","Xã Thạch Vĩnh","290","Huyện Thạch Hà","26","Hà Tĩnh"
"6330","Xã Thạch Thắng","290","Huyện Thạch Hà","26","Hà Tĩnh"
"6331","Xã Thạch Lưu","290","Huyện Thạch Hà","26","Hà Tĩnh"
"6332","Xã Thạch Đài","290","Huyện Thạch Hà","26","Hà Tĩnh"
"6333","Xã Bắc Sơn","290","Huyện Thạch Hà","26","Hà Tĩnh"
"6334","Xã Thạch Hội","290","Huyện Thạch Hà","26","Hà Tĩnh"
"6335","Xã Thạch Tân","290","Huyện Thạch Hà","26","Hà Tĩnh"
"6336","Xã Thạch Lâm","290","Huyện Thạch Hà","26","Hà Tĩnh"
"6337","Xã Thạch Xuân","290","Huyện Thạch Hà","26","Hà Tĩnh"
"6338","Xã Thạch Hương","290","Huyện Thạch Hà","26","Hà Tĩnh"
"6339","Xã Nam Hương","290","Huyện Thạch Hà","26","Hà Tĩnh"
"6340","Xã Thạch Điền","290","Huyện Thạch Hà","26","Hà Tĩnh"
"6341","Xã Mai Phụ","292","Huyện Lộc Hà","26","Hà Tĩnh"
"6342","Thị trấn Cẩm Xuyên","283","Huyện Cẩm Xuyên","26","Hà Tĩnh"
"6343","Thị trấn Thiên Cầm","283","Huyện Cẩm Xuyên","26","Hà Tĩnh"
"6344","Xã Cẩm Hòa","283","Huyện Cẩm Xuyên","26","Hà Tĩnh"
"6345","Xã Cẩm Dương","283","Huyện Cẩm Xuyên","26","Hà Tĩnh"
"6346","Xã Cẩm Bình","283","Huyện Cẩm Xuyên","26","Hà Tĩnh"
"6347","Xã Cẩm Yên","283","Huyện Cẩm Xuyên","26","Hà Tĩnh"
"6348","Xã Cẩm Vĩnh","283","Huyện Cẩm Xuyên","26","Hà Tĩnh"
"6349","Xã Cẩm Thành","283","Huyện Cẩm Xuyên","26","Hà Tĩnh"
"6350","Xã Cẩm Quang","283","Huyện Cẩm Xuyên","26","Hà Tĩnh"
"6351","Xã Cẩm Nam","283","Huyện Cẩm Xuyên","26","Hà Tĩnh"
"6352","Xã Cẩm Huy","283","Huyện Cẩm Xuyên","26","Hà Tĩnh"
"6353","Xã Cẩm Thạch","283","Huyện Cẩm Xuyên","26","Hà Tĩnh"
"6354","Xã Cẩm Nhượng","283","Huyện Cẩm Xuyên","26","Hà Tĩnh"
"6355","Xã Cẩm Thăng","283","Huyện Cẩm Xuyên","26","Hà Tĩnh"
"6356","Xã Cẩm Duệ","283","Huyện Cẩm Xuyên","26","Hà Tĩnh"
"6357","Xã Cẩm Phúc","283","Huyện Cẩm Xuyên","26","Hà Tĩnh"
"6358","Xã Cẩm Lĩnh","283","Huyện Cẩm Xuyên","26","Hà Tĩnh"
"6359","Xã Cẩm Quan","283","Huyện Cẩm Xuyên","26","Hà Tĩnh"
"6360","Xã Cẩm Hà","283","Huyện Cẩm Xuyên","26","Hà Tĩnh"
"6361","Xã Cẩm Lộc","283","Huyện Cẩm Xuyên","26","Hà Tĩnh"
"6362","Xã Cẩm Hưng","283","Huyện Cẩm Xuyên","26","Hà Tĩnh"
"6363","Xã Cẩm Thịnh","283","Huyện Cẩm Xuyên","26","Hà Tĩnh"
"6364","Xã Cẩm Mỹ","283","Huyện Cẩm Xuyên","26","Hà Tĩnh"
"6365","Xã Cẩm Trung","283","Huyện Cẩm Xuyên","26","Hà Tĩnh"
"6366","Xã Cẩm Sơn","283","Huyện Cẩm Xuyên","26","Hà Tĩnh"
"6367","Xã Cẩm Lạc","283","Huyện Cẩm Xuyên","26","Hà Tĩnh"
"6368","Xã Cẩm Minh","283","Huyện Cẩm Xuyên","26","Hà Tĩnh"
"6369","Phường Sông Trí","705","Thị xã Kỳ Anh","26","Hà Tĩnh"
"6370","Xã Kỳ Xuân","288","Huyện Kỳ Anh","26","Hà Tĩnh"
"6371","Xã Kỳ Bắc","288","Huyện Kỳ Anh","26","Hà Tĩnh"
"6372","Xã Kỳ Phú","288","Huyện Kỳ Anh","26","Hà Tĩnh"
"6373","Xã Kỳ Phong","288","Huyện Kỳ Anh","26","Hà Tĩnh"
"6374","Xã Kỳ Tiến","288","Huyện Kỳ Anh","26","Hà Tĩnh"
"6375","Xã Kỳ Giang","288","Huyện Kỳ Anh","26","Hà Tĩnh"
"6376","Xã Kỳ Đồng","288","Huyện Kỳ Anh","26","Hà Tĩnh"
"6377","Xã Kỳ Khang","288","Huyện Kỳ Anh","26","Hà Tĩnh"
"6378","Xã Kỳ Ninh","705","Thị xã Kỳ Anh","26","Hà Tĩnh"
"6379","Xã Kỳ Văn","288","Huyện Kỳ Anh","26","Hà Tĩnh"
"6380","Xã Kỳ Trung","288","Huyện Kỳ Anh","26","Hà Tĩnh"
"6381","Xã Kỳ Thọ","288","Huyện Kỳ Anh","26","Hà Tĩnh"
"6382","Xã Kỳ Tây","288","Huyện Kỳ Anh","26","Hà Tĩnh"
"6383","Xã Kỳ Lợi","705","Thị xã Kỳ Anh","26","Hà Tĩnh"
"6384","Xã Kỳ Thượng","288","Huyện Kỳ Anh","26","Hà Tĩnh"
"6385","Xã Kỳ Hải","288","Huyện Kỳ Anh","26","Hà Tĩnh"
"6386","Xã Kỳ Thư","288","Huyện Kỳ Anh","26","Hà Tĩnh"
"6387","Xã Kỳ Hà","705","Thị xã Kỳ Anh","26","Hà Tĩnh"
"6388","Xã Kỳ Châu","288","Huyện Kỳ Anh","26","Hà Tĩnh"
"6389","Xã Kỳ Tân","288","Huyện Kỳ Anh","26","Hà Tĩnh"
"6390","Xã Kỳ Hưng","705","Thị xã Kỳ Anh","26","Hà Tĩnh"
"6391","Phường Kỳ Trinh","705","Thị xã Kỳ Anh","26","Hà Tĩnh"
"6392","Phường Kỳ Thịnh","705","Thị xã Kỳ Anh","26","Hà Tĩnh"
"6393","Xã Kỳ Hợp","288","Huyện Kỳ Anh","26","Hà Tĩnh"
"6394","Xã Kỳ Hoa","705","Thị xã Kỳ Anh","26","Hà Tĩnh"
"6395","Phường Kỳ Phương","705","Thị xã Kỳ Anh","26","Hà Tĩnh"
"6396","Phường Kỳ Long","705","Thị xã Kỳ Anh","26","Hà Tĩnh"
"6397","Xã Kỳ Lâm","288","Huyện Kỳ Anh","26","Hà Tĩnh"
"6398","Phường Kỳ Liên","705","Thị xã Kỳ Anh","26","Hà Tĩnh"
"6399","Xã Kỳ Sơn","288","Huyện Kỳ Anh","26","Hà Tĩnh"
"6400","Xã Kỳ Nam","705","Thị xã Kỳ Anh","26","Hà Tĩnh"
"6401","Xã Kỳ Lạc","288","Huyện Kỳ Anh","26","Hà Tĩnh"
"6402","Phường Hải Thành","491","Thành Phố Đồng Hới","46","Quảng Bình"
"6403","Phường Đồng Phú","491","Thành Phố Đồng Hới","46","Quảng Bình"
"6404","Phường Bắc Lý","491","Thành Phố Đồng Hới","46","Quảng Bình"
"6405","Phường Đồng Mỹ","491","Thành Phố Đồng Hới","46","Quảng Bình"
"6406","Phường Nam Lý","491","Thành Phố Đồng Hới","46","Quảng Bình"
"6407","Phường Hải Đình","491","Thành Phố Đồng Hới","46","Quảng Bình"
"6408","Phường Đồng Sơn","491","Thành Phố Đồng Hới","46","Quảng Bình"
"6409","Phường Phú Hải","491","Thành Phố Đồng Hới","46","Quảng Bình"
"6410","Phường Bắc Nghĩa","491","Thành Phố Đồng Hới","46","Quảng Bình"
"6411","Phường Đức Ninh Đông","491","Thành Phố Đồng Hới","46","Quảng Bình"
"6412","Xã Quang Phú","491","Thành Phố Đồng Hới","46","Quảng Bình"
"6413","Xã Lộc Ninh","491","Thành Phố Đồng Hới","46","Quảng Bình"
"6414","Xã Bảo Ninh","491","Thành Phố Đồng Hới","46","Quảng Bình"
"6415","Xã Nghĩa Ninh","491","Thành Phố Đồng Hới","46","Quảng Bình"
"6416","Xã Thuận Đức","491","Thành Phố Đồng Hới","46","Quảng Bình"
"6417","Xã Đức Ninh","491","Thành Phố Đồng Hới","46","Quảng Bình"
"6418","Thị trấn Quy Đạt","494","Huyện Minh Hóa","46","Quảng Bình"
"6419","Xã Dân Hóa","494","Huyện Minh Hóa","46","Quảng Bình"
"6420","Xã Trọng Hóa","494","Huyện Minh Hóa","46","Quảng Bình"
"6421","Xã Hóa Phúc","494","Huyện Minh Hóa","46","Quảng Bình"
"6422","Xã Hồng Hóa","494","Huyện Minh Hóa","46","Quảng Bình"
"6423","Xã Hóa Thanh","494","Huyện Minh Hóa","46","Quảng Bình"
"6424","Xã Hóa Tiến","494","Huyện Minh Hóa","46","Quảng Bình"
"6425","Xã Hóa Hợp","494","Huyện Minh Hóa","46","Quảng Bình"
"6426","Xã Xuân Hóa","494","Huyện Minh Hóa","46","Quảng Bình"
"6427","Xã Yên Hóa","494","Huyện Minh Hóa","46","Quảng Bình"
"6428","Xã Minh Hóa","494","Huyện Minh Hóa","46","Quảng Bình"
"6429","Xã Tân Hóa","494","Huyện Minh Hóa","46","Quảng Bình"
"6430","Xã Hóa Sơn","494","Huyện Minh Hóa","46","Quảng Bình"
"6431","Xã Quy Hóa","494","Huyện Minh Hóa","46","Quảng Bình"
"6432","Xã Trung Hóa","494","Huyện Minh Hóa","46","Quảng Bình"
"6433","Xã Thượng Hóa","494","Huyện Minh Hóa","46","Quảng Bình"
"6434","Thị trấn Đồng Lê","497","Huyện Tuyên Hóa","46","Quảng Bình"
"6435","Xã Hương Hóa","497","Huyện Tuyên Hóa","46","Quảng Bình"
"6436","Xã Kim Hóa","497","Huyện Tuyên Hóa","46","Quảng Bình"
"6437","Xã Thanh Hóa","497","Huyện Tuyên Hóa","46","Quảng Bình"
"6438","Xã Thanh Thạch","497","Huyện Tuyên Hóa","46","Quảng Bình"
"6439","Xã Thuận Hóa","497","Huyện Tuyên Hóa","46","Quảng Bình"
"6440","Xã Lâm Hóa","497","Huyện Tuyên Hóa","46","Quảng Bình"
"6441","Xã Lê Hóa","497","Huyện Tuyên Hóa","46","Quảng Bình"
"6442","Xã Sơn Hóa","497","Huyện Tuyên Hóa","46","Quảng Bình"
"6443","Xã Đồng Hóa","497","Huyện Tuyên Hóa","46","Quảng Bình"
"6444","Xã Ngư Hóa","497","Huyện Tuyên Hóa","46","Quảng Bình"
"6445","Xã Nam Hóa","497","Huyện Tuyên Hóa","46","Quảng Bình"
"6446","Xã Thạch Hóa","497","Huyện Tuyên Hóa","46","Quảng Bình"
"6447","Xã Đức Hóa","497","Huyện Tuyên Hóa","46","Quảng Bình"
"6448","Xã Phong Hóa","497","Huyện Tuyên Hóa","46","Quảng Bình"
"6449","Xã Mai Hóa","497","Huyện Tuyên Hóa","46","Quảng Bình"
"6450","Xã Tiến Hóa","497","Huyện Tuyên Hóa","46","Quảng Bình"
"6451","Xã Châu Hóa","497","Huyện Tuyên Hóa","46","Quảng Bình"
"6452","Xã Cao Quảng","497","Huyện Tuyên Hóa","46","Quảng Bình"
"6453","Xã Văn Hóa","497","Huyện Tuyên Hóa","46","Quảng Bình"
"6454","Phường Ba Đồn","710","Thị xã Ba Đồn","46","Quảng Bình"
"6455","Xã Quảng Hợp","495","Huyện Quảng Trạch","46","Quảng Bình"
"6456","Xã Quảng Kim","495","Huyện Quảng Trạch","46","Quảng Bình"
"6457","Xã Quảng Đông","495","Huyện Quảng Trạch","46","Quảng Bình"
"6458","Xã Quảng Phú","495","Huyện Quảng Trạch","46","Quảng Bình"
"6459","Xã Quảng Châu","495","Huyện Quảng Trạch","46","Quảng Bình"
"6460","Xã Quảng Thạch","495","Huyện Quảng Trạch","46","Quảng Bình"
"6461","Xã Quảng Lưu","495","Huyện Quảng Trạch","46","Quảng Bình"
"6462","Xã Quảng Tùng","495","Huyện Quảng Trạch","46","Quảng Bình"
"6463","Xã Cảnh Dương","495","Huyện Quảng Trạch","46","Quảng Bình"
"6464","Xã Quảng Tiến","495","Huyện Quảng Trạch","46","Quảng Bình"
"6465","Xã Quảng Hưng","495","Huyện Quảng Trạch","46","Quảng Bình"
"6466","Xã Quảng Xuân","495","Huyện Quảng Trạch","46","Quảng Bình"
"6467","Xã Cảnh Hóa","495","Huyện Quảng Trạch","46","Quảng Bình"
"6468","Xã Quảng Liên","495","Huyện Quảng Trạch","46","Quảng Bình"
"6469","Xã Quảng Trường","495","Huyện Quảng Trạch","46","Quảng Bình"
"6470","Xã Quảng Phương","495","Huyện Quảng Trạch","46","Quảng Bình"
"6471","Phường Quảng Long","710","Thị xã Ba Đồn","46","Quảng Bình"
"6472","Xã Phù Hóa","495","Huyện Quảng Trạch","46","Quảng Bình"
"6473","Phường Quảng Thọ","710","Thị xã Ba Đồn","46","Quảng Bình"
"6474","Xã Quảng Tiên","710","Thị xã Ba Đồn","46","Quảng Bình"
"6475","Xã Quảng Thanh","495","Huyện Quảng Trạch","46","Quảng Bình"
"6476","Xã Quảng Trung","710","Thị xã Ba Đồn","46","Quảng Bình"
"6477","Phường Quảng Phong","710","Thị xã Ba Đồn","46","Quảng Bình"
"6478","Phường Quảng Thuận","710","Thị xã Ba Đồn","46","Quảng Bình"
"6479","Xã Quảng Tân","710","Thị xã Ba Đồn","46","Quảng Bình"
"6480","Xã Quảng Hải","710","Thị xã Ba Đồn","46","Quảng Bình"
"6481","Xã Quảng Sơn","710","Thị xã Ba Đồn","46","Quảng Bình"
"6482","Xã Quảng Lộc","710","Thị xã Ba Đồn","46","Quảng Bình"
"6483","Xã Quảng Thủy","710","Thị xã Ba Đồn","46","Quảng Bình"
"6484","Xã Quảng Văn","710","Thị xã Ba Đồn","46","Quảng Bình"
"6485","Phường Quảng Phúc","710","Thị xã Ba Đồn","46","Quảng Bình"
"6486","Xã Quảng Hòa","710","Thị xã Ba Đồn","46","Quảng Bình"
"6487","Xã Quảng Minh","710","Thị xã Ba Đồn","46","Quảng Bình"
"6488","Thị trấn Hoàn Lão","492","Huyện Bố Trạch","46","Quảng Bình"
"6489","Thị trấn Nông Trường Việt Trung","492","Huyện Bố Trạch","46","Quảng Bình"
"6490","Xã Xuân Trạch","492","Huyện Bố Trạch","46","Quảng Bình"
"6491","Xã Mỹ Trạch","492","Huyện Bố Trạch","46","Quảng Bình"
"6492","Xã Hạ Trạch","492","Huyện Bố Trạch","46","Quảng Bình"
"6493","Xã Bắc Trạch","492","Huyện Bố Trạch","46","Quảng Bình"
"6494","Xã Lâm Trạch","492","Huyện Bố Trạch","46","Quảng Bình"
"6495","Xã Thanh Trạch","492","Huyện Bố Trạch","46","Quảng Bình"
"6496","Xã Liên Trạch","492","Huyện Bố Trạch","46","Quảng Bình"
"6497","Xã Phúc Trạch","492","Huyện Bố Trạch","46","Quảng Bình"
"6498","Xã Cự Nẫm","492","Huyện Bố Trạch","46","Quảng Bình"
"6499","Xã Hải Trạch","492","Huyện Bố Trạch","46","Quảng Bình"
"6500","Xã Thượng Trạch","492","Huyện Bố Trạch","46","Quảng Bình"
"6501","Xã Sơn Lộc","492","Huyện Bố Trạch","46","Quảng Bình"
"6502","Xã Phú Trạch","492","Huyện Bố Trạch","46","Quảng Bình"
"6503","Xã Hưng Trạch","492","Huyện Bố Trạch","46","Quảng Bình"
"6504","Xã Đồng Trạch","492","Huyện Bố Trạch","46","Quảng Bình"
"6505","Xã Đức Trạch","492","Huyện Bố Trạch","46","Quảng Bình"
"6506","Xã Sơn Trạch","492","Huyện Bố Trạch","46","Quảng Bình"
"6507","Xã Vạn Trạch","492","Huyện Bố Trạch","46","Quảng Bình"
"6508","Xã Hoàn Trạch","492","Huyện Bố Trạch","46","Quảng Bình"
"6509","Xã Phú Định","492","Huyện Bố Trạch","46","Quảng Bình"
"6510","Xã Trung Trạch","492","Huyện Bố Trạch","46","Quảng Bình"
"6511","Xã Tây Trạch","492","Huyện Bố Trạch","46","Quảng Bình"
"6512","Xã Hòa Trạch","492","Huyện Bố Trạch","46","Quảng Bình"
"6513","Xã Đại Trạch","492","Huyện Bố Trạch","46","Quảng Bình"
"6514","Xã Nhân Trạch","492","Huyện Bố Trạch","46","Quảng Bình"
"6515","Xã Tân Trạch","492","Huyện Bố Trạch","46","Quảng Bình"
"6516","Xã Nam Trạch","492","Huyện Bố Trạch","46","Quảng Bình"
"6517","Xã Lý Trạch","492","Huyện Bố Trạch","46","Quảng Bình"
"6518","Thị trấn Quán Hàu","496","Huyện Quảng Ninh","46","Quảng Bình"
"6519","Xã Trường Sơn","496","Huyện Quảng Ninh","46","Quảng Bình"
"6520","Xã Lương Ninh","496","Huyện Quảng Ninh","46","Quảng Bình"
"6521","Xã Vĩnh Ninh","496","Huyện Quảng Ninh","46","Quảng Bình"
"6522","Xã Võ Ninh","496","Huyện Quảng Ninh","46","Quảng Bình"
"6523","Xã Hải Ninh","496","Huyện Quảng Ninh","46","Quảng Bình"
"6524","Xã Hàm Ninh","496","Huyện Quảng Ninh","46","Quảng Bình"
"6525","Xã Duy Ninh","496","Huyện Quảng Ninh","46","Quảng Bình"
"6526","Xã Gia Ninh","496","Huyện Quảng Ninh","46","Quảng Bình"
"6527","Xã Trường Xuân","496","Huyện Quảng Ninh","46","Quảng Bình"
"6528","Xã Hiền Ninh","496","Huyện Quảng Ninh","46","Quảng Bình"
"6529","Xã Tân Ninh","496","Huyện Quảng Ninh","46","Quảng Bình"
"6530","Xã Xuân Ninh","496","Huyện Quảng Ninh","46","Quảng Bình"
"6531","Xã An Ninh","496","Huyện Quảng Ninh","46","Quảng Bình"
"6532","Xã Vạn Ninh","496","Huyện Quảng Ninh","46","Quảng Bình"
"6533","Thị Trấn Lệ Ninh","493","Huyện Lệ Thủy","46","Quảng Bình"
"6534","Thị trấn Kiến Giang","493","Huyện Lệ Thủy","46","Quảng Bình"
"6535","Xã Hồng Thủy","493","Huyện Lệ Thủy","46","Quảng Bình"
"6536","Xã Ngư Thủy Bắc","493","Huyện Lệ Thủy","46","Quảng Bình"
"6537","Xã Hoa Thủy","493","Huyện Lệ Thủy","46","Quảng Bình"
"6538","Xã Thanh Thủy","493","Huyện Lệ Thủy","46","Quảng Bình"
"6539","Xã An Thủy","493","Huyện Lệ Thủy","46","Quảng Bình"
"6540","Xã Phong Thủy","493","Huyện Lệ Thủy","46","Quảng Bình"
"6541","Xã Cam Thủy","493","Huyện Lệ Thủy","46","Quảng Bình"
"6542","Xã Ngân Thủy","493","Huyện Lệ Thủy","46","Quảng Bình"
"6543","Xã Sơn Thủy","493","Huyện Lệ Thủy","46","Quảng Bình"
"6544","Xã Lộc Thủy","493","Huyện Lệ Thủy","46","Quảng Bình"
"6545","Xã Ngư Thủy Trung","493","Huyện Lệ Thủy","46","Quảng Bình"
"6546","Xã Liên Thủy","493","Huyện Lệ Thủy","46","Quảng Bình"
"6547","Xã Hưng Thủy","493","Huyện Lệ Thủy","46","Quảng Bình"
"6548","Xã Dương Thủy","493","Huyện Lệ Thủy","46","Quảng Bình"
"6549","Xã Tân Thủy","493","Huyện Lệ Thủy","46","Quảng Bình"
"6550","Xã Phú Thủy","493","Huyện Lệ Thủy","46","Quảng Bình"
"6551","Xã Xuân Thủy","493","Huyện Lệ Thủy","46","Quảng Bình"
"6552","Xã Mỹ Thủy","493","Huyện Lệ Thủy","46","Quảng Bình"
"6553","Xã Ngư Thủy Nam","493","Huyện Lệ Thủy","46","Quảng Bình"
"6554","Xã Mai Thủy","493","Huyện Lệ Thủy","46","Quảng Bình"
"6555","Xã Sen Thủy","493","Huyện Lệ Thủy","46","Quảng Bình"
"6556","Xã Thái Thủy","493","Huyện Lệ Thủy","46","Quảng Bình"
"6557","Xã Kim Thủy","493","Huyện Lệ Thủy","46","Quảng Bình"
"6558","Xã Trường Thủy","493","Huyện Lệ Thủy","46","Quảng Bình"
"6559","Xã Văn Thủy","493","Huyện Lệ Thủy","46","Quảng Bình"
"6560","Xã Lâm Thủy","493","Huyện Lệ Thủy","46","Quảng Bình"
"6561","Phường Đông Giang","544","Thành phố Đông Hà","50","Quảng Trị"
"6562","Phường 1","544","Thành phố Đông Hà","50","Quảng Trị"
"6563","Phường Đông Lễ","544","Thành phố Đông Hà","50","Quảng Trị"
"6564","Phường Đông Thanh","544","Thành phố Đông Hà","50","Quảng Trị"
"6565","Phường 2","544","Thành phố Đông Hà","50","Quảng Trị"
"6566","Phường 4","544","Thành phố Đông Hà","50","Quảng Trị"
"6567","Phường 5","544","Thành phố Đông Hà","50","Quảng Trị"
"6568","Phường Đông Lương","544","Thành phố Đông Hà","50","Quảng Trị"
"6569","Phường 3","544","Thành phố Đông Hà","50","Quảng Trị"
"6570","Phường 1","545","Thị xã Quảng Trị","50","Quảng Trị"
"6571","Phường An Đôn","545","Thị xã Quảng Trị","50","Quảng Trị"
"6572","Phường 2","545","Thị xã Quảng Trị","50","Quảng Trị"
"6573","Phường 3","545","Thị xã Quảng Trị","50","Quảng Trị"
"6574","Thị trấn Hồ Xá","553","Huyện Vĩnh Linh","50","Quảng Trị"
"6575","Thị trấn Bến Quan","553","Huyện Vĩnh Linh","50","Quảng Trị"
"6576","Xã Vĩnh Thái","553","Huyện Vĩnh Linh","50","Quảng Trị"
"6577","Xã Vĩnh Tú","553","Huyện Vĩnh Linh","50","Quảng Trị"
"6578","Xã Vĩnh Chấp","553","Huyện Vĩnh Linh","50","Quảng Trị"
"6579","Xã Vĩnh Trung","553","Huyện Vĩnh Linh","50","Quảng Trị"
"6580","Xã Vĩnh Kim","553","Huyện Vĩnh Linh","50","Quảng Trị"
"6581","Xã Vĩnh Thạch","553","Huyện Vĩnh Linh","50","Quảng Trị"
"6582","Xã Vĩnh Long","553","Huyện Vĩnh Linh","50","Quảng Trị"
"6583","Xã Vĩnh Nam","553","Huyện Vĩnh Linh","50","Quảng Trị"
"6584","Xã Vĩnh Khê","553","Huyện Vĩnh Linh","50","Quảng Trị"
"6585","Xã Vĩnh Hòa","553","Huyện Vĩnh Linh","50","Quảng Trị"
"6586","Xã Vĩnh Hiền","553","Huyện Vĩnh Linh","50","Quảng Trị"
"6587","Xã Vĩnh Thủy","553","Huyện Vĩnh Linh","50","Quảng Trị"
"6588","Xã Vĩnh Lâm","553","Huyện Vĩnh Linh","50","Quảng Trị"
"6589","Xã Vĩnh Thành","553","Huyện Vĩnh Linh","50","Quảng Trị"
"6590","Xã Vĩnh Tân","553","Huyện Vĩnh Linh","50","Quảng Trị"
"6591","Thị trấn Cửa Tùng","553","Huyện Vĩnh Linh","50","Quảng Trị"
"6592","Xã Vĩnh Hà","553","Huyện Vĩnh Linh","50","Quảng Trị"
"6593","Xã Vĩnh Sơn","553","Huyện Vĩnh Linh","50","Quảng Trị"
"6594","Xã Vĩnh Giang","553","Huyện Vĩnh Linh","50","Quảng Trị"
"6595","Xã Vĩnh Ô","553","Huyện Vĩnh Linh","50","Quảng Trị"
"6596","Thị trấn Khe Sanh","551","Huyện Hướng Hóa","50","Quảng Trị"
"6597","Thị trấn Lao Bảo","551","Huyện Hướng Hóa","50","Quảng Trị"
"6598","Xã Hướng Lập","551","Huyện Hướng Hóa","50","Quảng Trị"
"6599","Xã Hướng Việt","551","Huyện Hướng Hóa","50","Quảng Trị"
"6600","Xã Hướng Phùng","551","Huyện Hướng Hóa","50","Quảng Trị"
"6601","Xã Hướng Sơn","551","Huyện Hướng Hóa","50","Quảng Trị"
"6602","Xã Hướng Linh","551","Huyện Hướng Hóa","50","Quảng Trị"
"6603","Xã Tân Hợp","551","Huyện Hướng Hóa","50","Quảng Trị"
"6604","Xã Hướng Tân","551","Huyện Hướng Hóa","50","Quảng Trị"
"6605","Xã Tân Thành","551","Huyện Hướng Hóa","50","Quảng Trị"
"6606","Xã Tân Long","551","Huyện Hướng Hóa","50","Quảng Trị"
"6607","Xã Tân Lập","551","Huyện Hướng Hóa","50","Quảng Trị"
"6608","Xã Tân Liên","551","Huyện Hướng Hóa","50","Quảng Trị"
"6609","Xã Húc","551","Huyện Hướng Hóa","50","Quảng Trị"
"6610","Xã Thuận","551","Huyện Hướng Hóa","50","Quảng Trị"
"6611","Xã Hướng Lộc","551","Huyện Hướng Hóa","50","Quảng Trị"
"6612","Xã Ba Tầng","551","Huyện Hướng Hóa","50","Quảng Trị"
"6613","Xã Thanh","551","Huyện Hướng Hóa","50","Quảng Trị"
"6614","Xã A Dơi","551","Huyện Hướng Hóa","50","Quảng Trị"
"6615","Xã A Xing","551","Huyện Hướng Hóa","50","Quảng Trị"
"6616","Xã A Túc","551","Huyện Hướng Hóa","50","Quảng Trị"
"6617","Xã Xy","551","Huyện Hướng Hóa","50","Quảng Trị"
"6618","Thị trấn Gio Linh","549","Huyện Gio Linh","50","Quảng Trị"
"6619","Thị trấn Cửa Việt","549","Huyện Gio Linh","50","Quảng Trị"
"6620","Xã Trung Giang","549","Huyện Gio Linh","50","Quảng Trị"
"6621","Xã Trung Hải","549","Huyện Gio Linh","50","Quảng Trị"
"6622","Xã Trung Sơn","549","Huyện Gio Linh","50","Quảng Trị"
"6623","Xã Gio Phong","549","Huyện Gio Linh","50","Quảng Trị"
"6624","Xã Gio Mỹ","549","Huyện Gio Linh","50","Quảng Trị"
"6625","Xã Vĩnh Trường","549","Huyện Gio Linh","50","Quảng Trị"
"6626","Xã Gio Bình","549","Huyện Gio Linh","50","Quảng Trị"
"6627","Xã Gio Hải","549","Huyện Gio Linh","50","Quảng Trị"
"6628","Xã Gio An","549","Huyện Gio Linh","50","Quảng Trị"
"6629","Xã Gio Châu","549","Huyện Gio Linh","50","Quảng Trị"
"6630","Xã Gio Thành","549","Huyện Gio Linh","50","Quảng Trị"
"6631","Xã Gio Việt","549","Huyện Gio Linh","50","Quảng Trị"
"6632","Xã Linh Thượng","549","Huyện Gio Linh","50","Quảng Trị"
"6633","Xã Gio Sơn","549","Huyện Gio Linh","50","Quảng Trị"
"6634","Xã Gio Hòa","549","Huyện Gio Linh","50","Quảng Trị"
"6635","Xã Gio Mai","549","Huyện Gio Linh","50","Quảng Trị"
"6636","Xã Hải Thái","549","Huyện Gio Linh","50","Quảng Trị"
"6637","Xã Linh Hải","549","Huyện Gio Linh","50","Quảng Trị"
"6638","Xã Gio Quang","549","Huyện Gio Linh","50","Quảng Trị"
"6639","Thị trấn Krông Klang","548","Huyện Đa Krông","50","Quảng Trị"
"6640","Xã Mò Ó","548","Huyện Đa Krông","50","Quảng Trị"
"6641","Xã Hướng Hiệp","548","Huyện Đa Krông","50","Quảng Trị"
"6642","Xã Đa Krông","548","Huyện Đa Krông","50","Quảng Trị"
"6643","Xã Triệu Nguyên","548","Huyện Đa Krông","50","Quảng Trị"
"6644","Xã Ba Lòng","548","Huyện Đa Krông","50","Quảng Trị"
"6645","Xã Hải Phúc","548","Huyện Đa Krông","50","Quảng Trị"
"6646","Xã Ba Nang","548","Huyện Đa Krông","50","Quảng Trị"
"6647","Xã Tà Long","548","Huyện Đa Krông","50","Quảng Trị"
"6648","Xã Húc Nghì","548","Huyện Đa Krông","50","Quảng Trị"
"6649","Xã A Vao","548","Huyện Đa Krông","50","Quảng Trị"
"6650","Xã Tà Rụt","548","Huyện Đa Krông","50","Quảng Trị"
"6651","Xã A Bung","548","Huyện Đa Krông","50","Quảng Trị"
"6652","Xã A Ngo","548","Huyện Đa Krông","50","Quảng Trị"
"6653","Thị trấn Cam Lộ","546","Huyện Cam Lộ","50","Quảng Trị"
"6654","Xã Cam Tuyền","546","Huyện Cam Lộ","50","Quảng Trị"
"6655","Xã Cam An","546","Huyện Cam Lộ","50","Quảng Trị"
"6656","Xã Cam Thủy","546","Huyện Cam Lộ","50","Quảng Trị"
"6657","Xã Cam Thanh","546","Huyện Cam Lộ","50","Quảng Trị"
"6658","Xã Cam Thành","546","Huyện Cam Lộ","50","Quảng Trị"
"6659","Xã Cam Hiếu","546","Huyện Cam Lộ","50","Quảng Trị"
"6660","Xã Cam Chính","546","Huyện Cam Lộ","50","Quảng Trị"
"6661","Xã Cam Nghĩa","546","Huyện Cam Lộ","50","Quảng Trị"
"6662","Thị Trấn Ái Tử","552","Huyện Triệu Phong","50","Quảng Trị"
"6663","Xã Triệu An","552","Huyện Triệu Phong","50","Quảng Trị"
"6664","Xã Triệu Vân","552","Huyện Triệu Phong","50","Quảng Trị"
"6665","Xã Triệu Phước","552","Huyện Triệu Phong","50","Quảng Trị"
"6666","Xã Triệu Độ","552","Huyện Triệu Phong","50","Quảng Trị"
"6667","Xã Triệu Trạch","552","Huyện Triệu Phong","50","Quảng Trị"
"6668","Xã Triệu Thuận","552","Huyện Triệu Phong","50","Quảng Trị"
"6669","Xã Triệu Đại","552","Huyện Triệu Phong","50","Quảng Trị"
"6670","Xã Triệu Hòa","552","Huyện Triệu Phong","50","Quảng Trị"
"6671","Xã Triệu Lăng","552","Huyện Triệu Phong","50","Quảng Trị"
"6672","Xã Triệu Sơn","552","Huyện Triệu Phong","50","Quảng Trị"
"6673","Xã Triệu Long","552","Huyện Triệu Phong","50","Quảng Trị"
"6674","Xã Triệu Tài","552","Huyện Triệu Phong","50","Quảng Trị"
"6675","Xã Triệu Đông","552","Huyện Triệu Phong","50","Quảng Trị"
"6676","Xã Triệu Trung","552","Huyện Triệu Phong","50","Quảng Trị"
"6677","Xã Triệu Ái","552","Huyện Triệu Phong","50","Quảng Trị"
"6678","Xã Triệu Thượng","552","Huyện Triệu Phong","50","Quảng Trị"
"6679","Xã Triệu Giang","552","Huyện Triệu Phong","50","Quảng Trị"
"6680","Xã Triệu Thành","552","Huyện Triệu Phong","50","Quảng Trị"
"6681","Thị trấn Hải Lăng","550","Huyện Hải Lăng","50","Quảng Trị"
"6682","Xã Hải An","550","Huyện Hải Lăng","50","Quảng Trị"
"6683","Xã Hải Ba","550","Huyện Hải Lăng","50","Quảng Trị"
"6684","Xã Hải Xuân","550","Huyện Hải Lăng","50","Quảng Trị"
"6685","Xã Hải Quy","550","Huyện Hải Lăng","50","Quảng Trị"
"6686","Xã Hải Quế","550","Huyện Hải Lăng","50","Quảng Trị"
"6687","Xã Hải Vĩnh","550","Huyện Hải Lăng","50","Quảng Trị"
"6688","Xã Hải Phú","550","Huyện Hải Lăng","50","Quảng Trị"
"6689","Xã Hải Lệ","545","Thị xã Quảng Trị","50","Quảng Trị"
"6690","Xã Hải Thượng","550","Huyện Hải Lăng","50","Quảng Trị"
"6691","Xã Hải Dương","550","Huyện Hải Lăng","50","Quảng Trị"
"6692","Xã Hải Thiện","550","Huyện Hải Lăng","50","Quảng Trị"
"6693","Xã Hải Lâm","550","Huyện Hải Lăng","50","Quảng Trị"
"6694","Xã Hải Thành","550","Huyện Hải Lăng","50","Quảng Trị"
"6695","Xã Hải Hòa","550","Huyện Hải Lăng","50","Quảng Trị"
"6696","Xã Hải Tân","550","Huyện Hải Lăng","50","Quảng Trị"
"6697","Xã Hải Trường","550","Huyện Hải Lăng","50","Quảng Trị"
"6698","Xã Hải Thọ","550","Huyện Hải Lăng","50","Quảng Trị"
"6699","Xã Hải Sơn","550","Huyện Hải Lăng","50","Quảng Trị"
"6700","Xã Hải Chánh","550","Huyện Hải Lăng","50","Quảng Trị"
"6701","Xã Hải Khê","550","Huyện Hải Lăng","50","Quảng Trị"
"6702","Phường Phú Thuận","629","Thành phố Huế","57","Thừa Thiên Huế"
"6703","Phường Phú Bình","629","Thành phố Huế","57","Thừa Thiên Huế"
"6704","Phường Tây Lộc","629","Thành phố Huế","57","Thừa Thiên Huế"
"6705","Phường Thuận Lộc","629","Thành phố Huế","57","Thừa Thiên Huế"
"6706","Phường Phú Hiệp","629","Thành phố Huế","57","Thừa Thiên Huế"
"6707","Phường Phú Hậu","629","Thành phố Huế","57","Thừa Thiên Huế"
"6708","Phường Thuận Hòa","629","Thành phố Huế","57","Thừa Thiên Huế"
"6709","Phường Thuận Thành","629","Thành phố Huế","57","Thừa Thiên Huế"
"6710","Phường Phú Hòa","629","Thành phố Huế","57","Thừa Thiên Huế"
"6711","Phường Phú Cát","629","Thành phố Huế","57","Thừa Thiên Huế"
"6712","Phường Kim Long","629","Thành phố Huế","57","Thừa Thiên Huế"
"6713","Phường Vỹ Dạ","629","Thành phố Huế","57","Thừa Thiên Huế"
"6714","Phường Phường Đúc","629","Thành phố Huế","57","Thừa Thiên Huế"
"6715","Phường Vĩnh Ninh","629","Thành phố Huế","57","Thừa Thiên Huế"
"6716","Phường Phú Hội","629","Thành phố Huế","57","Thừa Thiên Huế"
"6717","Phường Phú Nhuận","629","Thành phố Huế","57","Thừa Thiên Huế"
"6718","Phường Xuân Phú","629","Thành phố Huế","57","Thừa Thiên Huế"
"6719","Phường Trường An","629","Thành phố Huế","57","Thừa Thiên Huế"
"6720","Phường Phước Vĩnh","629","Thành phố Huế","57","Thừa Thiên Huế"
"6721","Phường An Cựu","629","Thành phố Huế","57","Thừa Thiên Huế"
"6722","Phường An Hòa","629","Thành phố Huế","57","Thừa Thiên Huế"
"6723","Phường Hương Sơ","629","Thành phố Huế","57","Thừa Thiên Huế"
"6724","Phường Thủy Biều","629","Thành phố Huế","57","Thừa Thiên Huế"
"6725","Phường Hương Long","629","Thành phố Huế","57","Thừa Thiên Huế"
"6726","Phường Thủy Xuân","629","Thành phố Huế","57","Thừa Thiên Huế"
"6727","Phường An Đông","629","Thành phố Huế","57","Thừa Thiên Huế"
"6728","Phường An Tây","629","Thành phố Huế","57","Thừa Thiên Huế"
"6729","Thị trấn Phong Điền","634","Huyện Phong Điền","57","Thừa Thiên Huế"
"6730","Xã Điền Hương","634","Huyện Phong Điền","57","Thừa Thiên Huế"
"6731","Xã Điền Môn","634","Huyện Phong Điền","57","Thừa Thiên Huế"
"6732","Xã Điền Lộc","634","Huyện Phong Điền","57","Thừa Thiên Huế"
"6733","Xã Phong Bình","634","Huyện Phong Điền","57","Thừa Thiên Huế"
"6734","Xã Điền Hòa","634","Huyện Phong Điền","57","Thừa Thiên Huế"
"6735","Xã Phong Chương","634","Huyện Phong Điền","57","Thừa Thiên Huế"
"6736","Xã Phong Hải","634","Huyện Phong Điền","57","Thừa Thiên Huế"
"6737","Xã Điền Hải","634","Huyện Phong Điền","57","Thừa Thiên Huế"
"6738","Xã Phong Hòa","634","Huyện Phong Điền","57","Thừa Thiên Huế"
"6739","Xã Phong Thu","634","Huyện Phong Điền","57","Thừa Thiên Huế"
"6740","Xã Phong Hiền","634","Huyện Phong Điền","57","Thừa Thiên Huế"
"6741","Xã Phong Mỹ","634","Huyện Phong Điền","57","Thừa Thiên Huế"
"6742","Xã Phong An","634","Huyện Phong Điền","57","Thừa Thiên Huế"
"6743","Xã Phong Xuân","634","Huyện Phong Điền","57","Thừa Thiên Huế"
"6744","Xã Phong Sơn","634","Huyện Phong Điền","57","Thừa Thiên Huế"
"6745","Thị trấn Sịa","637","Huyện Quảng Điền","57","Thừa Thiên Huế"
"6746","Xã Quảng Thái","637","Huyện Quảng Điền","57","Thừa Thiên Huế"
"6747","Xã Quảng Ngạn","637","Huyện Quảng Điền","57","Thừa Thiên Huế"
"6748","Xã Quảng Lợi","637","Huyện Quảng Điền","57","Thừa Thiên Huế"
"6749","Xã Quảng Công","637","Huyện Quảng Điền","57","Thừa Thiên Huế"
"6750","Xã Quảng Phước","637","Huyện Quảng Điền","57","Thừa Thiên Huế"
"6751","Xã Quảng Vinh","637","Huyện Quảng Điền","57","Thừa Thiên Huế"
"6752","Xã Quảng An","637","Huyện Quảng Điền","57","Thừa Thiên Huế"
"6753","Xã Quảng Thành","637","Huyện Quảng Điền","57","Thừa Thiên Huế"
"6754","Xã Quảng Thọ","637","Huyện Quảng Điền","57","Thừa Thiên Huế"
"6755","Xã Quảng Phú","637","Huyện Quảng Điền","57","Thừa Thiên Huế"
"6756","Phường Thuận An","629","Thành phố Huế","57","Thừa Thiên Huế"
"6757","Xã Phú Thuận","636","Huyện Phú Vang","57","Thừa Thiên Huế"
"6758","Xã Phú Dương","629","Thành phố Huế","57","Thừa Thiên Huế"
"6759","Xã Phú Mậu","629","Thành phố Huế","57","Thừa Thiên Huế"
"6760","Xã Phú An","636","Huyện Phú Vang","57","Thừa Thiên Huế"
"6761","Xã Phú Hải","636","Huyện Phú Vang","57","Thừa Thiên Huế"
"6762","Xã Phú Xuân","636","Huyện Phú Vang","57","Thừa Thiên Huế"
"6763","Xã Phú Diên","636","Huyện Phú Vang","57","Thừa Thiên Huế"
"6764","Xã Phú Thanh","629","Thành phố Huế","57","Thừa Thiên Huế"
"6765","Xã Phú Mỹ","636","Huyện Phú Vang","57","Thừa Thiên Huế"
"6766","Xã Phú Thượng","629","Thành phố Huế","57","Thừa Thiên Huế"
"6767","Xã Phú Hồ","636","Huyện Phú Vang","57","Thừa Thiên Huế"
"6768","Xã Vinh Xuân","636","Huyện Phú Vang","57","Thừa Thiên Huế"
"6769","Xã Phú Lương","636","Huyện Phú Vang","57","Thừa Thiên Huế"
"6770","Thị trấn Phú Đa","636","Huyện Phú Vang","57","Thừa Thiên Huế"
"6771","Xã Vinh Thanh","636","Huyện Phú Vang","57","Thừa Thiên Huế"
"6772","Xã Vinh An","636","Huyện Phú Vang","57","Thừa Thiên Huế"
"6773","Xã Vinh Phú","636","Huyện Phú Vang","57","Thừa Thiên Huế"
"6774","Xã Vinh Thái","636","Huyện Phú Vang","57","Thừa Thiên Huế"
"6775","Xã Vinh Hà","636","Huyện Phú Vang","57","Thừa Thiên Huế"
"6776","Phường Phú Bài","630","Thị xã Hương Thủy","57","Thừa Thiên Huế"
"6777","Phường Thủy Vân","629","Thành phố Huế","57","Thừa Thiên Huế"
"6778","Xã Thủy Thanh","630","Thị xã Hương Thủy","57","Thừa Thiên Huế"
"6779","Phường Thủy Dương","630","Thị xã Hương Thủy","57","Thừa Thiên Huế"
"6780","Phường Thủy Phương","630","Thị xã Hương Thủy","57","Thừa Thiên Huế"
"6781","Phường Thủy Châu","630","Thị xã Hương Thủy","57","Thừa Thiên Huế"
"6782","Phường Thủy Lương","630","Thị xã Hương Thủy","57","Thừa Thiên Huế"
"6783","Xã Thủy Bằng","629","Thành phố Huế","57","Thừa Thiên Huế"
"6784","Xã Thủy Tân","630","Thị xã Hương Thủy","57","Thừa Thiên Huế"
"6785","Xã Thủy Phù","630","Thị xã Hương Thủy","57","Thừa Thiên Huế"
"6786","Xã Phú Sơn","630","Thị xã Hương Thủy","57","Thừa Thiên Huế"
"6787","Xã Dương Hòa","630","Thị xã Hương Thủy","57","Thừa Thiên Huế"
"6788","Phường Tứ Hạ","632","Thị xã Hương Trà","57","Thừa Thiên Huế"
"6789","Xã Hải Dương","629","Thành phố Huế","57","Thừa Thiên Huế"
"6790","Xã Hương Phong","629","Thành phố Huế","57","Thừa Thiên Huế"
"6791","Xã Hương Toàn","632","Thị xã Hương Trà","57","Thừa Thiên Huế"
"6792","Phường Hương Vân","632","Thị xã Hương Trà","57","Thừa Thiên Huế"
"6793","Phường Hương Văn","632","Thị xã Hương Trà","57","Thừa Thiên Huế"
"6794","Phường Hương Vinh","629","Thành phố Huế","57","Thừa Thiên Huế"
"6795","Phường Hương Xuân","632","Thị xã Hương Trà","57","Thừa Thiên Huế"
"6796","Phường Hương Chữ","632","Thị xã Hương Trà","57","Thừa Thiên Huế"
"6797","Phường Hương An","629","Thành phố Huế","57","Thừa Thiên Huế"
"6798","Xã Hương Bình","632","Thị xã Hương Trà","57","Thừa Thiên Huế"
"6799","Phường Hương Hồ","629","Thành phố Huế","57","Thừa Thiên Huế"
"6800","Xã Hương Thọ","629","Thành phố Huế","57","Thừa Thiên Huế"
"6801","Xã Bình Điền","632","Thị xã Hương Trà","57","Thừa Thiên Huế"
"6802","Xã Hồng Tiến","632","Thị xã Hương Trà","57","Thừa Thiên Huế"
"6803","Xã Bình Thành","632","Thị xã Hương Trà","57","Thừa Thiên Huế"
"6804","Thị trấn A Lưới","631","Huyện A Lưới","57","Thừa Thiên Huế"
"6805","Xã Hồng Vân","631","Huyện A Lưới","57","Thừa Thiên Huế"
"6806","Xã Hồng Hạ","631","Huyện A Lưới","57","Thừa Thiên Huế"
"6807","Xã Hồng Kim","631","Huyện A Lưới","57","Thừa Thiên Huế"
"6808","Xã Hồng Trung","631","Huyện A Lưới","57","Thừa Thiên Huế"
"6809","Xã Hương Nguyên","631","Huyện A Lưới","57","Thừa Thiên Huế"
"6810","Xã Bắc Sơn","631","Huyện A Lưới","57","Thừa Thiên Huế"
"6811","Xã Hồng Bắc","631","Huyện A Lưới","57","Thừa Thiên Huế"
"6812","Xã A Ngo","631","Huyện A Lưới","57","Thừa Thiên Huế"
"6813","Xã Sơn Thủy","631","Huyện A Lưới","57","Thừa Thiên Huế"
"6814","Xã Phú Vinh","631","Huyện A Lưới","57","Thừa Thiên Huế"
"6815","Xã Hồng Quảng","631","Huyện A Lưới","57","Thừa Thiên Huế"
"6816","Xã Hương Phong","631","Huyện A Lưới","57","Thừa Thiên Huế"
"6817","Xã Nhâm","631","Huyện A Lưới","57","Thừa Thiên Huế"
"6818","Xã Hồng Thượng","631","Huyện A Lưới","57","Thừa Thiên Huế"
"6819","Xã Hồng Thái","631","Huyện A Lưới","57","Thừa Thiên Huế"
"6820","Xã Hương Lâm","631","Huyện A Lưới","57","Thừa Thiên Huế"
"6821","Xã A Roàng","631","Huyện A Lưới","57","Thừa Thiên Huế"
"6822","Xã Đông Sơn","631","Huyện A Lưới","57","Thừa Thiên Huế"
"6823","Xã A Đớt","631","Huyện A Lưới","57","Thừa Thiên Huế"
"6824","Xã Hồng Thủy","631","Huyện A Lưới","57","Thừa Thiên Huế"
"6825","Thị trấn Phú Lộc","635","Huyện Phú Lộc","57","Thừa Thiên Huế"
"6826","Thị trấn Lăng Cô","635","Huyện Phú Lộc","57","Thừa Thiên Huế"
"6827","Xã Vinh Mỹ","635","Huyện Phú Lộc","57","Thừa Thiên Huế"
"6828","Xã Vinh Hưng","635","Huyện Phú Lộc","57","Thừa Thiên Huế"
"6829","Xã Vinh Hải","635","Huyện Phú Lộc","57","Thừa Thiên Huế"
"6830","Xã Vinh Giang","635","Huyện Phú Lộc","57","Thừa Thiên Huế"
"6831","Xã Vinh Hiền","635","Huyện Phú Lộc","57","Thừa Thiên Huế"
"6832","Xã Lộc Bổn","635","Huyện Phú Lộc","57","Thừa Thiên Huế"
"6833","Xã Lộc Sơn","635","Huyện Phú Lộc","57","Thừa Thiên Huế"
"6834","Xã Lộc Bình","635","Huyện Phú Lộc","57","Thừa Thiên Huế"
"6835","Xã Lộc Vĩnh","635","Huyện Phú Lộc","57","Thừa Thiên Huế"
"6836","Xã Lộc An","635","Huyện Phú Lộc","57","Thừa Thiên Huế"
"6837","Xã Lộc Điền","635","Huyện Phú Lộc","57","Thừa Thiên Huế"
"6838","Xã Lộc Thủy","635","Huyện Phú Lộc","57","Thừa Thiên Huế"
"6839","Xã Lộc Trì","635","Huyện Phú Lộc","57","Thừa Thiên Huế"
"6840","Xã Lộc Tiến","635","Huyện Phú Lộc","57","Thừa Thiên Huế"
"6841","Xã Lộc Hòa","635","Huyện Phú Lộc","57","Thừa Thiên Huế"
"6842","Xã Xuân Lộc","635","Huyện Phú Lộc","57","Thừa Thiên Huế"
"6843","Thị trấn Khe Tre","633","Huyện Nam Đông","57","Thừa Thiên Huế"
"6844","Xã Hương Phú","633","Huyện Nam Đông","57","Thừa Thiên Huế"
"6845","Xã Hương Sơn","633","Huyện Nam Đông","57","Thừa Thiên Huế"
"6846","Xã Hương Lộc","633","Huyện Nam Đông","57","Thừa Thiên Huế"
"6847","Xã Thượng Quảng","633","Huyện Nam Đông","57","Thừa Thiên Huế"
"6848","Xã Hương Hòa","633","Huyện Nam Đông","57","Thừa Thiên Huế"
"6849","Xã Hương Giang","633","Huyện Nam Đông","57","Thừa Thiên Huế"
"6850","Xã Hương Hữu","633","Huyện Nam Đông","57","Thừa Thiên Huế"
"6851","Xã Thượng Lộ","633","Huyện Nam Đông","57","Thừa Thiên Huế"
"6852","Xã Thượng Long","633","Huyện Nam Đông","57","Thừa Thiên Huế"
"6853","Xã Thượng Nhật","633","Huyện Nam Đông","57","Thừa Thiên Huế"
"6854","Phường Hòa Hiệp Bắc","188","Quận Liên Chiểu","17","Đà Nẵng"
"6855","Phường Hòa Hiệp Nam","188","Quận Liên Chiểu","17","Đà Nẵng"
"6856","Phường Hòa Khánh Bắc","188","Quận Liên Chiểu","17","Đà Nẵng"
"6857","Phường Hòa Khánh Nam","188","Quận Liên Chiểu","17","Đà Nẵng"
"6858","Phường Hòa Minh","188","Quận Liên Chiểu","17","Đà Nẵng"
"6859","Phường Tam Thuận","185","Quận Thanh Khê","17","Đà Nẵng"
"6860","Phường Thanh Khê Tây","185","Quận Thanh Khê","17","Đà Nẵng"
"6861","Phường Thanh Khê Đông","185","Quận Thanh Khê","17","Đà Nẵng"
"6862","Phường Xuân Hà","185","Quận Thanh Khê","17","Đà Nẵng"
"6863","Phường Tân Chính","185","Quận Thanh Khê","17","Đà Nẵng"
"6864","Phường Chính Gián","185","Quận Thanh Khê","17","Đà Nẵng"
"6865","Phường Vĩnh Trung","185","Quận Thanh Khê","17","Đà Nẵng"
"6866","Phường Thạc Gián","185","Quận Thanh Khê","17","Đà Nẵng"
"6867","Phường An Khê","185","Quận Thanh Khê","17","Đà Nẵng"
"6868","Phường Hòa Khê","185","Quận Thanh Khê","17","Đà Nẵng"
"6869","Phường Thanh Bình","184","Quận Hải Châu","17","Đà Nẵng"
"6870","Phường Thuận Phước","184","Quận Hải Châu","17","Đà Nẵng"
"6871","Phường Thạch Thang","184","Quận Hải Châu","17","Đà Nẵng"
"6872","Phường Hải Châu 1","184","Quận Hải Châu","17","Đà Nẵng"
"6873","Phường Hải Châu 2","184","Quận Hải Châu","17","Đà Nẵng"
"6874","Phường Phước Ninh","184","Quận Hải Châu","17","Đà Nẵng"
"6875","Phường Hòa Thuận Tây","184","Quận Hải Châu","17","Đà Nẵng"
"6876","Phường Hòa Thuận Đông","184","Quận Hải Châu","17","Đà Nẵng"
"6877","Phường Nam Dương","184","Quận Hải Châu","17","Đà Nẵng"
"6878","Phường Bình Hiên","184","Quận Hải Châu","17","Đà Nẵng"
"6879","Phường Bình Thuận","184","Quận Hải Châu","17","Đà Nẵng"
"6880","Phường Hòa Cường Bắc","184","Quận Hải Châu","17","Đà Nẵng"
"6881","Phường Hòa Cường Nam","184","Quận Hải Châu","17","Đà Nẵng"
"6882","Phường Khuê Trung","189","Quận Cẩm Lệ","17","Đà Nẵng"
"6883","Phường Thọ Quang","186","Quận Sơn Trà","17","Đà Nẵng"
"6884","Phường Nại Hiên Đông","186","Quận Sơn Trà","17","Đà Nẵng"
"6885","Phường Mân Thái","186","Quận Sơn Trà","17","Đà Nẵng"
"6886","Phường An Hải Bắc","186","Quận Sơn Trà","17","Đà Nẵng"
"6887","Phường Phước Mỹ","186","Quận Sơn Trà","17","Đà Nẵng"
"6888","Phường An Hải Tây","186","Quận Sơn Trà","17","Đà Nẵng"
"6889","Phường An Hải Đông","186","Quận Sơn Trà","17","Đà Nẵng"
"6890","Phường Mỹ An","187","Quận Ngũ Hành Sơn","17","Đà Nẵng"
"6891","Phường Khuê Mỹ","187","Quận Ngũ Hành Sơn","17","Đà Nẵng"
"6892","Phường Hòa Quý","187","Quận Ngũ Hành Sơn","17","Đà Nẵng"
"6893","Phường Hòa Hải","187","Quận Ngũ Hành Sơn","17","Đà Nẵng"
"6894","Xã Hòa Bắc","190","Huyện Hòa Vang","17","Đà Nẵng"
"6895","Xã Hòa Liên","190","Huyện Hòa Vang","17","Đà Nẵng"
"6896","Xã Hòa Ninh","190","Huyện Hòa Vang","17","Đà Nẵng"
"6897","Xã Hòa Sơn","190","Huyện Hòa Vang","17","Đà Nẵng"
"6898","Phường Hòa Phát","189","Quận Cẩm Lệ","17","Đà Nẵng"
"6899","Phường Hòa An","189","Quận Cẩm Lệ","17","Đà Nẵng"
"6900","Xã Hòa Nhơn","190","Huyện Hòa Vang","17","Đà Nẵng"
"6901","Phường Hòa Thọ Tây","189","Quận Cẩm Lệ","17","Đà Nẵng"
"6902","Phường Hòa Thọ Đông","189","Quận Cẩm Lệ","17","Đà Nẵng"
"6903","Phường Hòa Xuân","189","Quận Cẩm Lệ","17","Đà Nẵng"
"6904","Xã Hòa Phú","190","Huyện Hòa Vang","17","Đà Nẵng"
"6905","Xã Hòa Phong","190","Huyện Hòa Vang","17","Đà Nẵng"
"6906","Xã Hòa Châu","190","Huyện Hòa Vang","17","Đà Nẵng"
"6907","Xã Hòa Tiến","190","Huyện Hòa Vang","17","Đà Nẵng"
"6908","Xã Hòa Phước","190","Huyện Hòa Vang","17","Đà Nẵng"
"6909","Xã Hòa Khương","190","Huyện Hòa Vang","17","Đà Nẵng"
"6910","Phường Tân Thạnh","498","Thành phố Tam Kỳ","47","Quảng Nam"
"6911","Phường Phước Hòa","498","Thành phố Tam Kỳ","47","Quảng Nam"
"6912","Phường An Mỹ","498","Thành phố Tam Kỳ","47","Quảng Nam"
"6913","Phường Hòa Hương","498","Thành phố Tam Kỳ","47","Quảng Nam"
"6914","Phường An Xuân","498","Thành phố Tam Kỳ","47","Quảng Nam"
"6915","Phường An Sơn","498","Thành phố Tam Kỳ","47","Quảng Nam"
"6916","Phường Trường Xuân","498","Thành phố Tam Kỳ","47","Quảng Nam"
"6917","Phường An Phú","498","Thành phố Tam Kỳ","47","Quảng Nam"
"6918","Xã Tam Thanh","498","Thành phố Tam Kỳ","47","Quảng Nam"
"6919","Xã Tam Thăng","498","Thành phố Tam Kỳ","47","Quảng Nam"
"6920","Thị trấn Phú Thịnh","512","Huyện Phú Ninh","47","Quảng Nam"
"6921","Xã Tam Thành","512","Huyện Phú Ninh","47","Quảng Nam"
"6922","Xã Tam An","512","Huyện Phú Ninh","47","Quảng Nam"
"6923","Xã Tam Phú","498","Thành phố Tam Kỳ","47","Quảng Nam"
"6924","Xã Tam Đàn","512","Huyện Phú Ninh","47","Quảng Nam"
"6925","Phường Hòa Thuận","498","Thành phố Tam Kỳ","47","Quảng Nam"
"6926","Xã Tam Lộc","512","Huyện Phú Ninh","47","Quảng Nam"
"6927","Xã Tam Phước","512","Huyện Phú Ninh","47","Quảng Nam"
"6928","Xã Tam Vinh","512","Huyện Phú Ninh","47","Quảng Nam"
"6929","Xã Tam Thái","512","Huyện Phú Ninh","47","Quảng Nam"
"6930","Xã Tam Đại","512","Huyện Phú Ninh","47","Quảng Nam"
"6931","Xã Tam Ngọc","498","Thành phố Tam Kỳ","47","Quảng Nam"
"6932","Xã Tam Dân","512","Huyện Phú Ninh","47","Quảng Nam"
"6933","Xã Tam Lãnh","512","Huyện Phú Ninh","47","Quảng Nam"
"6934","Phường Minh An","499","Thành phố Hội An","47","Quảng Nam"
"6935","Phường Tân An","499","Thành phố Hội An","47","Quảng Nam"
"6936","Phường Cẩm Phô","499","Thành phố Hội An","47","Quảng Nam"
"6937","Phường Thanh Hà","499","Thành phố Hội An","47","Quảng Nam"
"6938","Phường Sơn Phong","499","Thành phố Hội An","47","Quảng Nam"
"6939","Phường Cẩm Châu","499","Thành phố Hội An","47","Quảng Nam"
"6940","Phường Cửa Đại","499","Thành phố Hội An","47","Quảng Nam"
"6941","Phường Cẩm An","499","Thành phố Hội An","47","Quảng Nam"
"6942","Xã Cẩm Hà","499","Thành phố Hội An","47","Quảng Nam"
"6943","Xã Cẩm Kim","499","Thành phố Hội An","47","Quảng Nam"
"6944","Phường Cẩm Nam","499","Thành phố Hội An","47","Quảng Nam"
"6945","Xã Cẩm Thanh","499","Thành phố Hội An","47","Quảng Nam"
"6946","Xã Tân Hiệp","499","Thành phố Hội An","47","Quảng Nam"
"6947","Xã Ch'ơm","513","Huyện Tây Giang","47","Quảng Nam"
"6948","Xã Ga Ri","513","Huyện Tây Giang","47","Quảng Nam"
"6949","Xã A Xan","513","Huyện Tây Giang","47","Quảng Nam"
"6950","Xã Tr'Hy","513","Huyện Tây Giang","47","Quảng Nam"
"6951","Xã Lăng","513","Huyện Tây Giang","47","Quảng Nam"
"6952","Xã A Nông","513","Huyện Tây Giang","47","Quảng Nam"
"6953","Xã A Tiêng","513","Huyện Tây Giang","47","Quảng Nam"
"6954","Xã Bha Lê","513","Huyện Tây Giang","47","Quảng Nam"
"6955","Xã A Vương","513","Huyện Tây Giang","47","Quảng Nam"
"6956","Xã Dang","513","Huyện Tây Giang","47","Quảng Nam"
"6957","Thị trấn P Rao","509","Huyện Đông Giang","47","Quảng Nam"
"6958","Xã Tà Lu","509","Huyện Đông Giang","47","Quảng Nam"
"6959","Xã Sông Kôn","509","Huyện Đông Giang","47","Quảng Nam"
"6960","Xã Jơ Ngây","509","Huyện Đông Giang","47","Quảng Nam"
"6961","Xã A Ting","509","Huyện Đông Giang","47","Quảng Nam"
"6962","Xã Tư","509","Huyện Đông Giang","47","Quảng Nam"
"6963","Xã Ba","509","Huyện Đông Giang","47","Quảng Nam"
"6964","Xã A Rooi","509","Huyện Đông Giang","47","Quảng Nam"
"6965","Xã Za Hung","509","Huyện Đông Giang","47","Quảng Nam"
"6966","Xã Mà Cooi","509","Huyện Đông Giang","47","Quảng Nam"
"6967","Xã Ka Dăng","509","Huyện Đông Giang","47","Quảng Nam"
"6968","Thị Trấn Ái Nghĩa","511","Huyện Đại Lộc","47","Quảng Nam"
"6969","Xã Đại Sơn","511","Huyện Đại Lộc","47","Quảng Nam"
"6970","Xã Đại Lãnh","511","Huyện Đại Lộc","47","Quảng Nam"
"6971","Xã Đại Hưng","511","Huyện Đại Lộc","47","Quảng Nam"
"6972","Xã Đại Hồng","511","Huyện Đại Lộc","47","Quảng Nam"
"6973","Xã Đại Đồng","511","Huyện Đại Lộc","47","Quảng Nam"
"6974","Xã Đại Quang","511","Huyện Đại Lộc","47","Quảng Nam"
"6975","Xã Đại Nghĩa","511","Huyện Đại Lộc","47","Quảng Nam"
"6976","Xã Đại Hiệp","511","Huyện Đại Lộc","47","Quảng Nam"
"6977","Xã Đại Thạnh","511","Huyện Đại Lộc","47","Quảng Nam"
"6978","Xã Đại Chánh","511","Huyện Đại Lộc","47","Quảng Nam"
"6979","Xã Đại Tân","511","Huyện Đại Lộc","47","Quảng Nam"
"6980","Xã Đại Phong","511","Huyện Đại Lộc","47","Quảng Nam"
"6981","Xã Đại Minh","511","Huyện Đại Lộc","47","Quảng Nam"
"6982","Xã Đại Thắng","511","Huyện Đại Lộc","47","Quảng Nam"
"6983","Xã Đại Cường","511","Huyện Đại Lộc","47","Quảng Nam"
"6984","Xã Đại An","511","Huyện Đại Lộc","47","Quảng Nam"
"6985","Xã Đại Hòa","511","Huyện Đại Lộc","47","Quảng Nam"
"6986","Phường Vĩnh Điện","500","Thị xã Điện Bàn","47","Quảng Nam"
"6987","Xã Điện Tiến","500","Thị xã Điện Bàn","47","Quảng Nam"
"6988","Xã Điện Hòa","500","Thị xã Điện Bàn","47","Quảng Nam"
"6989","Xã Điện Thắng Bắc","500","Thị xã Điện Bàn","47","Quảng Nam"
"6990","Xã Điện Thắng Trung","500","Thị xã Điện Bàn","47","Quảng Nam"
"6991","Xã Điện Thắng Nam","500","Thị xã Điện Bàn","47","Quảng Nam"
"6992","Phường Điện Ngọc","500","Thị xã Điện Bàn","47","Quảng Nam"
"6993","Xã Điện Hồng","500","Thị xã Điện Bàn","47","Quảng Nam"
"6994","Xã Điện Thọ","500","Thị xã Điện Bàn","47","Quảng Nam"
"6995","Xã Điện Phước","500","Thị xã Điện Bàn","47","Quảng Nam"
"6996","Phường Điện An","500","Thị xã Điện Bàn","47","Quảng Nam"
"6997","Phường Điện Nam Bắc","500","Thị xã Điện Bàn","47","Quảng Nam"
"6998","Phường Điện Nam Trung","500","Thị xã Điện Bàn","47","Quảng Nam"
"6999","Phường Điện Nam Đông","500","Thị xã Điện Bàn","47","Quảng Nam"
"7000","Phường Điện Dương","500","Thị xã Điện Bàn","47","Quảng Nam"
"7001","Xã Điện Quang","500","Thị xã Điện Bàn","47","Quảng Nam"
"7002","Xã Điện Trung","500","Thị xã Điện Bàn","47","Quảng Nam"
"7003","Xã Điện Phong","500","Thị xã Điện Bàn","47","Quảng Nam"
"7004","Xã Điện Minh","500","Thị xã Điện Bàn","47","Quảng Nam"
"7005","Xã Điện Phương","500","Thị xã Điện Bàn","47","Quảng Nam"
"7006","Thị trấn Nam Phước","514","Huyện Duy Xuyên","47","Quảng Nam"
"7007","Xã Duy Thu","514","Huyện Duy Xuyên","47","Quảng Nam"
"7008","Xã Duy Phú","514","Huyện Duy Xuyên","47","Quảng Nam"
"7009","Xã Duy Tân","514","Huyện Duy Xuyên","47","Quảng Nam"
"7010","Xã Duy Hòa","514","Huyện Duy Xuyên","47","Quảng Nam"
"7011","Xã Duy Châu","514","Huyện Duy Xuyên","47","Quảng Nam"
"7012","Xã Duy Trinh","514","Huyện Duy Xuyên","47","Quảng Nam"
"7013","Xã Duy Sơn","514","Huyện Duy Xuyên","47","Quảng Nam"
"7014","Xã Duy Trung","514","Huyện Duy Xuyên","47","Quảng Nam"
"7015","Xã Duy Phước","514","Huyện Duy Xuyên","47","Quảng Nam"
"7016","Xã Duy Thành","514","Huyện Duy Xuyên","47","Quảng Nam"
"7017","Xã Duy Vinh","514","Huyện Duy Xuyên","47","Quảng Nam"
"7018","Xã Duy Nghĩa","514","Huyện Duy Xuyên","47","Quảng Nam"
"7019","Xã Duy Hải","514","Huyện Duy Xuyên","47","Quảng Nam"
"7020","Thị trấn Đông Phú","515","Huyện Quế Sơn","47","Quảng Nam"
"7021","Xã Quế Xuân 1","515","Huyện Quế Sơn","47","Quảng Nam"
"7022","Xã Quế Xuân 2","515","Huyện Quế Sơn","47","Quảng Nam"
"7023","Xã Quế Phú","515","Huyện Quế Sơn","47","Quảng Nam"
"7024","Thị trấn Hương An","515","Huyện Quế Sơn","47","Quảng Nam"
"7025","Xã Quế Cường","515","Huyện Quế Sơn","47","Quảng Nam"
"7026","Xã Quế Trung","508","Huyện Nông Sơn","47","Quảng Nam"
"7027","Xã Quế Hiệp","515","Huyện Quế Sơn","47","Quảng Nam"
"7028","Xã Quế Thuận","515","Huyện Quế Sơn","47","Quảng Nam"
"7029","Xã Phú Thọ","515","Huyện Quế Sơn","47","Quảng Nam"
"7030","Xã Quế Ninh","508","Huyện Nông Sơn","47","Quảng Nam"
"7031","Xã Phước Ninh","508","Huyện Nông Sơn","47","Quảng Nam"
"7032","Xã Quế Lộc","508","Huyện Nông Sơn","47","Quảng Nam"
"7033","Xã Sơn Viên","508","Huyện Nông Sơn","47","Quảng Nam"
"7034","Xã Quế Phước","508","Huyện Nông Sơn","47","Quảng Nam"
"7035","Xã Quế Long","515","Huyện Quế Sơn","47","Quảng Nam"
"7036","Xã Quế Châu","515","Huyện Quế Sơn","47","Quảng Nam"
"7037","Xã Quế Phong","515","Huyện Quế Sơn","47","Quảng Nam"
"7038","Xã Quế An","515","Huyện Quế Sơn","47","Quảng Nam"
"7039","Xã Quế Minh","515","Huyện Quế Sơn","47","Quảng Nam"
"7040","Xã Quế Lâm","508","Huyện Nông Sơn","47","Quảng Nam"
"7041","Thị trấn Thạnh Mỹ","510","Huyện Nam Giang","47","Quảng Nam"
"7042","Xã Laêê","510","Huyện Nam Giang","47","Quảng Nam"
"7043","Xã Chơ Chun","510","Huyện Nam Giang","47","Quảng Nam"
"7044","Xã Zuôich","510","Huyện Nam Giang","47","Quảng Nam"
"7045","Xã Tà Pơơ","510","Huyện Nam Giang","47","Quảng Nam"
"7046","Xã La Dêê","510","Huyện Nam Giang","47","Quảng Nam"
"7047","Xã Đắc Tôi","510","Huyện Nam Giang","47","Quảng Nam"
"7048","Xã Chà Vàl","510","Huyện Nam Giang","47","Quảng Nam"
"7049","Xã Tà Bhinh","510","Huyện Nam Giang","47","Quảng Nam"
"7050","Xã Cà Dy","510","Huyện Nam Giang","47","Quảng Nam"
"7051","Xã Đắc Pre","510","Huyện Nam Giang","47","Quảng Nam"
"7052","Xã Đắc Pring","510","Huyện Nam Giang","47","Quảng Nam"
"7053","Thị trấn Khâm Đức","505","Huyện Phước Sơn","47","Quảng Nam"
"7054","Xã Phước Xuân","505","Huyện Phước Sơn","47","Quảng Nam"
"7055","Xã Phước Hiệp","505","Huyện Phước Sơn","47","Quảng Nam"
"7056","Xã Phước Hòa","505","Huyện Phước Sơn","47","Quảng Nam"
"7057","Xã Phước Đức","505","Huyện Phước Sơn","47","Quảng Nam"
"7058","Xã Phước Năng","505","Huyện Phước Sơn","47","Quảng Nam"
"7059","Xã Phước Mỹ","505","Huyện Phước Sơn","47","Quảng Nam"
"7060","Xã Phước Chánh","505","Huyện Phước Sơn","47","Quảng Nam"
"7061","Xã Phước Công","505","Huyện Phước Sơn","47","Quảng Nam"
"7062","Xã Phước Kim","505","Huyện Phước Sơn","47","Quảng Nam"
"7063","Xã Phước Lộc","505","Huyện Phước Sơn","47","Quảng Nam"
"7064","Xã Phước Thành","505","Huyện Phước Sơn","47","Quảng Nam"
"7065","Thị trấn Tân An","507","Huyện Hiệp Đức","47","Quảng Nam"
"7066","Xã Hiệp Hòa","507","Huyện Hiệp Đức","47","Quảng Nam"
"7067","Xã Hiệp Thuận","507","Huyện Hiệp Đức","47","Quảng Nam"
"7068","Xã Quế Thọ","507","Huyện Hiệp Đức","47","Quảng Nam"
"7069","Xã Bình Lâm","507","Huyện Hiệp Đức","47","Quảng Nam"
"7070","Xã Sông Trà","507","Huyện Hiệp Đức","47","Quảng Nam"
"7071","Xã Phước Trà","507","Huyện Hiệp Đức","47","Quảng Nam"
"7072","Xã Phước Gia","507","Huyện Hiệp Đức","47","Quảng Nam"
"7073","Xã Quế Bình","507","Huyện Hiệp Đức","47","Quảng Nam"
"7074","Xã Quế Lưu","507","Huyện Hiệp Đức","47","Quảng Nam"
"7075","Xã Thăng Phước","507","Huyện Hiệp Đức","47","Quảng Nam"
"7076","Xã Bình Sơn","507","Huyện Hiệp Đức","47","Quảng Nam"
"7077","Thị trấn Hà Lam","502","Huyện Thăng Bình","47","Quảng Nam"
"7078","Xã Bình Dương","502","Huyện Thăng Bình","47","Quảng Nam"
"7079","Xã Bình Giang","502","Huyện Thăng Bình","47","Quảng Nam"
"7080","Xã Bình Nguyên","502","Huyện Thăng Bình","47","Quảng Nam"
"7081","Xã Bình Phục","502","Huyện Thăng Bình","47","Quảng Nam"
"7082","Xã Bình Triều","502","Huyện Thăng Bình","47","Quảng Nam"
"7083","Xã Bình Đào","502","Huyện Thăng Bình","47","Quảng Nam"
"7084","Xã Bình Minh","502","Huyện Thăng Bình","47","Quảng Nam"
"7085","Xã Bình Lãnh","502","Huyện Thăng Bình","47","Quảng Nam"
"7086","Xã Bình Trị","502","Huyện Thăng Bình","47","Quảng Nam"
"7087","Xã Bình Định Bắc","502","Huyện Thăng Bình","47","Quảng Nam"
"7088","Xã Bình Định Nam","502","Huyện Thăng Bình","47","Quảng Nam"
"7089","Xã Bình Quý","502","Huyện Thăng Bình","47","Quảng Nam"
"7090","Xã Bình Phú","502","Huyện Thăng Bình","47","Quảng Nam"
"7091","Xã Bình Chánh","502","Huyện Thăng Bình","47","Quảng Nam"
"7092","Xã Bình Tú","502","Huyện Thăng Bình","47","Quảng Nam"
"7093","Xã Bình Sa","502","Huyện Thăng Bình","47","Quảng Nam"
"7094","Xã Bình Hải","502","Huyện Thăng Bình","47","Quảng Nam"
"7095","Xã Bình Quế","502","Huyện Thăng Bình","47","Quảng Nam"
"7096","Xã Bình An","502","Huyện Thăng Bình","47","Quảng Nam"
"7097","Xã Bình Trung","502","Huyện Thăng Bình","47","Quảng Nam"
"7098","Xã Bình Nam","502","Huyện Thăng Bình","47","Quảng Nam"
"7099","Thị trấn Tiên Kỳ","506","Huyện Tiên Phước","47","Quảng Nam"
"7100","Xã Tiên Sơn","506","Huyện Tiên Phước","47","Quảng Nam"
"7101","Xã Tiên Hà","506","Huyện Tiên Phước","47","Quảng Nam"
"7102","Xã Tiên Cẩm","506","Huyện Tiên Phước","47","Quảng Nam"
"7103","Xã Tiên Châu","506","Huyện Tiên Phước","47","Quảng Nam"
"7104","Xã Tiên Lãnh","506","Huyện Tiên Phước","47","Quảng Nam"
"7105","Xã Tiên Ngọc","506","Huyện Tiên Phước","47","Quảng Nam"
"7106","Xã Tiên Hiệp","506","Huyện Tiên Phước","47","Quảng Nam"
"7107","Xã Tiên Cảnh","506","Huyện Tiên Phước","47","Quảng Nam"
"7108","Xã Tiên Mỹ","506","Huyện Tiên Phước","47","Quảng Nam"
"7109","Xã Tiên Phong","506","Huyện Tiên Phước","47","Quảng Nam"
"7110","Xã Tiên Thọ","506","Huyện Tiên Phước","47","Quảng Nam"
"7111","Xã Tiên An","506","Huyện Tiên Phước","47","Quảng Nam"
"7112","Xã Tiên Lộc","506","Huyện Tiên Phước","47","Quảng Nam"
"7113","Xã Tiên Lập","506","Huyện Tiên Phước","47","Quảng Nam"
"7114","Thị trấn Trà My","501","Huyện Bắc Trà My","47","Quảng Nam"
"7115","Xã Trà Sơn","501","Huyện Bắc Trà My","47","Quảng Nam"
"7116","Xã Trà Kót","501","Huyện Bắc Trà My","47","Quảng Nam"
"7117","Xã Trà Nú","501","Huyện Bắc Trà My","47","Quảng Nam"
"7118","Xã Trà Đông","501","Huyện Bắc Trà My","47","Quảng Nam"
"7119","Xã Trà Dương","501","Huyện Bắc Trà My","47","Quảng Nam"
"7120","Xã Trà Giang","501","Huyện Bắc Trà My","47","Quảng Nam"
"7121","Xã Trà Bui","501","Huyện Bắc Trà My","47","Quảng Nam"
"7122","Xã Trà Đốc","501","Huyện Bắc Trà My","47","Quảng Nam"
"7123","Xã Trà Tân","501","Huyện Bắc Trà My","47","Quảng Nam"
"7124","Xã Trà Giác","501","Huyện Bắc Trà My","47","Quảng Nam"
"7125","Xã Trà Giáp","501","Huyện Bắc Trà My","47","Quảng Nam"
"7126","Xã Trà Ka","501","Huyện Bắc Trà My","47","Quảng Nam"
"7127","Xã Trà Leng","503","Huyện Nam Trà My","47","Quảng Nam"
"7128","Xã Trà Dơn","503","Huyện Nam Trà My","47","Quảng Nam"
"7129","Xã Trà Tập","503","Huyện Nam Trà My","47","Quảng Nam"
"7130","Xã Trà Mai","503","Huyện Nam Trà My","47","Quảng Nam"
"7131","Xã Trà Cang","503","Huyện Nam Trà My","47","Quảng Nam"
"7132","Xã Trà Linh","503","Huyện Nam Trà My","47","Quảng Nam"
"7133","Xã Trà Nam","503","Huyện Nam Trà My","47","Quảng Nam"
"7134","Xã Trà Don","503","Huyện Nam Trà My","47","Quảng Nam"
"7135","Xã Trà Vân","503","Huyện Nam Trà My","47","Quảng Nam"
"7136","Xã Trà Vinh","503","Huyện Nam Trà My","47","Quảng Nam"
"7137","Thị trấn Núi Thành","504","Huyện Núi Thành","47","Quảng Nam"
"7138","Xã Tam Xuân 1","504","Huyện Núi Thành","47","Quảng Nam"
"7139","Xã Tam Xuân 2","504","Huyện Núi Thành","47","Quảng Nam"
"7140","Xã Tam Tiến","504","Huyện Núi Thành","47","Quảng Nam"
"7141","Xã Tam Sơn","504","Huyện Núi Thành","47","Quảng Nam"
"7142","Xã Tam Thạnh","504","Huyện Núi Thành","47","Quảng Nam"
"7143","Xã Tam Anh Bắc","504","Huyện Núi Thành","47","Quảng Nam"
"7144","Xã Tam Anh Nam","504","Huyện Núi Thành","47","Quảng Nam"
"7145","Xã Tam Hòa","504","Huyện Núi Thành","47","Quảng Nam"
"7146","Xã Tam Hiệp","504","Huyện Núi Thành","47","Quảng Nam"
"7147","Xã Tam Hải","504","Huyện Núi Thành","47","Quảng Nam"
"7148","Xã Tam Giang","504","Huyện Núi Thành","47","Quảng Nam"
"7149","Xã Tam Quang","504","Huyện Núi Thành","47","Quảng Nam"
"7150","Xã Tam Nghĩa","504","Huyện Núi Thành","47","Quảng Nam"
"7151","Xã Tam Mỹ Tây","504","Huyện Núi Thành","47","Quảng Nam"
"7152","Xã Tam Mỹ Đông","504","Huyện Núi Thành","47","Quảng Nam"
"7153","Xã Tam Trà","504","Huyện Núi Thành","47","Quảng Nam"
"7154","Phường Lê Hồng Phong","516","Thành phố Quảng Ngãi","48","Quảng Ngãi"
"7155","Phường Trần Phú","516","Thành phố Quảng Ngãi","48","Quảng Ngãi"
"7156","Phường Quảng Phú","516","Thành phố Quảng Ngãi","48","Quảng Ngãi"
"7157","Phường Nghĩa Chánh","516","Thành phố Quảng Ngãi","48","Quảng Ngãi"
"7158","Phường Trần Hưng Đạo","516","Thành phố Quảng Ngãi","48","Quảng Ngãi"
"7159","Phường Nguyễn Nghiêm","516","Thành phố Quảng Ngãi","48","Quảng Ngãi"
"7160","Phường Nghĩa Lộ","516","Thành phố Quảng Ngãi","48","Quảng Ngãi"
"7161","Phường Chánh Lộ","516","Thành phố Quảng Ngãi","48","Quảng Ngãi"
"7162","Xã Nghĩa Dũng","516","Thành phố Quảng Ngãi","48","Quảng Ngãi"
"7163","Xã Nghĩa Dõng","516","Thành phố Quảng Ngãi","48","Quảng Ngãi"
"7164","Thị Trấn Châu Ổ","518","Huyện Bình Sơn","48","Quảng Ngãi"
"7165","Xã Bình Thuận","518","Huyện Bình Sơn","48","Quảng Ngãi"
"7166","Xã Bình Thạnh","518","Huyện Bình Sơn","48","Quảng Ngãi"
"7167","Xã Bình Đông","518","Huyện Bình Sơn","48","Quảng Ngãi"
"7168","Xã Bình Chánh","518","Huyện Bình Sơn","48","Quảng Ngãi"
"7169","Xã Bình Nguyên","518","Huyện Bình Sơn","48","Quảng Ngãi"
"7170","Xã Bình Khương","518","Huyện Bình Sơn","48","Quảng Ngãi"
"7171","Xã Bình Trị","518","Huyện Bình Sơn","48","Quảng Ngãi"
"7172","Xã Bình An","518","Huyện Bình Sơn","48","Quảng Ngãi"
"7173","Xã Bình Hải","518","Huyện Bình Sơn","48","Quảng Ngãi"
"7174","Xã Bình Dương","518","Huyện Bình Sơn","48","Quảng Ngãi"
"7175","Xã Bình Phước","518","Huyện Bình Sơn","48","Quảng Ngãi"
"7176","Xã Bình Thới","518","Huyện Bình Sơn","48","Quảng Ngãi"
"7177","Xã Bình Hòa","518","Huyện Bình Sơn","48","Quảng Ngãi"
"7178","Xã Bình Trung","518","Huyện Bình Sơn","48","Quảng Ngãi"
"7179","Xã Bình Minh","518","Huyện Bình Sơn","48","Quảng Ngãi"
"7180","Xã Bình Long","518","Huyện Bình Sơn","48","Quảng Ngãi"
"7181","Xã Bình Thanh","518","Huyện Bình Sơn","48","Quảng Ngãi"
"7182","Xã Bình Phú","518","Huyện Bình Sơn","48","Quảng Ngãi"
"7183","Xã Bình Thanh Đông","518","Huyện Bình Sơn","48","Quảng Ngãi"
"7184","Xã Bình Chương","518","Huyện Bình Sơn","48","Quảng Ngãi"
"7185","Xã Bình Hiệp","518","Huyện Bình Sơn","48","Quảng Ngãi"
"7186","Xã Bình Mỹ","518","Huyện Bình Sơn","48","Quảng Ngãi"
"7187","Xã Bình Tân","518","Huyện Bình Sơn","48","Quảng Ngãi"
"7188","Xã Bình Châu","518","Huyện Bình Sơn","48","Quảng Ngãi"
"7189","Thị trấn Trà Xuân","527","Huyện Trà Bồng","48","Quảng Ngãi"
"7190","Xã Trà Giang","527","Huyện Trà Bồng","48","Quảng Ngãi"
"7191","Xã Trà Thủy","527","Huyện Trà Bồng","48","Quảng Ngãi"
"7192","Xã Trà Hiệp","527","Huyện Trà Bồng","48","Quảng Ngãi"
"7193","Xã Trà Bình","527","Huyện Trà Bồng","48","Quảng Ngãi"
"7194","Xã Trà Phú","527","Huyện Trà Bồng","48","Quảng Ngãi"
"7195","Xã Trà Lâm","527","Huyện Trà Bồng","48","Quảng Ngãi"
"7196","Xã Trà Tân","527","Huyện Trà Bồng","48","Quảng Ngãi"
"7197","Xã Trà Sơn","527","Huyện Trà Bồng","48","Quảng Ngãi"
"7198","Xã Trà Bùi","527","Huyện Trà Bồng","48","Quảng Ngãi"
"7199","Xã Trà Thanh","526","Huyện Tây Trà","48","Quảng Ngãi"
"7200","Xã Trà Khê","526","Huyện Tây Trà","48","Quảng Ngãi"
"7201","Xã Trà Quân","526","Huyện Tây Trà","48","Quảng Ngãi"
"7202","Xã Trà Phong","526","Huyện Tây Trà","48","Quảng Ngãi"
"7203","Xã Trà Lãnh","526","Huyện Tây Trà","48","Quảng Ngãi"
"7204","Xã Trà Nham","526","Huyện Tây Trà","48","Quảng Ngãi"
"7205","Xã Trà Xinh","526","Huyện Tây Trà","48","Quảng Ngãi"
"7206","Xã Trà Thọ","526","Huyện Tây Trà","48","Quảng Ngãi"
"7207","Xã Trà Trung","526","Huyện Tây Trà","48","Quảng Ngãi"
"7208","Phường Trương Quang Trọng","516","Thành phố Quảng Ngãi","48","Quảng Ngãi"
"7209","Xã Tịnh Thọ","525","Huyện Sơn Tịnh","48","Quảng Ngãi"
"7210","Xã Tịnh Trà","525","Huyện Sơn Tịnh","48","Quảng Ngãi"
"7211","Xã Tịnh Phong","525","Huyện Sơn Tịnh","48","Quảng Ngãi"
"7212","Xã Tịnh Hiệp","525","Huyện Sơn Tịnh","48","Quảng Ngãi"
"7213","Xã Tịnh Hòa","516","Thành phố Quảng Ngãi","48","Quảng Ngãi"
"7214","Xã Tịnh Kỳ","516","Thành phố Quảng Ngãi","48","Quảng Ngãi"
"7215","Xã Tịnh Bình","525","Huyện Sơn Tịnh","48","Quảng Ngãi"
"7216","Xã Tịnh Đông","525","Huyện Sơn Tịnh","48","Quảng Ngãi"
"7217","Xã Tịnh Thiện","516","Thành phố Quảng Ngãi","48","Quảng Ngãi"
"7218","Xã Tịnh Ấn Đông","516","Thành phố Quảng Ngãi","48","Quảng Ngãi"
"7219","Xã Tịnh Bắc","525","Huyện Sơn Tịnh","48","Quảng Ngãi"
"7220","Xã Tịnh Châu","516","Thành phố Quảng Ngãi","48","Quảng Ngãi"
"7221","Xã Tịnh Khê","516","Thành phố Quảng Ngãi","48","Quảng Ngãi"
"7222","Xã Tịnh Long","516","Thành phố Quảng Ngãi","48","Quảng Ngãi"
"7223","Xã Tịnh Sơn","525","Huyện Sơn Tịnh","48","Quảng Ngãi"
"7224","Xã Tịnh Hà","525","Huyện Sơn Tịnh","48","Quảng Ngãi"
"7225","Xã Tịnh Ấn Tây","516","Thành phố Quảng Ngãi","48","Quảng Ngãi"
"7226","Xã Tịnh Giang","525","Huyện Sơn Tịnh","48","Quảng Ngãi"
"7227","Xã Tịnh Minh","525","Huyện Sơn Tịnh","48","Quảng Ngãi"
"7228","Xã Tịnh An","516","Thành phố Quảng Ngãi","48","Quảng Ngãi"
"7229","Thị trấn La Hà","528","Huyện Tư Nghĩa","48","Quảng Ngãi"
"7230","Thị trấn Sông Vệ","528","Huyện Tư Nghĩa","48","Quảng Ngãi"
"7231","Xã Nghĩa Lâm","528","Huyện Tư Nghĩa","48","Quảng Ngãi"
"7232","Xã Nghĩa Thắng","528","Huyện Tư Nghĩa","48","Quảng Ngãi"
"7233","Xã Nghĩa Thuận","528","Huyện Tư Nghĩa","48","Quảng Ngãi"
"7234","Xã Nghĩa Kỳ","528","Huyện Tư Nghĩa","48","Quảng Ngãi"
"7235","Xã Nghĩa Phú","516","Thành phố Quảng Ngãi","48","Quảng Ngãi"
"7236","Xã Nghĩa Hà","516","Thành phố Quảng Ngãi","48","Quảng Ngãi"
"7237","Xã Nghĩa Sơn","528","Huyện Tư Nghĩa","48","Quảng Ngãi"
"7238","Xã Nghĩa An","516","Thành phố Quảng Ngãi","48","Quảng Ngãi"
"7239","Xã Nghĩa Thọ","528","Huyện Tư Nghĩa","48","Quảng Ngãi"
"7240","Xã Nghĩa Hòa","528","Huyện Tư Nghĩa","48","Quảng Ngãi"
"7241","Xã Nghĩa Điền","528","Huyện Tư Nghĩa","48","Quảng Ngãi"
"7242","Xã Nghĩa Thương","528","Huyện Tư Nghĩa","48","Quảng Ngãi"
"7243","Xã Nghĩa Trung","528","Huyện Tư Nghĩa","48","Quảng Ngãi"
"7244","Xã Nghĩa Hiệp","528","Huyện Tư Nghĩa","48","Quảng Ngãi"
"7245","Xã Nghĩa Phương","528","Huyện Tư Nghĩa","48","Quảng Ngãi"
"7246","Xã Nghĩa Mỹ","528","Huyện Tư Nghĩa","48","Quảng Ngãi"
"7247","Thị trấn Di Lăng","523","Huyện Sơn Hà","48","Quảng Ngãi"
"7248","Xã Sơn Hạ","523","Huyện Sơn Hà","48","Quảng Ngãi"
"7249","Xã Sơn Thành","523","Huyện Sơn Hà","48","Quảng Ngãi"
"7250","Xã Sơn Nham","523","Huyện Sơn Hà","48","Quảng Ngãi"
"7251","Xã Sơn Bao","523","Huyện Sơn Hà","48","Quảng Ngãi"
"7252","Xã Sơn Linh","523","Huyện Sơn Hà","48","Quảng Ngãi"
"7253","Xã Sơn Giang","523","Huyện Sơn Hà","48","Quảng Ngãi"
"7254","Xã Sơn Trung","523","Huyện Sơn Hà","48","Quảng Ngãi"
"7255","Xã Sơn Thượng","523","Huyện Sơn Hà","48","Quảng Ngãi"
"7256","Xã Sơn Cao","523","Huyện Sơn Hà","48","Quảng Ngãi"
"7257","Xã Sơn Hải","523","Huyện Sơn Hà","48","Quảng Ngãi"
"7258","Xã Sơn Thủy","523","Huyện Sơn Hà","48","Quảng Ngãi"
"7259","Xã Sơn Kỳ","523","Huyện Sơn Hà","48","Quảng Ngãi"
"7260","Xã Sơn Ba","523","Huyện Sơn Hà","48","Quảng Ngãi"
"7261","Xã Sơn Bua","524","Huyện Sơn Tây","48","Quảng Ngãi"
"7262","Xã Sơn Mùa","524","Huyện Sơn Tây","48","Quảng Ngãi"
"7263","Xã Sơn Liên","524","Huyện Sơn Tây","48","Quảng Ngãi"
"7264","Xã Sơn Tân","524","Huyện Sơn Tây","48","Quảng Ngãi"
"7265","Xã Sơn Màu","524","Huyện Sơn Tây","48","Quảng Ngãi"
"7266","Xã Sơn Dung","524","Huyện Sơn Tây","48","Quảng Ngãi"
"7267","Xã Sơn Long","524","Huyện Sơn Tây","48","Quảng Ngãi"
"7268","Xã Sơn Tinh","524","Huyện Sơn Tây","48","Quảng Ngãi"
"7269","Xã Sơn Lập","524","Huyện Sơn Tây","48","Quảng Ngãi"
"7270","Xã Long Sơn","520","Huyện Minh Long","48","Quảng Ngãi"
"7271","Xã Long Mai","520","Huyện Minh Long","48","Quảng Ngãi"
"7272","Xã Thanh An","520","Huyện Minh Long","48","Quảng Ngãi"
"7273","Xã Long Môn","520","Huyện Minh Long","48","Quảng Ngãi"
"7274","Xã Long Hiệp","520","Huyện Minh Long","48","Quảng Ngãi"
"7275","Thị trấn Chợ Chùa","522","Huyện Nghĩa Hành","48","Quảng Ngãi"
"7276","Xã Hành Thuận","522","Huyện Nghĩa Hành","48","Quảng Ngãi"
"7277","Xã Hành Dũng","522","Huyện Nghĩa Hành","48","Quảng Ngãi"
"7278","Xã Hành Trung","522","Huyện Nghĩa Hành","48","Quảng Ngãi"
"7279","Xã Hành Nhân","522","Huyện Nghĩa Hành","48","Quảng Ngãi"
"7280","Xã Hành Đức","522","Huyện Nghĩa Hành","48","Quảng Ngãi"
"7281","Xã Hành Minh","522","Huyện Nghĩa Hành","48","Quảng Ngãi"
"7282","Xã Hành Phước","522","Huyện Nghĩa Hành","48","Quảng Ngãi"
"7283","Xã Hành Thiện","522","Huyện Nghĩa Hành","48","Quảng Ngãi"
"7284","Xã Hành Thịnh","522","Huyện Nghĩa Hành","48","Quảng Ngãi"
"7285","Xã Hành Tín Tây","522","Huyện Nghĩa Hành","48","Quảng Ngãi"
"7286","Xã Hành Tín Đông","522","Huyện Nghĩa Hành","48","Quảng Ngãi"
"7287","Thị trấn Mộ Đức","521","Huyện Mộ Đức","48","Quảng Ngãi"
"7288","Xã Đức Lợi","521","Huyện Mộ Đức","48","Quảng Ngãi"
"7289","Xã Đức Thắng","521","Huyện Mộ Đức","48","Quảng Ngãi"
"7290","Xã Đức Nhuận","521","Huyện Mộ Đức","48","Quảng Ngãi"
"7291","Xã Đức Chánh","521","Huyện Mộ Đức","48","Quảng Ngãi"
"7292","Xã Đức Hiệp","521","Huyện Mộ Đức","48","Quảng Ngãi"
"7293","Xã Đức Minh","521","Huyện Mộ Đức","48","Quảng Ngãi"
"7294","Xã Đức Thạnh","521","Huyện Mộ Đức","48","Quảng Ngãi"
"7295","Xã Đức Hòa","521","Huyện Mộ Đức","48","Quảng Ngãi"
"7296","Xã Đức Tân","521","Huyện Mộ Đức","48","Quảng Ngãi"
"7297","Xã Đức Phú","521","Huyện Mộ Đức","48","Quảng Ngãi"
"7298","Xã Đức Phong","521","Huyện Mộ Đức","48","Quảng Ngãi"
"7299","Xã Đức Lân","521","Huyện Mộ Đức","48","Quảng Ngãi"
"7300","Thị trấn Đức Phổ","519","Thị xã Đức Phổ","48","Quảng Ngãi"
"7301","Xã Phổ An","519","Thị xã Đức Phổ","48","Quảng Ngãi"
"7302","Xã Phổ Phong","519","Thị xã Đức Phổ","48","Quảng Ngãi"
"7303","Xã Phổ Thuận","519","Thị xã Đức Phổ","48","Quảng Ngãi"
"7304","Phường Phổ Văn","519","Thị xã Đức Phổ","48","Quảng Ngãi"
"7305","Phường Phổ Quang","519","Thị xã Đức Phổ","48","Quảng Ngãi"
"7306","Xã Phổ Nhơn","519","Thị xã Đức Phổ","48","Quảng Ngãi"
"7307","Phường Phổ Ninh","519","Thị xã Đức Phổ","48","Quảng Ngãi"
"7308","Phường Phổ Minh","519","Thị xã Đức Phổ","48","Quảng Ngãi"
"7309","Phường Phổ Vinh","519","Thị xã Đức Phổ","48","Quảng Ngãi"
"7310","Phường Phổ Hòa","519","Thị xã Đức Phổ","48","Quảng Ngãi"
"7311","Xã Phổ Cường","519","Thị xã Đức Phổ","48","Quảng Ngãi"
"7312","Xã Phổ Khánh","519","Thị xã Đức Phổ","48","Quảng Ngãi"
"7313","Phường Phổ Thạnh","519","Thị xã Đức Phổ","48","Quảng Ngãi"
"7314","Xã Phổ Châu","519","Thị xã Đức Phổ","48","Quảng Ngãi"
"7315","Thị trấn Ba Tơ","517","Huyện Ba Tơ","48","Quảng Ngãi"
"7316","Xã Ba Điền","517","Huyện Ba Tơ","48","Quảng Ngãi"
"7317","Xã Ba Vinh","517","Huyện Ba Tơ","48","Quảng Ngãi"
"7318","Xã Ba Thành","517","Huyện Ba Tơ","48","Quảng Ngãi"
"7319","Xã Ba Động","517","Huyện Ba Tơ","48","Quảng Ngãi"
"7320","Xã Ba Dinh","517","Huyện Ba Tơ","48","Quảng Ngãi"
"7321","Xã Ba Giang","517","Huyện Ba Tơ","48","Quảng Ngãi"
"7322","Xã Ba Liên","517","Huyện Ba Tơ","48","Quảng Ngãi"
"7323","Xã Ba Ngạc","517","Huyện Ba Tơ","48","Quảng Ngãi"
"7324","Xã Ba Khâm","517","Huyện Ba Tơ","48","Quảng Ngãi"
"7325","Xã Ba Cung","517","Huyện Ba Tơ","48","Quảng Ngãi"
"7326","Xã Ba Chùa","517","Huyện Ba Tơ","48","Quảng Ngãi"
"7327","Xã Ba Tiêu","517","Huyện Ba Tơ","48","Quảng Ngãi"
"7328","Xã Ba Trang","517","Huyện Ba Tơ","48","Quảng Ngãi"
"7329","Xã Ba Tô","517","Huyện Ba Tơ","48","Quảng Ngãi"
"7330","Xã Ba Bích","517","Huyện Ba Tơ","48","Quảng Ngãi"
"7331","Xã Ba Vì","517","Huyện Ba Tơ","48","Quảng Ngãi"
"7332","Xã Ba Lế","517","Huyện Ba Tơ","48","Quảng Ngãi"
"7333","Xã Ba Nam","517","Huyện Ba Tơ","48","Quảng Ngãi"
"7334","Xã Ba Xa","517","Huyện Ba Tơ","48","Quảng Ngãi"
"7335","Xã An Vĩnh","529","Huyện đảo Lý Sơn","48","Quảng Ngãi"
"7336","Xã An Hải","529","Huyện đảo Lý Sơn","48","Quảng Ngãi"
"7337","Xã An Bình","529","Huyện đảo Lý Sơn","48","Quảng Ngãi"
"7338","Phường Nhơn Bình","121","Thành phố Quy Nhơn","11","Bình Định"
"7339","Phường Nhơn Phú","121","Thành phố Quy Nhơn","11","Bình Định"
"7340","Phường Đống Đa","121","Thành phố Quy Nhơn","11","Bình Định"
"7341","Phường Trần Quang Diệu","121","Thành phố Quy Nhơn","11","Bình Định"
"7342","Phường Hải Cảng","121","Thành phố Quy Nhơn","11","Bình Định"
"7343","Phường Quang Trung","121","Thành phố Quy Nhơn","11","Bình Định"
"7344","Phường Thị Nại","121","Thành phố Quy Nhơn","11","Bình Định"
"7345","Phường Lê Hồng Phong","121","Thành phố Quy Nhơn","11","Bình Định"
"7346","Phường Trần Hưng Đạo","121","Thành phố Quy Nhơn","11","Bình Định"
"7347","Phường Ngô Mây","121","Thành phố Quy Nhơn","11","Bình Định"
"7348","Phường Lý Thường Kiệt","121","Thành phố Quy Nhơn","11","Bình Định"
"7349","Phường Lê Lợi","121","Thành phố Quy Nhơn","11","Bình Định"
"7350","Phường Trần Phú","121","Thành phố Quy Nhơn","11","Bình Định"
"7351","Phường Bùi Thị Xuân","121","Thành phố Quy Nhơn","11","Bình Định"
"7352","Phường Nguyễn Văn Cừ","121","Thành phố Quy Nhơn","11","Bình Định"
"7353","Phường Ghềnh Ráng","121","Thành phố Quy Nhơn","11","Bình Định"
"7354","Xã Nhơn Lý","121","Thành phố Quy Nhơn","11","Bình Định"
"7355","Xã Nhơn Hội","121","Thành phố Quy Nhơn","11","Bình Định"
"7356","Xã Nhơn Hải","121","Thành phố Quy Nhơn","11","Bình Định"
"7357","Xã Nhơn Châu","121","Thành phố Quy Nhơn","11","Bình Định"
"7358","Thị trấn An Lão","122","Huyện An Lão","11","Bình Định"
"7359","Xã An Hưng","122","Huyện An Lão","11","Bình Định"
"7360","Xã An Trung","122","Huyện An Lão","11","Bình Định"
"7361","Xã An Dũng","122","Huyện An Lão","11","Bình Định"
"7362","Xã An Vinh","122","Huyện An Lão","11","Bình Định"
"7363","Xã An Toàn","122","Huyện An Lão","11","Bình Định"
"7364","Xã An Tân","122","Huyện An Lão","11","Bình Định"
"7365","Xã An Hòa","122","Huyện An Lão","11","Bình Định"
"7366","Xã An Quang","122","Huyện An Lão","11","Bình Định"
"7367","Xã An Nghĩa","122","Huyện An Lão","11","Bình Định"
"7368","Phường Tam Quan","125","Thị xã Hoài Nhơn","11","Bình Định"
"7369","Phường Bồng Sơn","125","Thị xã Hoài Nhơn","11","Bình Định"
"7370","Xã Hoài Sơn","125","Thị xã Hoài Nhơn","11","Bình Định"
"7371","Xã Hoài Châu Bắc","125","Thị xã Hoài Nhơn","11","Bình Định"
"7372","Xã Hoài Châu","125","Thị xã Hoài Nhơn","11","Bình Định"
"7373","Xã Hoài Phú","125","Thị xã Hoài Nhơn","11","Bình Định"
"7374","Phường Tam Quan Bắc","125","Thị xã Hoài Nhơn","11","Bình Định"
"7375","Phường Tam Quan Nam","125","Thị xã Hoài Nhơn","11","Bình Định"
"7376","Phường Hoài Hảo","125","Thị xã Hoài Nhơn","11","Bình Định"
"7377","Phường Hoài Thanh Tây","125","Thị xã Hoài Nhơn","11","Bình Định"
"7378","Phường Hoài Thanh","125","Thị xã Hoài Nhơn","11","Bình Định"
"7379","Phường Hoài Hương","125","Thị xã Hoài Nhơn","11","Bình Định"
"7380","Phường Hoài Tân","125","Thị xã Hoài Nhơn","11","Bình Định"
"7381","Xã Hoài Hải","125","Thị xã Hoài Nhơn","11","Bình Định"
"7382","Phường Hoài Xuân","125","Thị xã Hoài Nhơn","11","Bình Định"
"7383","Xã Hoài Mỹ","125","Thị xã Hoài Nhơn","11","Bình Định"
"7384","Phường Hoài Đức","125","Thị xã Hoài Nhơn","11","Bình Định"
"7385","Thị trấn Tăng Bạt Hổ","124","Huyện Hoài Ân","11","Bình Định"
"7386","Xã Ân Hảo Tây","124","Huyện Hoài Ân","11","Bình Định"
"7387","Xã Ân Hảo Đông","124","Huyện Hoài Ân","11","Bình Định"
"7388","Xã Ân Sơn","124","Huyện Hoài Ân","11","Bình Định"
"7389","Xã Ân Mỹ","124","Huyện Hoài Ân","11","Bình Định"
"7390","Xã Đak Mang","124","Huyện Hoài Ân","11","Bình Định"
"7391","Xã Ân Tín","124","Huyện Hoài Ân","11","Bình Định"
"7392","Xã Ân Thạnh","124","Huyện Hoài Ân","11","Bình Định"
"7393","Xã Ân Phong","124","Huyện Hoài Ân","11","Bình Định"
"7394","Xã Ân Đức","124","Huyện Hoài Ân","11","Bình Định"
"7395","Xã Ân Hữu","124","Huyện Hoài Ân","11","Bình Định"
"7396","Xã Bok Tới","124","Huyện Hoài Ân","11","Bình Định"
"7397","Xã Ân Tường Tây","124","Huyện Hoài Ân","11","Bình Định"
"7398","Xã Ân Tường Đông","124","Huyện Hoài Ân","11","Bình Định"
"7399","Xã Ân Nghĩa","124","Huyện Hoài Ân","11","Bình Định"
"7400","Thị trấn Phù Mỹ","127","Huyện Phù Mỹ","11","Bình Định"
"7401","Thị trấn Bình Dương","127","Huyện Phù Mỹ","11","Bình Định"
"7402","Xã Mỹ Đức","127","Huyện Phù Mỹ","11","Bình Định"
"7403","Xã Mỹ Châu","127","Huyện Phù Mỹ","11","Bình Định"
"7404","Xã Mỹ Thắng","127","Huyện Phù Mỹ","11","Bình Định"
"7405","Xã Mỹ Lộc","127","Huyện Phù Mỹ","11","Bình Định"
"7406","Xã Mỹ Lợi","127","Huyện Phù Mỹ","11","Bình Định"
"7407","Xã Mỹ An","127","Huyện Phù Mỹ","11","Bình Định"
"7408","Xã Mỹ Phong","127","Huyện Phù Mỹ","11","Bình Định"
"7409","Xã Mỹ Trinh","127","Huyện Phù Mỹ","11","Bình Định"
"7410","Xã Mỹ Thọ","127","Huyện Phù Mỹ","11","Bình Định"
"7411","Xã Mỹ Hòa","127","Huyện Phù Mỹ","11","Bình Định"
"7412","Xã Mỹ Thành","127","Huyện Phù Mỹ","11","Bình Định"
"7413","Xã Mỹ Chánh","127","Huyện Phù Mỹ","11","Bình Định"
"7414","Xã Mỹ Quang","127","Huyện Phù Mỹ","11","Bình Định"
"7415","Xã Mỹ Hiệp","127","Huyện Phù Mỹ","11","Bình Định"
"7416","Xã Mỹ Tài","127","Huyện Phù Mỹ","11","Bình Định"
"7417","Xã Mỹ Cát","127","Huyện Phù Mỹ","11","Bình Định"
"7418","Xã Mỹ Chánh Tây","127","Huyện Phù Mỹ","11","Bình Định"
"7419","Thị trấn Vĩnh Thạnh","131","Huyện Vĩnh Thạnh","11","Bình Định"
"7420","Xã Vĩnh Sơn","131","Huyện Vĩnh Thạnh","11","Bình Định"
"7421","Xã Vĩnh Kim","131","Huyện Vĩnh Thạnh","11","Bình Định"
"7422","Xã Vĩnh Hiệp","131","Huyện Vĩnh Thạnh","11","Bình Định"
"7423","Xã Vĩnh Hảo","131","Huyện Vĩnh Thạnh","11","Bình Định"
"7424","Xã Vĩnh Hòa","131","Huyện Vĩnh Thạnh","11","Bình Định"
"7425","Xã Vĩnh Thịnh","131","Huyện Vĩnh Thạnh","11","Bình Định"
"7426","Xã Vĩnh Thuận","131","Huyện Vĩnh Thạnh","11","Bình Định"
"7427","Xã Vĩnh Quang","131","Huyện Vĩnh Thạnh","11","Bình Định"
"7428","Thị trấn Phú Phong","129","Huyện Tây Sơn","11","Bình Định"
"7429","Xã Bình Tân","129","Huyện Tây Sơn","11","Bình Định"
"7430","Xã Tây Thuận","129","Huyện Tây Sơn","11","Bình Định"
"7431","Xã Bình Thuận","129","Huyện Tây Sơn","11","Bình Định"
"7432","Xã Tây Giang","129","Huyện Tây Sơn","11","Bình Định"
"7433","Xã Bình Thành","129","Huyện Tây Sơn","11","Bình Định"
"7434","Xã Tây An","129","Huyện Tây Sơn","11","Bình Định"
"7435","Xã Bình Hòa","129","Huyện Tây Sơn","11","Bình Định"
"7436","Xã Tây Bình","129","Huyện Tây Sơn","11","Bình Định"
"7437","Xã Bình Tường","129","Huyện Tây Sơn","11","Bình Định"
"7438","Xã Tây Vinh","129","Huyện Tây Sơn","11","Bình Định"
"7439","Xã Vĩnh An","129","Huyện Tây Sơn","11","Bình Định"
"7440","Xã Tây Xuân","129","Huyện Tây Sơn","11","Bình Định"
"7441","Xã Bình Nghi","129","Huyện Tây Sơn","11","Bình Định"
"7442","Xã Tây Phú","129","Huyện Tây Sơn","11","Bình Định"
"7443","Thị trấn Ngô Mây","126","Huyện Phù Cát","11","Bình Định"
"7444","Xã Cát Sơn","126","Huyện Phù Cát","11","Bình Định"
"7445","Xã Cát Minh","126","Huyện Phù Cát","11","Bình Định"
"7446","Xã Cát Khánh","126","Huyện Phù Cát","11","Bình Định"
"7447","Xã Cát Tài","126","Huyện Phù Cát","11","Bình Định"
"7448","Xã Cát Lâm","126","Huyện Phù Cát","11","Bình Định"
"7449","Xã Cát Hanh","126","Huyện Phù Cát","11","Bình Định"
"7450","Xã Cát Thành","126","Huyện Phù Cát","11","Bình Định"
"7451","Xã Cát Trinh","126","Huyện Phù Cát","11","Bình Định"
"7452","Xã Cát Hải","126","Huyện Phù Cát","11","Bình Định"
"7453","Xã Cát Hiệp","126","Huyện Phù Cát","11","Bình Định"
"7454","Xã Cát Nhơn","126","Huyện Phù Cát","11","Bình Định"
"7455","Xã Cát Hưng","126","Huyện Phù Cát","11","Bình Định"
"7456","Xã Cát Tường","126","Huyện Phù Cát","11","Bình Định"
"7457","Xã Cát Tân","126","Huyện Phù Cát","11","Bình Định"
"7458","Thị trấn Cát Tiến","126","Huyện Phù Cát","11","Bình Định"
"7459","Xã Cát Thắng","126","Huyện Phù Cát","11","Bình Định"
"7460","Xã Cát Chánh","126","Huyện Phù Cát","11","Bình Định"
"7461","Phường Bình Định","123","Thị xã An Nhơn","11","Bình Định"
"7462","Phường Đập Đá","123","Thị xã An Nhơn","11","Bình Định"
"7463","Xã Nhơn Mỹ","123","Thị xã An Nhơn","11","Bình Định"
"7464","Phường Nhơn Thành","123","Thị xã An Nhơn","11","Bình Định"
"7465","Xã Nhơn Hạnh","123","Thị xã An Nhơn","11","Bình Định"
"7466","Xã Nhơn Hậu","123","Thị xã An Nhơn","11","Bình Định"
"7467","Xã Nhơn Phong","123","Thị xã An Nhơn","11","Bình Định"
"7468","Xã Nhơn An","123","Thị xã An Nhơn","11","Bình Định"
"7469","Xã Nhơn Phúc","123","Thị xã An Nhơn","11","Bình Định"
"7470","Phường Nhơn Hưng","123","Thị xã An Nhơn","11","Bình Định"
"7471","Xã Nhơn Khánh","123","Thị xã An Nhơn","11","Bình Định"
"7472","Xã Nhơn Lộc","123","Thị xã An Nhơn","11","Bình Định"
"7473","Phường Nhơn Hòa","123","Thị xã An Nhơn","11","Bình Định"
"7474","Xã Nhơn Tân","123","Thị xã An Nhơn","11","Bình Định"
"7475","Xã Nhơn Thọ","123","Thị xã An Nhơn","11","Bình Định"
"7476","Thị trấn Tuy Phước","128","Huyện Tuy Phước","11","Bình Định"
"7477","Thị trấn Diêu Trì","128","Huyện Tuy Phước","11","Bình Định"
"7478","Xã Phước Thắng","128","Huyện Tuy Phước","11","Bình Định"
"7479","Xã Phước Hưng","128","Huyện Tuy Phước","11","Bình Định"
"7480","Xã Phước Quang","128","Huyện Tuy Phước","11","Bình Định"
"7481","Xã Phước Hòa","128","Huyện Tuy Phước","11","Bình Định"
"7482","Xã Phước Sơn","128","Huyện Tuy Phước","11","Bình Định"
"7483","Xã Phước Hiệp","128","Huyện Tuy Phước","11","Bình Định"
"7484","Xã Phước Lộc","128","Huyện Tuy Phước","11","Bình Định"
"7485","Xã Phước Nghĩa","128","Huyện Tuy Phước","11","Bình Định"
"7486","Xã Phước Thuận","128","Huyện Tuy Phước","11","Bình Định"
"7487","Xã Phước An","128","Huyện Tuy Phước","11","Bình Định"
"7488","Xã Phước Thành","128","Huyện Tuy Phước","11","Bình Định"
"7489","Xã Phước Mỹ","121","Thành phố Quy Nhơn","11","Bình Định"
"7490","Thị trấn Vân Canh","130","Huyện Vân Canh","11","Bình Định"
"7491","Xã Canh Liên","130","Huyện Vân Canh","11","Bình Định"
"7492","Xã Canh Hiệp","130","Huyện Vân Canh","11","Bình Định"
"7493","Xã Canh Vinh","130","Huyện Vân Canh","11","Bình Định"
"7494","Xã Canh Hiển","130","Huyện Vân Canh","11","Bình Định"
"7495","Xã Canh Thuận","130","Huyện Vân Canh","11","Bình Định"
"7496","Xã Canh Hòa","130","Huyện Vân Canh","11","Bình Định"
"7497","Phường 1","482","Thành phố Tuy Hòa","45","Phú Yên"
"7498","Phường 8","482","Thành phố Tuy Hòa","45","Phú Yên"
"7499","Phường 2","482","Thành phố Tuy Hòa","45","Phú Yên"
"7500","Phường 9","482","Thành phố Tuy Hòa","45","Phú Yên"
"7501","Phường 3","482","Thành phố Tuy Hòa","45","Phú Yên"
"7502","Phường 4","482","Thành phố Tuy Hòa","45","Phú Yên"
"7503","Phường 5","482","Thành phố Tuy Hòa","45","Phú Yên"
"7504","Phường 7","482","Thành phố Tuy Hòa","45","Phú Yên"
"7505","Phường 6","482","Thành phố Tuy Hòa","45","Phú Yên"
"7506","Phường Phú Thạnh","482","Thành phố Tuy Hòa","45","Phú Yên"
"7507","Phường Phú Đông","482","Thành phố Tuy Hòa","45","Phú Yên"
"7508","Xã Hòa Kiến","482","Thành phố Tuy Hòa","45","Phú Yên"
"7509","Xã Bình Kiến","482","Thành phố Tuy Hòa","45","Phú Yên"
"7510","Xã Bình Ngọc","482","Thành phố Tuy Hòa","45","Phú Yên"
"7511","Phường Xuân Phú","483","Thị xã Sông Cầu","45","Phú Yên"
"7512","Xã Xuân Lâm","483","Thị xã Sông Cầu","45","Phú Yên"
"7513","Phường Xuân Thành","483","Thị xã Sông Cầu","45","Phú Yên"
"7514","Xã Xuân Hải","483","Thị xã Sông Cầu","45","Phú Yên"
"7515","Xã Xuân Lộc","483","Thị xã Sông Cầu","45","Phú Yên"
"7516","Xã Xuân Bình","483","Thị xã Sông Cầu","45","Phú Yên"
"7517","Xã Xuân Hòa","483","Thị xã Sông Cầu","45","Phú Yên"
"7518","Xã Xuân Cảnh","483","Thị xã Sông Cầu","45","Phú Yên"
"7519","Xã Xuân Thịnh","483","Thị xã Sông Cầu","45","Phú Yên"
"7520","Xã Xuân Phương","483","Thị xã Sông Cầu","45","Phú Yên"
"7521","Phường Xuân Yên","483","Thị xã Sông Cầu","45","Phú Yên"
"7522","Xã Xuân Thọ 1","483","Thị xã Sông Cầu","45","Phú Yên"
"7523","Phường Xuân Đài","483","Thị xã Sông Cầu","45","Phú Yên"
"7524","Xã Xuân Thọ 2","483","Thị xã Sông Cầu","45","Phú Yên"
"7525","Thị trấn La Hai","485","Huyện Đồng Xuân","45","Phú Yên"
"7526","Xã Đa Lộc","485","Huyện Đồng Xuân","45","Phú Yên"
"7527","Xã Phú Mỡ","485","Huyện Đồng Xuân","45","Phú Yên"
"7528","Xã Xuân Lãnh","485","Huyện Đồng Xuân","45","Phú Yên"
"7529","Xã Xuân Long","485","Huyện Đồng Xuân","45","Phú Yên"
"7530","Xã Xuân Quang 1","485","Huyện Đồng Xuân","45","Phú Yên"
"7531","Xã Xuân Sơn Bắc","485","Huyện Đồng Xuân","45","Phú Yên"
"7532","Xã Xuân Quang 2","485","Huyện Đồng Xuân","45","Phú Yên"
"7533","Xã Xuân Sơn Nam","485","Huyện Đồng Xuân","45","Phú Yên"
"7534","Xã Xuân Quang 3","485","Huyện Đồng Xuân","45","Phú Yên"
"7535","Xã Xuân Phước","485","Huyện Đồng Xuân","45","Phú Yên"
"7536","Thị trấn Chí Thạnh","490","Huyện Tuy An","45","Phú Yên"
"7537","Xã An Dân","490","Huyện Tuy An","45","Phú Yên"
"7538","Xã An Ninh Tây","490","Huyện Tuy An","45","Phú Yên"
"7539","Xã An Ninh Đông","490","Huyện Tuy An","45","Phú Yên"
"7540","Xã An Thạch","490","Huyện Tuy An","45","Phú Yên"
"7541","Xã An Định","490","Huyện Tuy An","45","Phú Yên"
"7542","Xã An Nghiệp","490","Huyện Tuy An","45","Phú Yên"
"7543","Xã An Hải","490","Huyện Tuy An","45","Phú Yên"
"7544","Xã An Cư","490","Huyện Tuy An","45","Phú Yên"
"7545","Xã An Xuân","490","Huyện Tuy An","45","Phú Yên"
"7546","Xã An Lĩnh","490","Huyện Tuy An","45","Phú Yên"
"7547","Xã An Hòa","490","Huyện Tuy An","45","Phú Yên"
"7548","Xã An Hiệp","490","Huyện Tuy An","45","Phú Yên"
"7549","Xã An Mỹ","490","Huyện Tuy An","45","Phú Yên"
"7550","Xã An Chấn","490","Huyện Tuy An","45","Phú Yên"
"7551","Xã An Thọ","490","Huyện Tuy An","45","Phú Yên"
"7552","Xã An Phú","482","Thành phố Tuy Hòa","45","Phú Yên"
"7553","Thị trấn Củng Sơn","487","Huyện Sơn Hòa","45","Phú Yên"
"7554","Xã Phước Tân","487","Huyện Sơn Hòa","45","Phú Yên"
"7555","Xã Sơn Hội","487","Huyện Sơn Hòa","45","Phú Yên"
"7556","Xã Sơn Định","487","Huyện Sơn Hòa","45","Phú Yên"
"7557","Xã Sơn Long","487","Huyện Sơn Hòa","45","Phú Yên"
"7558","Xã Cà Lúi","487","Huyện Sơn Hòa","45","Phú Yên"
"7559","Xã Sơn Phước","487","Huyện Sơn Hòa","45","Phú Yên"
"7560","Xã Sơn Xuân","487","Huyện Sơn Hòa","45","Phú Yên"
"7561","Xã Sơn Nguyên","487","Huyện Sơn Hòa","45","Phú Yên"
"7562","Xã Eachà Rang","487","Huyện Sơn Hòa","45","Phú Yên"
"7563","Xã Krông Pa","487","Huyện Sơn Hòa","45","Phú Yên"
"7564","Xã Suối Bạc","487","Huyện Sơn Hòa","45","Phú Yên"
"7565","Xã Sơn Hà","487","Huyện Sơn Hòa","45","Phú Yên"
"7566","Xã Suối Trai","487","Huyện Sơn Hòa","45","Phú Yên"
"7567","Thị trấn Hai Riêng","488","Huyện Sông Hinh","45","Phú Yên"
"7568","Xã Ea Lâm","488","Huyện Sông Hinh","45","Phú Yên"
"7569","Xã Đức Bình Tây","488","Huyện Sông Hinh","45","Phú Yên"
"7570","Xã Ea Bá","488","Huyện Sông Hinh","45","Phú Yên"
"7571","Xã Sơn Giang","488","Huyện Sông Hinh","45","Phú Yên"
"7572","Xã Đức Bình Đông","488","Huyện Sông Hinh","45","Phú Yên"
"7573","Xã EaBar","488","Huyện Sông Hinh","45","Phú Yên"
"7574","Xã EaBia","488","Huyện Sông Hinh","45","Phú Yên"
"7575","Xã EaTrol","488","Huyện Sông Hinh","45","Phú Yên"
"7576","Xã Sông Hinh","488","Huyện Sông Hinh","45","Phú Yên"
"7577","Xã Ealy","488","Huyện Sông Hinh","45","Phú Yên"
"7578","Phường Phú Lâm","482","Thành phố Tuy Hòa","45","Phú Yên"
"7579","Xã Hòa Thành","484","Thị xã Đông Hòa","45","Phú Yên"
"7580","Xã Hòa Hiệp Bắc","484","Thị xã Đông Hòa","45","Phú Yên"
"7581","Xã Sơn Thành Tây","489","Huyện Tây Hòa","45","Phú Yên"
"7582","Xã Sơn Thành Đông","489","Huyện Tây Hòa","45","Phú Yên"
"7583","Xã Hòa Bình 1","489","Huyện Tây Hòa","45","Phú Yên"
"7584","Thị trấn Phú Thứ","489","Huyện Tây Hòa","45","Phú Yên"
"7585","Phường Hòa Vinh","484","Thị xã Đông Hòa","45","Phú Yên"
"7586","Phường Hòa Hiệp Trung","484","Thị xã Đông Hòa","45","Phú Yên"
"7587","Xã Hòa Phong","489","Huyện Tây Hòa","45","Phú Yên"
"7588","Xã Hòa Tân Đông","484","Thị xã Đông Hòa","45","Phú Yên"
"7589","Xã Hòa Phú","489","Huyện Tây Hòa","45","Phú Yên"
"7590","Xã Hòa Tân Tây","489","Huyện Tây Hòa","45","Phú Yên"
"7591","Xã Hòa Đồng","489","Huyện Tây Hòa","45","Phú Yên"
"7592","Phường Hòa Xuân Tây","484","Thị xã Đông Hòa","45","Phú Yên"
"7593","Xã Hòa Hiệp Nam","484","Thị xã Đông Hòa","45","Phú Yên"
"7594","Xã Hòa Mỹ Đông","489","Huyện Tây Hòa","45","Phú Yên"
"7595","Xã Hòa Mỹ Tây","489","Huyện Tây Hòa","45","Phú Yên"
"7596","Xã Hòa Xuân Đông","484","Thị xã Đông Hòa","45","Phú Yên"
"7597","Xã Hòa Thịnh","489","Huyện Tây Hòa","45","Phú Yên"
"7598","Xã Hòa Tâm","484","Thị xã Đông Hòa","45","Phú Yên"
"7599","Xã Hòa Xuân Nam","484","Thị xã Đông Hòa","45","Phú Yên"
"7600","Xã Hòa Quang Bắc","486","Huyện Phú Hòa","45","Phú Yên"
"7601","Xã Hòa Quang Nam","486","Huyện Phú Hòa","45","Phú Yên"
"7602","Xã Hòa Hội","486","Huyện Phú Hòa","45","Phú Yên"
"7603","Xã Hòa Trị","486","Huyện Phú Hòa","45","Phú Yên"
"7604","Xã Hòa An","486","Huyện Phú Hòa","45","Phú Yên"
"7605","Xã Hòa Định Đông","486","Huyện Phú Hòa","45","Phú Yên"
"7606","Thị Trấn Phú Hòa","486","Huyện Phú Hòa","45","Phú Yên"
"7607","Xã Hòa Định Tây","486","Huyện Phú Hòa","45","Phú Yên"
"7608","Xã Hòa Thắng","486","Huyện Phú Hòa","45","Phú Yên"
"7609","Phường Vĩnh Hòa","348","Thành phố Nha Trang","32","Khánh Hòa"
"7610","Phường Vĩnh Hải","348","Thành phố Nha Trang","32","Khánh Hòa"
"7611","Phường Vĩnh Phước","348","Thành phố Nha Trang","32","Khánh Hòa"
"7612","Phường Ngọc Hiệp","348","Thành phố Nha Trang","32","Khánh Hòa"
"7613","Phường Vĩnh Thọ","348","Thành phố Nha Trang","32","Khánh Hòa"
"7614","Phường Xương Huân","348","Thành phố Nha Trang","32","Khánh Hòa"
"7615","Phường Vạn Thắng","348","Thành phố Nha Trang","32","Khánh Hòa"
"7616","Phường Vạn Thạnh","348","Thành phố Nha Trang","32","Khánh Hòa"
"7617","Phường Phương Sài","348","Thành phố Nha Trang","32","Khánh Hòa"
"7618","Phường Phương Sơn","348","Thành phố Nha Trang","32","Khánh Hòa"
"7619","Phường Phước Hải","348","Thành phố Nha Trang","32","Khánh Hòa"
"7620","Phường Phước Tân","348","Thành phố Nha Trang","32","Khánh Hòa"
"7621","Phường Lộc Thọ","348","Thành phố Nha Trang","32","Khánh Hòa"
"7622","Phường Phước Tiến","348","Thành phố Nha Trang","32","Khánh Hòa"
"7623","Phường Tân Lập","348","Thành phố Nha Trang","32","Khánh Hòa"
"7624","Phường Phước Hòa","348","Thành phố Nha Trang","32","Khánh Hòa"
"7625","Phường Vĩnh Nguyên","348","Thành phố Nha Trang","32","Khánh Hòa"
"7626","Phường Phước Long","348","Thành phố Nha Trang","32","Khánh Hòa"
"7627","Phường Vĩnh Trường","348","Thành phố Nha Trang","32","Khánh Hòa"
"7628","Xã Vĩnh Lương","348","Thành phố Nha Trang","32","Khánh Hòa"
"7629","Xã Vĩnh Phương","348","Thành phố Nha Trang","32","Khánh Hòa"
"7630","Xã Vĩnh Ngọc","348","Thành phố Nha Trang","32","Khánh Hòa"
"7631","Xã Vĩnh Thạnh","348","Thành phố Nha Trang","32","Khánh Hòa"
"7632","Xã Vĩnh Trung","348","Thành phố Nha Trang","32","Khánh Hòa"
"7633","Xã Vĩnh Hiệp","348","Thành phố Nha Trang","32","Khánh Hòa"
"7634","Xã Vĩnh Thái","348","Thành phố Nha Trang","32","Khánh Hòa"
"7635","Xã Phước Đồng","348","Thành phố Nha Trang","32","Khánh Hòa"
"7636","Phường Cam Nghĩa","349","Thành phố Cam Ranh","32","Khánh Hòa"
"7637","Phường Cam Phúc Bắc","349","Thành phố Cam Ranh","32","Khánh Hòa"
"7638","Phường Cam Phúc Nam","349","Thành phố Cam Ranh","32","Khánh Hòa"
"7639","Phường Cam Lộc","349","Thành phố Cam Ranh","32","Khánh Hòa"
"7640","Phường Cam Phú","349","Thành phố Cam Ranh","32","Khánh Hòa"
"7641","Phường Ba Ngòi","349","Thành phố Cam Ranh","32","Khánh Hòa"
"7642","Phường Cam Thuận","349","Thành phố Cam Ranh","32","Khánh Hòa"
"7643","Phường Cam Lợi","349","Thành phố Cam Ranh","32","Khánh Hòa"
"7644","Phường Cam Linh","349","Thành phố Cam Ranh","32","Khánh Hòa"
"7645","Xã Cam Tân","355","Huyện Cam Lâm","32","Khánh Hòa"
"7646","Xã Cam Hòa","355","Huyện Cam Lâm","32","Khánh Hòa"
"7647","Xã Cam Hải Đông","355","Huyện Cam Lâm","32","Khánh Hòa"
"7648","Xã Cam Hải Tây","355","Huyện Cam Lâm","32","Khánh Hòa"
"7649","Xã Sơn Tân","355","Huyện Cam Lâm","32","Khánh Hòa"
"7650","Xã Cam Hiệp Bắc","355","Huyện Cam Lâm","32","Khánh Hòa"
"7651","Thị trấn Cam Đức","355","Huyện Cam Lâm","32","Khánh Hòa"
"7652","Xã Cam Hiệp Nam","355","Huyện Cam Lâm","32","Khánh Hòa"
"7653","Xã Cam Phước Tây","355","Huyện Cam Lâm","32","Khánh Hòa"
"7654","Xã Cam Thành Bắc","355","Huyện Cam Lâm","32","Khánh Hòa"
"7655","Xã Cam An Bắc","355","Huyện Cam Lâm","32","Khánh Hòa"
"7656","Xã Cam Thành Nam","349","Thành phố Cam Ranh","32","Khánh Hòa"
"7657","Xã Cam An Nam","355","Huyện Cam Lâm","32","Khánh Hòa"
"7658","Xã Cam Phước Đông","349","Thành phố Cam Ranh","32","Khánh Hòa"
"7659","Xã Cam Thịnh Tây","349","Thành phố Cam Ranh","32","Khánh Hòa"
"7660","Xã Cam Thịnh Đông","349","Thành phố Cam Ranh","32","Khánh Hòa"
"7661","Xã Cam Lập","349","Thành phố Cam Ranh","32","Khánh Hòa"
"7662","Xã Cam Bình","349","Thành phố Cam Ranh","32","Khánh Hòa"
"7663","Thị trấn Vạn Giã","350","Huyện Vạn Ninh","32","Khánh Hòa"
"7664","Xã Đại Lãnh","350","Huyện Vạn Ninh","32","Khánh Hòa"
"7665","Xã Vạn Phước","350","Huyện Vạn Ninh","32","Khánh Hòa"
"7666","Xã Vạn Long","350","Huyện Vạn Ninh","32","Khánh Hòa"
"7667","Xã Vạn Bình","350","Huyện Vạn Ninh","32","Khánh Hòa"
"7668","Xã Vạn Thọ","350","Huyện Vạn Ninh","32","Khánh Hòa"
"7669","Xã Vạn Khánh","350","Huyện Vạn Ninh","32","Khánh Hòa"
"7670","Xã Vạn Phú","350","Huyện Vạn Ninh","32","Khánh Hòa"
"7671","Xã Vạn Lương","350","Huyện Vạn Ninh","32","Khánh Hòa"
"7672","Xã Vạn Thắng","350","Huyện Vạn Ninh","32","Khánh Hòa"
"7673","Xã Vạn Thạnh","350","Huyện Vạn Ninh","32","Khánh Hòa"
"7674","Xã Xuân Sơn","350","Huyện Vạn Ninh","32","Khánh Hòa"
"7675","Xã Vạn Hưng","350","Huyện Vạn Ninh","32","Khánh Hòa"
"7676","Phường Ninh Hiệp","351","Thị xã Ninh Hòa","32","Khánh Hòa"
"7677","Xã Ninh Sơn","351","Thị xã Ninh Hòa","32","Khánh Hòa"
"7678","Xã Ninh Tây","351","Thị xã Ninh Hòa","32","Khánh Hòa"
"7679","Xã Ninh Thượng","351","Thị xã Ninh Hòa","32","Khánh Hòa"
"7680","Xã Ninh An","351","Thị xã Ninh Hòa","32","Khánh Hòa"
"7681","Phường Ninh Hải","351","Thị xã Ninh Hòa","32","Khánh Hòa"
"7682","Xã Ninh Thọ","351","Thị xã Ninh Hòa","32","Khánh Hòa"
"7683","Xã Ninh Trung","351","Thị xã Ninh Hòa","32","Khánh Hòa"
"7684","Xã Ninh Sim","351","Thị xã Ninh Hòa","32","Khánh Hòa"
"7685","Xã Ninh Xuân","351","Thị xã Ninh Hòa","32","Khánh Hòa"
"7686","Xã Ninh Thân","351","Thị xã Ninh Hòa","32","Khánh Hòa"
"7687","Phường Ninh Diêm","351","Thị xã Ninh Hòa","32","Khánh Hòa"
"7688","Xã Ninh Đông","351","Thị xã Ninh Hòa","32","Khánh Hòa"
"7689","Phường Ninh Thủy","351","Thị xã Ninh Hòa","32","Khánh Hòa"
"7690","Phường Ninh Đa","351","Thị xã Ninh Hòa","32","Khánh Hòa"
"7691","Xã Ninh Phụng","351","Thị xã Ninh Hòa","32","Khánh Hòa"
"7692","Xã Ninh Bình","351","Thị xã Ninh Hòa","32","Khánh Hòa"
"7693","Xã Ninh Phước","351","Thị xã Ninh Hòa","32","Khánh Hòa"
"7694","Xã Ninh Phú","351","Thị xã Ninh Hòa","32","Khánh Hòa"
"7695","Xã Ninh Tân","351","Thị xã Ninh Hòa","32","Khánh Hòa"
"7696","Xã Ninh Quang","351","Thị xã Ninh Hòa","32","Khánh Hòa"
"7697","Phường Ninh Giang","351","Thị xã Ninh Hòa","32","Khánh Hòa"
"7698","Phường Ninh Hà","351","Thị xã Ninh Hòa","32","Khánh Hòa"
"7699","Xã Ninh Hưng","351","Thị xã Ninh Hòa","32","Khánh Hòa"
"7700","Xã Ninh Lộc","351","Thị xã Ninh Hòa","32","Khánh Hòa"
"7701","Xã Ninh Ích","351","Thị xã Ninh Hòa","32","Khánh Hòa"
"7702","Xã Ninh Vân","351","Thị xã Ninh Hòa","32","Khánh Hòa"
"7703","Thị trấn Khánh Vĩnh","353","Huyện Khánh Vĩnh","32","Khánh Hòa"
"7704","Xã Khánh Hiệp","353","Huyện Khánh Vĩnh","32","Khánh Hòa"
"7705","Xã Khánh Bình","353","Huyện Khánh Vĩnh","32","Khánh Hòa"
"7706","Xã Khánh Trung","353","Huyện Khánh Vĩnh","32","Khánh Hòa"
"7707","Xã Khánh Đông","353","Huyện Khánh Vĩnh","32","Khánh Hòa"
"7708","Xã Khánh Thượng","353","Huyện Khánh Vĩnh","32","Khánh Hòa"
"7709","Xã Khánh Nam","353","Huyện Khánh Vĩnh","32","Khánh Hòa"
"7710","Xã Sông Cầu","353","Huyện Khánh Vĩnh","32","Khánh Hòa"
"7711","Xã Giang Ly","353","Huyện Khánh Vĩnh","32","Khánh Hòa"
"7712","Xã Cầu Bà","353","Huyện Khánh Vĩnh","32","Khánh Hòa"
"7713","Xã Liên Sang","353","Huyện Khánh Vĩnh","32","Khánh Hòa"
"7714","Xã Khánh Thành","353","Huyện Khánh Vĩnh","32","Khánh Hòa"
"7715","Xã Khánh Phú","353","Huyện Khánh Vĩnh","32","Khánh Hòa"
"7716","Xã Sơn Thái","353","Huyện Khánh Vĩnh","32","Khánh Hòa"
"7717","Thị trấn Diên Khánh","352","Huyện Diên Khánh","32","Khánh Hòa"
"7718","Xã Diên Lâm","352","Huyện Diên Khánh","32","Khánh Hòa"
"7719","Xã Diên Điền","352","Huyện Diên Khánh","32","Khánh Hòa"
"7720","Xã Diên Xuân","352","Huyện Diên Khánh","32","Khánh Hòa"
"7721","Xã Diên Sơn","352","Huyện Diên Khánh","32","Khánh Hòa"
"7722","Xã Diên Đồng","352","Huyện Diên Khánh","32","Khánh Hòa"
"7723","Xã Diên Phú","352","Huyện Diên Khánh","32","Khánh Hòa"
"7724","Xã Diên Thọ","352","Huyện Diên Khánh","32","Khánh Hòa"
"7725","Xã Diên Phước","352","Huyện Diên Khánh","32","Khánh Hòa"
"7726","Xã Diên Lạc","352","Huyện Diên Khánh","32","Khánh Hòa"
"7727","Xã Diên Tân","352","Huyện Diên Khánh","32","Khánh Hòa"
"7728","Xã Diên Hòa","352","Huyện Diên Khánh","32","Khánh Hòa"
"7729","Xã Diên Thạnh","352","Huyện Diên Khánh","32","Khánh Hòa"
"7730","Xã Diên Toàn","352","Huyện Diên Khánh","32","Khánh Hòa"
"7731","Xã Diên An","352","Huyện Diên Khánh","32","Khánh Hòa"
"7732","Xã Diên Bình","352","Huyện Diên Khánh","32","Khánh Hòa"
"7733","Xã Diên Lộc","352","Huyện Diên Khánh","32","Khánh Hòa"
"7734","Xã Suối Hiệp","352","Huyện Diên Khánh","32","Khánh Hòa"
"7735","Xã Suối Tiên","352","Huyện Diên Khánh","32","Khánh Hòa"
"7736","Xã Suối Cát","355","Huyện Cam Lâm","32","Khánh Hòa"
"7737","Xã Suối Tân","355","Huyện Cam Lâm","32","Khánh Hòa"
"7738","Thị trấn Tô Hạp","354","Huyện Khánh Sơn","32","Khánh Hòa"
"7739","Xã Thành Sơn","354","Huyện Khánh Sơn","32","Khánh Hòa"
"7740","Xã Sơn Lâm","354","Huyện Khánh Sơn","32","Khánh Hòa"
"7741","Xã Sơn Hiệp","354","Huyện Khánh Sơn","32","Khánh Hòa"
"7742","Xã Sơn Bình","354","Huyện Khánh Sơn","32","Khánh Hòa"
"7743","Xã Sơn Trung","354","Huyện Khánh Sơn","32","Khánh Hòa"
"7744","Xã Ba Cụm Bắc","354","Huyện Khánh Sơn","32","Khánh Hòa"
"7745","Xã Ba Cụm Nam","354","Huyện Khánh Sơn","32","Khánh Hòa"
"7746","Thị trấn Trường Sa","356","Huyện đảo Trường Sa","32","Khánh Hòa"
"7747","Xã Song Tử Tây","356","Huyện đảo Trường Sa","32","Khánh Hòa"
"7748","Phường Đô Vinh","462","Thành phố Phan Rang – Tháp Chàm","43","Ninh Thuận"
"7749","Xã Sinh Tồn","356","Huyện đảo Trường Sa","32","Khánh Hòa"
"7750","Phường Phước Mỹ","462","Thành phố Phan Rang – Tháp Chàm","43","Ninh Thuận"
"7751","Phường Bảo An","462","Thành phố Phan Rang – Tháp Chàm","43","Ninh Thuận"
"7752","Phường Phủ Hà","462","Thành phố Phan Rang – Tháp Chàm","43","Ninh Thuận"
"7753","Phường Thanh Sơn","462","Thành phố Phan Rang – Tháp Chàm","43","Ninh Thuận"
"7754","Phường Mỹ Hương","462","Thành phố Phan Rang – Tháp Chàm","43","Ninh Thuận"
"7755","Phường Tấn Tài","462","Thành phố Phan Rang – Tháp Chàm","43","Ninh Thuận"
"7756","Phường Kinh Dinh","462","Thành phố Phan Rang – Tháp Chàm","43","Ninh Thuận"
"7757","Phường Đạo Long","462","Thành phố Phan Rang – Tháp Chàm","43","Ninh Thuận"
"7758","Phường Đài Sơn","462","Thành phố Phan Rang – Tháp Chàm","43","Ninh Thuận"
"7759","Phường Đông Hải","462","Thành phố Phan Rang – Tháp Chàm","43","Ninh Thuận"
"7760","Phường Mỹ Đông","462","Thành phố Phan Rang – Tháp Chàm","43","Ninh Thuận"
"7761","Xã Thành Hải","462","Thành phố Phan Rang – Tháp Chàm","43","Ninh Thuận"
"7762","Phường Văn Hải","462","Thành phố Phan Rang – Tháp Chàm","43","Ninh Thuận"
"7763","Phường Mỹ Bình","462","Thành phố Phan Rang – Tháp Chàm","43","Ninh Thuận"
"7764","Phường Mỹ Hải","462","Thành phố Phan Rang – Tháp Chàm","43","Ninh Thuận"
"7765","Xã Phước Bình","463","Huyện Bác Ái","43","Ninh Thuận"
"7766","Xã Phước Hòa","463","Huyện Bác Ái","43","Ninh Thuận"
"7767","Xã Phước Tân","463","Huyện Bác Ái","43","Ninh Thuận"
"7768","Xã Phước Tiến","463","Huyện Bác Ái","43","Ninh Thuận"
"7769","Xã Phước Thắng","463","Huyện Bác Ái","43","Ninh Thuận"
"7770","Xã Phước Thành","463","Huyện Bác Ái","43","Ninh Thuận"
"7771","Xã Phước Đại","463","Huyện Bác Ái","43","Ninh Thuận"
"7772","Xã Phước Chính","463","Huyện Bác Ái","43","Ninh Thuận"
"7773","Xã Phước Trung","463","Huyện Bác Ái","43","Ninh Thuận"
"7774","Thị trấn Tân Sơn","466","Huyện Ninh Sơn","43","Ninh Thuận"
"7775","Xã Lâm Sơn","466","Huyện Ninh Sơn","43","Ninh Thuận"
"7776","Xã Lương Sơn","466","Huyện Ninh Sơn","43","Ninh Thuận"
"7777","Xã Quảng Sơn","466","Huyện Ninh Sơn","43","Ninh Thuận"
"7778","Xã Mỹ Sơn","466","Huyện Ninh Sơn","43","Ninh Thuận"
"7779","Xã Hòa Sơn","466","Huyện Ninh Sơn","43","Ninh Thuận"
"7780","Xã Ma Nới","466","Huyện Ninh Sơn","43","Ninh Thuận"
"7781","Xã Nhơn Sơn","466","Huyện Ninh Sơn","43","Ninh Thuận"
"7782","Thị trấn Khánh Hải","464","Huyện Ninh Hải","43","Ninh Thuận"
"7783","Xã Phước Chiến","467","Huyện Thuận Bắc","43","Ninh Thuận"
"7784","Xã Công Hải","467","Huyện Thuận Bắc","43","Ninh Thuận"
"7785","Xã Phước Kháng","467","Huyện Thuận Bắc","43","Ninh Thuận"
"7786","Xã Vĩnh Hải","464","Huyện Ninh Hải","43","Ninh Thuận"
"7787","Xã Lợi Hải","467","Huyện Thuận Bắc","43","Ninh Thuận"
"7788","Xã Phương Hải","464","Huyện Ninh Hải","43","Ninh Thuận"
"7789","Xã Bắc Sơn","467","Huyện Thuận Bắc","43","Ninh Thuận"
"7790","Xã Tân Hải","464","Huyện Ninh Hải","43","Ninh Thuận"
"7791","Xã Bắc Phong","467","Huyện Thuận Bắc","43","Ninh Thuận"
"7792","Xã Xuân Hải","464","Huyện Ninh Hải","43","Ninh Thuận"
"7793","Xã Hộ Hải","464","Huyện Ninh Hải","43","Ninh Thuận"
"7794","Xã Tri Hải","464","Huyện Ninh Hải","43","Ninh Thuận"
"7795","Xã Nhơn Hải","464","Huyện Ninh Hải","43","Ninh Thuận"
"7796","Xã Thanh Hải","464","Huyện Ninh Hải","43","Ninh Thuận"
"7797","Thị trấn Phước Dân","465","Huyện Ninh Phước","43","Ninh Thuận"
"7798","Xã Phước Sơn","465","Huyện Ninh Phước","43","Ninh Thuận"
"7799","Xã Phước Thái","465","Huyện Ninh Phước","43","Ninh Thuận"
"7800","Xã Phước Hậu","465","Huyện Ninh Phước","43","Ninh Thuận"
"7801","Xã Phước Thuận","465","Huyện Ninh Phước","43","Ninh Thuận"
"7802","Xã Phước Hà","468","Huyện Thuận Nam","43","Ninh Thuận"
"7803","Xã An Hải","465","Huyện Ninh Phước","43","Ninh Thuận"
"7804","Xã Phước Hữu","465","Huyện Ninh Phước","43","Ninh Thuận"
"7805","Xã Phước Hải","465","Huyện Ninh Phước","43","Ninh Thuận"
"7806","Xã Phước Nam","468","Huyện Thuận Nam","43","Ninh Thuận"
"7807","Xã Phước Ninh","468","Huyện Thuận Nam","43","Ninh Thuận"
"7808","Xã Nhị Hà","468","Huyện Thuận Nam","43","Ninh Thuận"
"7809","Xã Phước Dinh","468","Huyện Thuận Nam","43","Ninh Thuận"
"7810","Xã Phước Minh","468","Huyện Thuận Nam","43","Ninh Thuận"
"7811","Xã Phước Diêm","468","Huyện Thuận Nam","43","Ninh Thuận"
"7812","Xã Cà Ná","468","Huyện Thuận Nam","43","Ninh Thuận"
"7813","Xã Phước Vinh","465","Huyện Ninh Phước","43","Ninh Thuận"
"7814","Phường Mũi Né","142","Thành phố Phan Thiết","13","Bình Thuận"
"7815","Phường Hàm Tiến","142","Thành phố Phan Thiết","13","Bình Thuận"
"7816","Phường Phú Hài","142","Thành phố Phan Thiết","13","Bình Thuận"
"7817","Phường Phú Thủy","142","Thành phố Phan Thiết","13","Bình Thuận"
"7818","Phường Phú Tài","142","Thành phố Phan Thiết","13","Bình Thuận"
"7819","Phường Phú Trinh","142","Thành phố Phan Thiết","13","Bình Thuận"
"7820","Phường Xuân An","142","Thành phố Phan Thiết","13","Bình Thuận"
"7821","Phường Thanh Hải","142","Thành phố Phan Thiết","13","Bình Thuận"
"7822","Phường Bình Hưng","142","Thành phố Phan Thiết","13","Bình Thuận"
"7823","Phường Đức Nghĩa","142","Thành phố Phan Thiết","13","Bình Thuận"
"7824","Phường Lạc Đạo","142","Thành phố Phan Thiết","13","Bình Thuận"
"7825","Phường Đức Thắng","142","Thành phố Phan Thiết","13","Bình Thuận"
"7826","Phường Hưng Long","142","Thành phố Phan Thiết","13","Bình Thuận"
"7827","Phường Đức Long","142","Thành phố Phan Thiết","13","Bình Thuận"
"7828","Xã Thiện Nghiệp","142","Thành phố Phan Thiết","13","Bình Thuận"
"7829","Xã Phong Nẫm","142","Thành phố Phan Thiết","13","Bình Thuận"
"7830","Xã Tiến Lợi","142","Thành phố Phan Thiết","13","Bình Thuận"
"7831","Xã Tiến Thành","142","Thành phố Phan Thiết","13","Bình Thuận"
"7832","Thị trấn Liên Hương","144","Huyện Tuy Phong","13","Bình Thuận"
"7833","Thị trấn Phan Rí Cửa","144","Huyện Tuy Phong","13","Bình Thuận"
"7834","Xã Phan Dũng","144","Huyện Tuy Phong","13","Bình Thuận"
"7835","Xã Phong Phú","144","Huyện Tuy Phong","13","Bình Thuận"
"7836","Xã Vĩnh Hảo","144","Huyện Tuy Phong","13","Bình Thuận"
"7837","Xã Vĩnh Tân","144","Huyện Tuy Phong","13","Bình Thuận"
"7838","Xã Phú Lạc","144","Huyện Tuy Phong","13","Bình Thuận"
"7839","Xã Phước Thể","144","Huyện Tuy Phong","13","Bình Thuận"
"7840","Xã Hòa Minh","144","Huyện Tuy Phong","13","Bình Thuận"
"7841","Xã Chí Công","144","Huyện Tuy Phong","13","Bình Thuận"
"7842","Xã Bình Thạnh","144","Huyện Tuy Phong","13","Bình Thuận"
"7843","Xã Hòa Phú","144","Huyện Tuy Phong","13","Bình Thuận"
"7844","Thị trấn Chợ Lầu","145","Huyện Bắc Bình","13","Bình Thuận"
"7845","Xã Phan Sơn","145","Huyện Bắc Bình","13","Bình Thuận"
"7846","Xã Phan Lâm","145","Huyện Bắc Bình","13","Bình Thuận"
"7847","Xã Bình An","145","Huyện Bắc Bình","13","Bình Thuận"
"7848","Xã Phan Điền","145","Huyện Bắc Bình","13","Bình Thuận"
"7849","Xã Hải Ninh","145","Huyện Bắc Bình","13","Bình Thuận"
"7850","Xã Sông Lũy","145","Huyện Bắc Bình","13","Bình Thuận"
"7851","Xã Phan Tiến","145","Huyện Bắc Bình","13","Bình Thuận"
"7852","Xã Sông Bình","145","Huyện Bắc Bình","13","Bình Thuận"
"7853","Thị trấn Lương Sơn","145","Huyện Bắc Bình","13","Bình Thuận"
"7854","Xã Phan Hòa","145","Huyện Bắc Bình","13","Bình Thuận"
"7855","Xã Phan Thanh","145","Huyện Bắc Bình","13","Bình Thuận"
"7856","Xã Hồng Thái","145","Huyện Bắc Bình","13","Bình Thuận"
"7857","Xã Phan Hiệp","145","Huyện Bắc Bình","13","Bình Thuận"
"7858","Xã Bình Tân","145","Huyện Bắc Bình","13","Bình Thuận"
"7859","Xã Phan Rí Thành","145","Huyện Bắc Bình","13","Bình Thuận"
"7860","Xã Hòa Thắng","145","Huyện Bắc Bình","13","Bình Thuận"
"7861","Xã Hồng Phong","145","Huyện Bắc Bình","13","Bình Thuận"
"7862","Thị trấn Ma Lâm","146","Huyện Hàm Thuận Bắc","13","Bình Thuận"
"7863","Thị trấn Phú Long","146","Huyện Hàm Thuận Bắc","13","Bình Thuận"
"7864","Xã La Dạ","146","Huyện Hàm Thuận Bắc","13","Bình Thuận"
"7865","Xã Đông Tiến","146","Huyện Hàm Thuận Bắc","13","Bình Thuận"
"7866","Xã Thuận Hòa","146","Huyện Hàm Thuận Bắc","13","Bình Thuận"
"7867","Xã Đông Giang","146","Huyện Hàm Thuận Bắc","13","Bình Thuận"
"7868","Xã Hàm Phú","146","Huyện Hàm Thuận Bắc","13","Bình Thuận"
"7869","Xã Hồng Liêm","146","Huyện Hàm Thuận Bắc","13","Bình Thuận"
"7870","Xã Thuận Minh","146","Huyện Hàm Thuận Bắc","13","Bình Thuận"
"7871","Xã Hồng Sơn","146","Huyện Hàm Thuận Bắc","13","Bình Thuận"
"7872","Xã Hàm Trí","146","Huyện Hàm Thuận Bắc","13","Bình Thuận"
"7873","Xã Hàm Đức","146","Huyện Hàm Thuận Bắc","13","Bình Thuận"
"7874","Xã Hàm Liêm","146","Huyện Hàm Thuận Bắc","13","Bình Thuận"
"7875","Xã Hàm Chính","146","Huyện Hàm Thuận Bắc","13","Bình Thuận"
"7876","Xã Hàm Hiệp","146","Huyện Hàm Thuận Bắc","13","Bình Thuận"
"7877","Xã Hàm Thắng","146","Huyện Hàm Thuận Bắc","13","Bình Thuận"
"7878","Xã Đa Mi","146","Huyện Hàm Thuận Bắc","13","Bình Thuận"
"7879","Thị trấn Thuận Nam","147","Huyện Hàm Thuận Nam","13","Bình Thuận"
"7880","Xã Mỹ Thạnh","147","Huyện Hàm Thuận Nam","13","Bình Thuận"
"7881","Xã Hàm Cần","147","Huyện Hàm Thuận Nam","13","Bình Thuận"
"7882","Xã Mương Mán","147","Huyện Hàm Thuận Nam","13","Bình Thuận"
"7883","Xã Hàm Thạnh","147","Huyện Hàm Thuận Nam","13","Bình Thuận"
"7884","Xã Hàm Kiệm","147","Huyện Hàm Thuận Nam","13","Bình Thuận"
"7885","Xã Hàm Cường","147","Huyện Hàm Thuận Nam","13","Bình Thuận"
"7886","Xã Hàm Mỹ","147","Huyện Hàm Thuận Nam","13","Bình Thuận"
"7887","Xã Tân Lập","147","Huyện Hàm Thuận Nam","13","Bình Thuận"
"7888","Xã Hàm Minh","147","Huyện Hàm Thuận Nam","13","Bình Thuận"
"7889","Xã Thuận Quí","147","Huyện Hàm Thuận Nam","13","Bình Thuận"
"7890","Xã Tân Thuận","147","Huyện Hàm Thuận Nam","13","Bình Thuận"
"7891","Xã Tân Thành","147","Huyện Hàm Thuận Nam","13","Bình Thuận"
"7892","Thị trấn Lạc Tánh","148","Huyện Tánh Linh","13","Bình Thuận"
"7893","Xã Bắc Ruộng","148","Huyện Tánh Linh","13","Bình Thuận"
"7894","Xã Măng Tố","148","Huyện Tánh Linh","13","Bình Thuận"
"7895","Xã Nghị Đức","148","Huyện Tánh Linh","13","Bình Thuận"
"7896","Xã La Ngâu","148","Huyện Tánh Linh","13","Bình Thuận"
"7897","Xã Huy Khiêm","148","Huyện Tánh Linh","13","Bình Thuận"
"7898","Xã Đức Tân","148","Huyện Tánh Linh","13","Bình Thuận"
"7899","Xã Đức Phú","148","Huyện Tánh Linh","13","Bình Thuận"
"7900","Xã Đồng Kho","148","Huyện Tánh Linh","13","Bình Thuận"
"7901","Xã Gia An","148","Huyện Tánh Linh","13","Bình Thuận"
"7902","Xã Đức Bình","148","Huyện Tánh Linh","13","Bình Thuận"
"7903","Xã Gia Huynh","148","Huyện Tánh Linh","13","Bình Thuận"
"7904","Xã Đức Thuận","148","Huyện Tánh Linh","13","Bình Thuận"
"7905","Xã Suối Kiết","148","Huyện Tánh Linh","13","Bình Thuận"
"7906","Thị trấn Võ Xu","150","Huyện Đức Linh","13","Bình Thuận"
"7907","Thị trấn Đức Tài","150","Huyện Đức Linh","13","Bình Thuận"
"7908","Xã Đa Kai","150","Huyện Đức Linh","13","Bình Thuận"
"7909","Xã Sùng Nhơn","150","Huyện Đức Linh","13","Bình Thuận"
"7910","Xã Mê Pu","150","Huyện Đức Linh","13","Bình Thuận"
"7911","Xã Nam Chính","150","Huyện Đức Linh","13","Bình Thuận"
"7912","Xã Đức Chính","150","Huyện Đức Linh","13","Bình Thuận"
"7913","Xã Đức Hạnh","150","Huyện Đức Linh","13","Bình Thuận"
"7914","Xã Đức Tín","150","Huyện Đức Linh","13","Bình Thuận"
"7915","Xã Vũ Hòa","150","Huyện Đức Linh","13","Bình Thuận"
"7916","Xã Tân Hà","150","Huyện Đức Linh","13","Bình Thuận"
"7917","Xã Đông Hà","150","Huyện Đức Linh","13","Bình Thuận"
"7918","Xã Trà Tân","150","Huyện Đức Linh","13","Bình Thuận"
"7919","Thị trấn Tân Minh","149","Huyện Hàm Tân","13","Bình Thuận"
"7920","Phường Phước Hội","143","Thị xã La Gi","13","Bình Thuận"
"7921","Phường Phước Lộc","143","Thị xã La Gi","13","Bình Thuận"
"7922","Phường Tân Thiện","143","Thị xã La Gi","13","Bình Thuận"
"7923","Phường Tân An","143","Thị xã La Gi","13","Bình Thuận"
"7924","Thị trấn Tân Nghĩa","149","Huyện Hàm Tân","13","Bình Thuận"
"7925","Phường Bình Tân","143","Thị xã La Gi","13","Bình Thuận"
"7926","Xã Sông Phan","149","Huyện Hàm Tân","13","Bình Thuận"
"7927","Xã Tân Phúc","149","Huyện Hàm Tân","13","Bình Thuận"
"7928","Xã Tân Hải","143","Thị xã La Gi","13","Bình Thuận"
"7929","Xã Tân Tiến","143","Thị xã La Gi","13","Bình Thuận"
"7930","Xã Tân Bình","143","Thị xã La Gi","13","Bình Thuận"
"7931","Xã Tân Đức","149","Huyện Hàm Tân","13","Bình Thuận"
"7932","Xã Tân Thắng","149","Huyện Hàm Tân","13","Bình Thuận"
"7933","Xã Thắng Hải","149","Huyện Hàm Tân","13","Bình Thuận"
"7934","Xã Tân Hà","149","Huyện Hàm Tân","13","Bình Thuận"
"7935","Xã Tân Xuân","149","Huyện Hàm Tân","13","Bình Thuận"
"7936","Xã Sơn Mỹ","149","Huyện Hàm Tân","13","Bình Thuận"
"7937","Xã Tân Phước","143","Thị xã La Gi","13","Bình Thuận"
"7938","Xã Ngũ Phụng","151","Huyện đảo Phú Quý","13","Bình Thuận"
"7939","Xã Long Hải","151","Huyện đảo Phú Quý","13","Bình Thuận"
"7940","Xã Tam Thanh","151","Huyện đảo Phú Quý","13","Bình Thuận"
"7941","Phường Quang Trung","372","Thành phố Kon Tum","34","Kon Tum"
"7942","Phường Duy Tân","372","Thành phố Kon Tum","34","Kon Tum"
"7943","Phường Quyết Thắng","372","Thành phố Kon Tum","34","Kon Tum"
"7944","Phường Trường Chinh","372","Thành phố Kon Tum","34","Kon Tum"
"7945","Phường Thắng Lợi","372","Thành phố Kon Tum","34","Kon Tum"
"7946","Phường Ngô Mây","372","Thành phố Kon Tum","34","Kon Tum"
"7947","Phường Thống Nhất","372","Thành phố Kon Tum","34","Kon Tum"
"7948","Phường Lê Lợi","372","Thành phố Kon Tum","34","Kon Tum"
"7949","Phường Nguyễn Trãi","372","Thành phố Kon Tum","34","Kon Tum"
"7950","Phường Trần Hưng Đạo","372","Thành phố Kon Tum","34","Kon Tum"
"7951","Xã Đắk Cấm","372","Thành phố Kon Tum","34","Kon Tum"
"7952","Xã Kroong","372","Thành phố Kon Tum","34","Kon Tum"
"7953","Xã Ngọk Bay","372","Thành phố Kon Tum","34","Kon Tum"
"7954","Xã Vinh Quang","372","Thành phố Kon Tum","34","Kon Tum"
"7955","Xã Đắk Blà","372","Thành phố Kon Tum","34","Kon Tum"
"7956","Xã Ia Chim","372","Thành phố Kon Tum","34","Kon Tum"
"7957","Xã Đăk Năng","372","Thành phố Kon Tum","34","Kon Tum"
"7958","Xã Đoàn Kết","372","Thành phố Kon Tum","34","Kon Tum"
"7959","Xã Chư Hreng","372","Thành phố Kon Tum","34","Kon Tum"
"7960","Xã Đắk Rơ Wa","372","Thành phố Kon Tum","34","Kon Tum"
"7961","Xã Hòa Bình","372","Thành phố Kon Tum","34","Kon Tum"
"7962","Thị trấn Đắk Glei","373","Huyện Đắk Glei","34","Kon Tum"
"7963","Xã Đắk Blô","373","Huyện Đắk Glei","34","Kon Tum"
"7964","Xã Đắk Man","373","Huyện Đắk Glei","34","Kon Tum"
"7965","Xã Đắk Nhoong","373","Huyện Đắk Glei","34","Kon Tum"
"7966","Xã Đắk Pék","373","Huyện Đắk Glei","34","Kon Tum"
"7967","Xã Đắk Choong","373","Huyện Đắk Glei","34","Kon Tum"
"7968","Xã Xốp","373","Huyện Đắk Glei","34","Kon Tum"
"7969","Xã Mường Hoong","373","Huyện Đắk Glei","34","Kon Tum"
"7970","Xã Ngọc Linh","373","Huyện Đắk Glei","34","Kon Tum"
"7971","Xã Đắk Long","373","Huyện Đắk Glei","34","Kon Tum"
"7972","Xã Đắk KRoong","373","Huyện Đắk Glei","34","Kon Tum"
"7973","Xã Đắk Môn","373","Huyện Đắk Glei","34","Kon Tum"
"7974","Thị trấn Plei Kần","378","Huyện Ngọc Hồi","34","Kon Tum"
"7975","Xã Đắk Ang","378","Huyện Ngọc Hồi","34","Kon Tum"
"7976","Xã Đắk Dục","378","Huyện Ngọc Hồi","34","Kon Tum"
"7977","Xã Đắk Nông","378","Huyện Ngọc Hồi","34","Kon Tum"
"7978","Xã Đắk Xú","378","Huyện Ngọc Hồi","34","Kon Tum"
"7979","Xã Đắk Kan","378","Huyện Ngọc Hồi","34","Kon Tum"
"7980","Xã Bờ Y","378","Huyện Ngọc Hồi","34","Kon Tum"
"7981","Xã Sa Loong","378","Huyện Ngọc Hồi","34","Kon Tum"
"7982","Thị trấn Đắk Tô","375","Huyện Đắk Tô","34","Kon Tum"
"7983","Xã Ngọc Lây","380","Huyện Tu Mơ Rông","34","Kon Tum"
"7984","Xã Đắk Na","380","Huyện Tu Mơ Rông","34","Kon Tum"
"7985","Xã Măng Ri","380","Huyện Tu Mơ Rông","34","Kon Tum"
"7986","Xã Ngọc Yêu","380","Huyện Tu Mơ Rông","34","Kon Tum"
"7987","Xã Đắk Sao","380","Huyện Tu Mơ Rông","34","Kon Tum"
"7988","Xã Đắk Rơ Ông","380","Huyện Tu Mơ Rông","34","Kon Tum"
"7989","Xã Đắk Tờ Kan","380","Huyện Tu Mơ Rông","34","Kon Tum"
"7990","Xã Tu Mơ Rông","380","Huyện Tu Mơ Rông","34","Kon Tum"
"7991","Xã Đắk Hà","380","Huyện Tu Mơ Rông","34","Kon Tum"
"7992","Xã Đắk Rơ Nga","375","Huyện Đắk Tô","34","Kon Tum"
"7993","Xã Ngọk Tụ","375","Huyện Đắk Tô","34","Kon Tum"
"7994","Xã Đắk Trăm","375","Huyện Đắk Tô","34","Kon Tum"
"7995","Xã Văn Lem","375","Huyện Đắk Tô","34","Kon Tum"
"7996","Xã Kon Đào","375","Huyện Đắk Tô","34","Kon Tum"
"7997","Xã Tân Cảnh","375","Huyện Đắk Tô","34","Kon Tum"
"7998","Xã Diên Bình","375","Huyện Đắk Tô","34","Kon Tum"
"7999","Xã Pô Kô","375","Huyện Đắk Tô","34","Kon Tum"
"8000","Xã Tê Xăng","380","Huyện Tu Mơ Rông","34","Kon Tum"
"8001","Xã Văn Xuôi","380","Huyện Tu Mơ Rông","34","Kon Tum"
"8002","Xã Đắk Nên","376","Huyện Kon Plông","34","Kon Tum"
"8003","Xã Đắk Ring","376","Huyện Kon Plông","34","Kon Tum"
"8004","Xã Măng Buk","376","Huyện Kon Plông","34","Kon Tum"
"8005","Xã Đắk Tăng","376","Huyện Kon Plông","34","Kon Tum"
"8006","Xã Ngok Tem","376","Huyện Kon Plông","34","Kon Tum"
"8007","Xã Pờ Ê","376","Huyện Kon Plông","34","Kon Tum"
"8008","Xã Măng Cành","376","Huyện Kon Plông","34","Kon Tum"
"8009","Xã Đắk Long","376","Huyện Kon Plông","34","Kon Tum"
"8010","Xã Hiếu","376","Huyện Kon Plông","34","Kon Tum"
"8011","Thị trấn Đắk Rve","377","Huyện Kon Rẫy","34","Kon Tum"
"8012","Xã Đắk Kôi","377","Huyện Kon Rẫy","34","Kon Tum"
"8013","Xã Đắk Tơ Lung","377","Huyện Kon Rẫy","34","Kon Tum"
"8014","Xã Đắk Ruồng","377","Huyện Kon Rẫy","34","Kon Tum"
"8015","Xã Đắk Pne","377","Huyện Kon Rẫy","34","Kon Tum"
"8016","Xã Đắk Tờ Re","377","Huyện Kon Rẫy","34","Kon Tum"
"8017","Xã Tân Lập","377","Huyện Kon Rẫy","34","Kon Tum"
"8018","Thị trấn Đắk Hà","374","Huyện Đắk Hà","34","Kon Tum"
"8019","Xã Đắk PXi","374","Huyện Đắk Hà","34","Kon Tum"
"8020","Xã Đăk Long","374","Huyện Đắk Hà","34","Kon Tum"
"8021","Xã Đắk HRing","374","Huyện Đắk Hà","34","Kon Tum"
"8022","Xã Đắk Ui","374","Huyện Đắk Hà","34","Kon Tum"
"8023","Xã Đăk Ngọk","374","Huyện Đắk Hà","34","Kon Tum"
"8024","Xã Đắk Mar","374","Huyện Đắk Hà","34","Kon Tum"
"8025","Xã Ngok Wang","374","Huyện Đắk Hà","34","Kon Tum"
"8026","Xã Ngok Réo","374","Huyện Đắk Hà","34","Kon Tum"
"8027","Xã Hà Mòn","374","Huyện Đắk Hà","34","Kon Tum"
"8028","Xã Đắk La","374","Huyện Đắk Hà","34","Kon Tum"
"8029","Thị trấn Sa Thầy","379","Huyện Sa Thầy","34","Kon Tum"
"8030","Xã Rơ Kơi","379","Huyện Sa Thầy","34","Kon Tum"
"8031","Xã Sa Nhơn","379","Huyện Sa Thầy","34","Kon Tum"
"8032","Xã Hơ Moong","379","Huyện Sa Thầy","34","Kon Tum"
"8033","Xã Ia Đal","707","Huyện Ia H' Drai","34","Kon Tum"
"8034","Xã Mô Rai","379","Huyện Sa Thầy","34","Kon Tum"
"8035","Xã Ia Dom","707","Huyện Ia H' Drai","34","Kon Tum"
"8036","Xã Ia Tơi","707","Huyện Ia H' Drai","34","Kon Tum"
"8037","Xã Sa Sơn","379","Huyện Sa Thầy","34","Kon Tum"
"8038","Xã Sa Nghĩa","379","Huyện Sa Thầy","34","Kon Tum"
"8039","Xã Sa Bình","379","Huyện Sa Thầy","34","Kon Tum"
"8040","Xã Ya Xiêr","379","Huyện Sa Thầy","34","Kon Tum"
"8041","Xã Ya Tăng","379","Huyện Sa Thầy","34","Kon Tum"
"8042","Xã Ya ly","379","Huyện Sa Thầy","34","Kon Tum"
"8043","Phường Yên Đỗ","247","Thành phố Pleiku","23","Gia Lai"
"8044","Phường Diên Hồng","247","Thành phố Pleiku","23","Gia Lai"
"8045","Phường Ia Kring","247","Thành phố Pleiku","23","Gia Lai"
"8046","Phường Hội Thương","247","Thành phố Pleiku","23","Gia Lai"
"8047","Phường Hội Phú","247","Thành phố Pleiku","23","Gia Lai"
"8048","Phường Phù Đổng","247","Thành phố Pleiku","23","Gia Lai"
"8049","Phường Hoa Lư","247","Thành phố Pleiku","23","Gia Lai"
"8050","Phường Tây Sơn","247","Thành phố Pleiku","23","Gia Lai"
"8051","Phường Thống Nhất","247","Thành phố Pleiku","23","Gia Lai"
"8052","Phường Đống Đa","247","Thành phố Pleiku","23","Gia Lai"
"8053","Phường Trà Bá","247","Thành phố Pleiku","23","Gia Lai"
"8054","Phường Thắng Lợi","247","Thành phố Pleiku","23","Gia Lai"
"8055","Phường Yên Thế","247","Thành phố Pleiku","23","Gia Lai"
"8056","Phường Chi Lăng","247","Thành phố Pleiku","23","Gia Lai"
"8057","Xã Chư HDrông","247","Thành phố Pleiku","23","Gia Lai"
"8058","Xã Biển Hồ","247","Thành phố Pleiku","23","Gia Lai"
"8059","Xã Tân Sơn","247","Thành phố Pleiku","23","Gia Lai"
"8060","Xã Trà Đa","247","Thành phố Pleiku","23","Gia Lai"
"8061","Xã Chư Á","247","Thành phố Pleiku","23","Gia Lai"
"8062","Xã An Phú","247","Thành phố Pleiku","23","Gia Lai"
"8063","Xã Diên Phú","247","Thành phố Pleiku","23","Gia Lai"
"8064","Xã Ia Kênh","247","Thành phố Pleiku","23","Gia Lai"
"8065","Xã Gào","247","Thành phố Pleiku","23","Gia Lai"
"8066","Phường An Bình","248","Thị xã An Khê","23","Gia Lai"
"8067","Phường Tây Sơn","248","Thị xã An Khê","23","Gia Lai"
"8068","Phường An Phú","248","Thị xã An Khê","23","Gia Lai"
"8069","Phường An Tân","248","Thị xã An Khê","23","Gia Lai"
"8070","Xã Tú An","248","Thị xã An Khê","23","Gia Lai"
"8071","Xã Xuân An","248","Thị xã An Khê","23","Gia Lai"
"8072","Xã Cửu An","248","Thị xã An Khê","23","Gia Lai"
"8073","Phường An Phước","248","Thị xã An Khê","23","Gia Lai"
"8074","Xã Song An","248","Thị xã An Khê","23","Gia Lai"
"8075","Phường Ngô Mây","248","Thị xã An Khê","23","Gia Lai"
"8076","Xã Thành An","248","Thị xã An Khê","23","Gia Lai"
"8077","Thị trấn KBang","258","Huyện K'Bang","23","Gia Lai"
"8078","Xã Kon Pne","258","Huyện K'Bang","23","Gia Lai"
"8079","Xã Đăk Roong","258","Huyện K'Bang","23","Gia Lai"
"8080","Xã Sơn Lang","258","Huyện K'Bang","23","Gia Lai"
"8081","Xã KRong","258","Huyện K'Bang","23","Gia Lai"
"8082","Xã Sơ Pai","258","Huyện K'Bang","23","Gia Lai"
"8083","Xã Lơ Ku","258","Huyện K'Bang","23","Gia Lai"
"8084","Xã Đông","258","Huyện K'Bang","23","Gia Lai"
"8085","Xã Đak SMar","258","Huyện K'Bang","23","Gia Lai"
"8086","Xã Nghĩa An","258","Huyện K'Bang","23","Gia Lai"
"8087","Xã Tơ Tung","258","Huyện K'Bang","23","Gia Lai"
"8088","Xã Kông Lơng Khơng","258","Huyện K'Bang","23","Gia Lai"
"8089","Xã Kông Pla","258","Huyện K'Bang","23","Gia Lai"
"8090","Xã Đăk HLơ","258","Huyện K'Bang","23","Gia Lai"
"8091","Thị trấn Đăk Đoa","253","Huyện Đăk Đoa","23","Gia Lai"
"8092","Xã Hà Đông","253","Huyện Đăk Đoa","23","Gia Lai"
"8093","Xã Đăk Sơmei","253","Huyện Đăk Đoa","23","Gia Lai"
"8094","Xã Đăk Krong","253","Huyện Đăk Đoa","23","Gia Lai"
"8095","Xã Hải Yang","253","Huyện Đăk Đoa","23","Gia Lai"
"8096","Xã Kon Gang","253","Huyện Đăk Đoa","23","Gia Lai"
"8097","Xã Hà Bầu","253","Huyện Đăk Đoa","23","Gia Lai"
"8098","Xã Nam Yang","253","Huyện Đăk Đoa","23","Gia Lai"
"8099","Xã K' Dang","253","Huyện Đăk Đoa","23","Gia Lai"
"8100","Xã H' Neng","253","Huyện Đăk Đoa","23","Gia Lai"
"8101","Xã Tân Bình","253","Huyện Đăk Đoa","23","Gia Lai"
"8102","Xã Glar","253","Huyện Đăk Đoa","23","Gia Lai"
"8103","Xã A Dơk","253","Huyện Đăk Đoa","23","Gia Lai"
"8104","Xã Trang","253","Huyện Đăk Đoa","23","Gia Lai"
"8105","Xã HNol","253","Huyện Đăk Đoa","23","Gia Lai"
"8106","Xã Ia Pết","253","Huyện Đăk Đoa","23","Gia Lai"
"8107","Xã Ia Băng","253","Huyện Đăk Đoa","23","Gia Lai"
"8108","Thị trấn Phú Hòa","250","Huyện Chư Păh","23","Gia Lai"
"8109","Xã Hà Tây","250","Huyện Chư Păh","23","Gia Lai"
"8110","Xã Ia Khươl","250","Huyện Chư Păh","23","Gia Lai"
"8111","Xã Ia Phí","250","Huyện Chư Păh","23","Gia Lai"
"8112","Thị trấn Ia Ly","250","Huyện Chư Păh","23","Gia Lai"
"8113","Xã Ia Mơ Nông","250","Huyện Chư Păh","23","Gia Lai"
"8114","Xã Ia Kreng","250","Huyện Chư Păh","23","Gia Lai"
"8115","Xã Đăk Tơ Ver","250","Huyện Chư Păh","23","Gia Lai"
"8116","Xã Hòa Phú","250","Huyện Chư Păh","23","Gia Lai"
"8117","Xã Chư Đăng Ya","250","Huyện Chư Păh","23","Gia Lai"
"8118","Xã Ia Ka","250","Huyện Chư Păh","23","Gia Lai"
"8119","Xã Ia Nhin","250","Huyện Chư Păh","23","Gia Lai"
"8120","Xã Nghĩa Hòa","250","Huyện Chư Păh","23","Gia Lai"
"8121","Xã Chư Jôr","250","Huyện Chư Păh","23","Gia Lai"
"8122","Xã Nghĩa Hưng","250","Huyện Chư Păh","23","Gia Lai"
"8123","Thị trấn Ia Kha","256","Huyện Ia Grai","23","Gia Lai"
"8124","Xã Ia Sao","256","Huyện Ia Grai","23","Gia Lai"
"8125","Xã Ia Yok","256","Huyện Ia Grai","23","Gia Lai"
"8126","Xã Ia Hrung","256","Huyện Ia Grai","23","Gia Lai"
"8127","Xã Ia Bă","256","Huyện Ia Grai","23","Gia Lai"
"8128","Xã Ia Khai","256","Huyện Ia Grai","23","Gia Lai"
"8129","Xã Ia KRai","256","Huyện Ia Grai","23","Gia Lai"
"8130","Xã Ia Grăng","256","Huyện Ia Grai","23","Gia Lai"
"8131","Xã Ia Tô","256","Huyện Ia Grai","23","Gia Lai"
"8132","Xã Ia O","256","Huyện Ia Grai","23","Gia Lai"
"8133","Xã Ia Dêr","256","Huyện Ia Grai","23","Gia Lai"
"8134","Xã Ia Chia","256","Huyện Ia Grai","23","Gia Lai"
"8135","Xã Ia Pếch","256","Huyện Ia Grai","23","Gia Lai"
"8136","Thị trấn Kon Dơng","261","Huyện Mang Yang","23","Gia Lai"
"8137","Xã Ayun","261","Huyện Mang Yang","23","Gia Lai"
"8138","Xã Đak Jơ Ta","261","Huyện Mang Yang","23","Gia Lai"
"8139","Xã Đak Ta Ley","261","Huyện Mang Yang","23","Gia Lai"
"8140","Xã Hra","261","Huyện Mang Yang","23","Gia Lai"
"8141","Xã Đăk Yă","261","Huyện Mang Yang","23","Gia Lai"
"8142","Xã Đăk Djrăng","261","Huyện Mang Yang","23","Gia Lai"
"8143","Xã Lơ Pang","261","Huyện Mang Yang","23","Gia Lai"
"8144","Xã Kon Thụp","261","Huyện Mang Yang","23","Gia Lai"
"8145","Xã Đê Ar","261","Huyện Mang Yang","23","Gia Lai"
"8146","Xã Kon Chiêng","261","Huyện Mang Yang","23","Gia Lai"
"8147","Xã Đăk Trôi","261","Huyện Mang Yang","23","Gia Lai"
"8148","Thị trấn Kông Chro","259","Huyện Kông Chro","23","Gia Lai"
"8149","Xã Chư Krêy","259","Huyện Kông Chro","23","Gia Lai"
"8150","Xã An Trung","259","Huyện Kông Chro","23","Gia Lai"
"8151","Xã Kông Yang","259","Huyện Kông Chro","23","Gia Lai"
"8152","Xã Đăk Tơ Pang","259","Huyện Kông Chro","23","Gia Lai"
"8153","Xã SRó","259","Huyện Kông Chro","23","Gia Lai"
"8154","Xã Đắk Kơ Ning","259","Huyện Kông Chro","23","Gia Lai"
"8155","Xã Đăk Song","259","Huyện Kông Chro","23","Gia Lai"
"8156","Xã Đăk Pling","259","Huyện Kông Chro","23","Gia Lai"
"8157","Xã Yang Trung","259","Huyện Kông Chro","23","Gia Lai"
"8158","Xã Đăk Pơ Pho","259","Huyện Kông Chro","23","Gia Lai"
"8159","Xã Ya Ma","259","Huyện Kông Chro","23","Gia Lai"
"8160","Xã Chơ Long","259","Huyện Kông Chro","23","Gia Lai"
"8161","Xã Yang Nam","259","Huyện Kông Chro","23","Gia Lai"
"8162","Thị trấn Chư Ty","255","Huyện Đức Cơ","23","Gia Lai"
"8163","Xã Ia Dơk","255","Huyện Đức Cơ","23","Gia Lai"
"8164","Xã Ia Krêl","255","Huyện Đức Cơ","23","Gia Lai"
"8165","Xã Ia Din","255","Huyện Đức Cơ","23","Gia Lai"
"8166","Xã Ia Kla","255","Huyện Đức Cơ","23","Gia Lai"
"8167","Xã Ia Dom","255","Huyện Đức Cơ","23","Gia Lai"
"8168","Xã Ia Lang","255","Huyện Đức Cơ","23","Gia Lai"
"8169","Xã Ia Kriêng","255","Huyện Đức Cơ","23","Gia Lai"
"8170","Xã Ia Pnôn","255","Huyện Đức Cơ","23","Gia Lai"
"8171","Xã Ia Nan","255","Huyện Đức Cơ","23","Gia Lai"
"8172","Thị trấn Chư Prông","251","Huyện Chư Prông","23","Gia Lai"
"8173","Xã Ia Kly","251","Huyện Chư Prông","23","Gia Lai"
"8174","Xã Bình Giáo","251","Huyện Chư Prông","23","Gia Lai"
"8175","Xã Ia Drăng","251","Huyện Chư Prông","23","Gia Lai"
"8176","Xã Thăng Hưng","251","Huyện Chư Prông","23","Gia Lai"
"8177","Xã Bàu Cạn","251","Huyện Chư Prông","23","Gia Lai"
"8178","Xã Ia Phìn","251","Huyện Chư Prông","23","Gia Lai"
"8179","Xã Ia Băng","251","Huyện Chư Prông","23","Gia Lai"
"8180","Xã Ia Tôr","251","Huyện Chư Prông","23","Gia Lai"
"8181","Xã Ia Boòng","251","Huyện Chư Prông","23","Gia Lai"
"8182","Xã Ia O","251","Huyện Chư Prông","23","Gia Lai"
"8183","Xã Ia Púch","251","Huyện Chư Prông","23","Gia Lai"
"8184","Xã Ia Me","251","Huyện Chư Prông","23","Gia Lai"
"8185","Xã Ia Vê","251","Huyện Chư Prông","23","Gia Lai"
"8186","Xã Ia Bang","251","Huyện Chư Prông","23","Gia Lai"
"8187","Xã Ia Pia","251","Huyện Chư Prông","23","Gia Lai"
"8188","Xã Ia Ga","251","Huyện Chư Prông","23","Gia Lai"
"8189","Xã Ia Lâu","251","Huyện Chư Prông","23","Gia Lai"
"8190","Xã Ia Piơr","251","Huyện Chư Prông","23","Gia Lai"
"8191","Xã Ia Mơ","251","Huyện Chư Prông","23","Gia Lai"
"8192","Thị trấn Chư Sê","252","Huyện Chư Sê","23","Gia Lai"
"8193","Thị trấn Nhơn Hòa","263","Huyện Chư Pưh","23","Gia Lai"
"8194","Xã Ia Tiêm","252","Huyện Chư Sê","23","Gia Lai"
"8195","Xã Chư Pơng","252","Huyện Chư Sê","23","Gia Lai"
"8196","Xã Bar Măih","252","Huyện Chư Sê","23","Gia Lai"
"8197","Xã Bờ Ngoong","252","Huyện Chư Sê","23","Gia Lai"
"8198","Xã Ia Glai","252","Huyện Chư Sê","23","Gia Lai"
"8199","Xã AL Bá","252","Huyện Chư Sê","23","Gia Lai"
"8200","Xã Kông HTok","252","Huyện Chư Sê","23","Gia Lai"
"8201","Xã AYun","252","Huyện Chư Sê","23","Gia Lai"
"8202","Xã Ia HLốp","252","Huyện Chư Sê","23","Gia Lai"
"8203","Xã Ia Blang","252","Huyện Chư Sê","23","Gia Lai"
"8204","Xã Dun","252","Huyện Chư Sê","23","Gia Lai"
"8205","Xã Ia Pal","252","Huyện Chư Sê","23","Gia Lai"
"8206","Xã H Bông","252","Huyện Chư Sê","23","Gia Lai"
"8207","Xã Ia Hrú","263","Huyện Chư Pưh","23","Gia Lai"
"8208","Xã Ia Rong","263","Huyện Chư Pưh","23","Gia Lai"
"8209","Xã Ia Dreng","263","Huyện Chư Pưh","23","Gia Lai"
"8210","Xã Ia Ko","252","Huyện Chư Sê","23","Gia Lai"
"8211","Xã Ia Hla","263","Huyện Chư Pưh","23","Gia Lai"
"8212","Xã Chư Don","263","Huyện Chư Pưh","23","Gia Lai"
"8213","Xã Ia Phang","263","Huyện Chư Pưh","23","Gia Lai"
"8214","Xã Ia Le","263","Huyện Chư Pưh","23","Gia Lai"
"8215","Xã Ia BLứ","263","Huyện Chư Pưh","23","Gia Lai"
"8216","Xã Hà Tam","254","Huyện Đăk Pơ","23","Gia Lai"
"8217","Xã An Thành","254","Huyện Đăk Pơ","23","Gia Lai"
"8218","Thị trấn Đak Pơ","254","Huyện Đăk Pơ","23","Gia Lai"
"8219","Xã Yang Bắc","254","Huyện Đăk Pơ","23","Gia Lai"
"8220","Xã Cư An","254","Huyện Đăk Pơ","23","Gia Lai"
"8221","Xã Tân An","254","Huyện Đăk Pơ","23","Gia Lai"
"8222","Xã Phú An","254","Huyện Đăk Pơ","23","Gia Lai"
"8223","Xã Ya Hội","254","Huyện Đăk Pơ","23","Gia Lai"
"8224","Xã Pờ Tó","257","Huyện Ia Pa","23","Gia Lai"
"8225","Xã Chư Răng","257","Huyện Ia Pa","23","Gia Lai"
"8226","Xã Ia KDăm","257","Huyện Ia Pa","23","Gia Lai"
"8227","Xã Kim Tân","257","Huyện Ia Pa","23","Gia Lai"
"8228","Xã Chư Mố","257","Huyện Ia Pa","23","Gia Lai"
"8229","Xã Ia Tul","257","Huyện Ia Pa","23","Gia Lai"
"8230","Xã Ia Ma Rơn","257","Huyện Ia Pa","23","Gia Lai"
"8231","Xã Ia Broăi","257","Huyện Ia Pa","23","Gia Lai"
"8232","Xã Ia Trok","257","Huyện Ia Pa","23","Gia Lai"
"8233","Phường Cheo Reo","249","Thị xã Ayun Pa","23","Gia Lai"
"8234","Phường Hòa Bình","249","Thị xã Ayun Pa","23","Gia Lai"
"8235","Thị trấn Phú Thiện","262","Huyện Phú Thiện","23","Gia Lai"
"8236","Phường Đoàn Kết","249","Thị xã Ayun Pa","23","Gia Lai"
"8237","Phường Sông Bờ","249","Thị xã Ayun Pa","23","Gia Lai"
"8238","Xã Chư A Thai","262","Huyện Phú Thiện","23","Gia Lai"
"8239","Xã Ayun Hạ","262","Huyện Phú Thiện","23","Gia Lai"
"8240","Xã Ia Ake","262","Huyện Phú Thiện","23","Gia Lai"
"8241","Xã Ia Sol","262","Huyện Phú Thiện","23","Gia Lai"
"8242","Xã Ia Piar","262","Huyện Phú Thiện","23","Gia Lai"
"8243","Xã Ia Peng","262","Huyện Phú Thiện","23","Gia Lai"
"8244","Xã Chrôh Pơnan","262","Huyện Phú Thiện","23","Gia Lai"
"8245","Xã Ia Hiao","262","Huyện Phú Thiện","23","Gia Lai"
"8246","Xã Ia RBol","249","Thị xã Ayun Pa","23","Gia Lai"
"8247","Xã Chư Băh","249","Thị xã Ayun Pa","23","Gia Lai"
"8248","Xã Ia Yeng","262","Huyện Phú Thiện","23","Gia Lai"
"8249","Xã Ia RTô","249","Thị xã Ayun Pa","23","Gia Lai"
"8250","Xã Ia Sao","249","Thị xã Ayun Pa","23","Gia Lai"
"8251","Thị trấn Phú Túc","260","Huyện Krông Pa","23","Gia Lai"
"8252","Xã Ia RSai","260","Huyện Krông Pa","23","Gia Lai"
"8253","Xã Ia RSươm","260","Huyện Krông Pa","23","Gia Lai"
"8254","Xã Chư Gu","260","Huyện Krông Pa","23","Gia Lai"
"8255","Xã Đất Bằng","260","Huyện Krông Pa","23","Gia Lai"
"8256","Xã Ia Mláh","260","Huyện Krông Pa","23","Gia Lai"
"8257","Xã Chư Drăng","260","Huyện Krông Pa","23","Gia Lai"
"8258","Xã Phú Cần","260","Huyện Krông Pa","23","Gia Lai"
"8259","Xã Ia HDreh","260","Huyện Krông Pa","23","Gia Lai"
"8260","Xã Ia RMok","260","Huyện Krông Pa","23","Gia Lai"
"8261","Xã Chư Ngọc","260","Huyện Krông Pa","23","Gia Lai"
"8262","Xã Uar","260","Huyện Krông Pa","23","Gia Lai"
"8263","Xã Chư Rcăm","260","Huyện Krông Pa","23","Gia Lai"
"8264","Xã Krông Năng","260","Huyện Krông Pa","23","Gia Lai"
"8265","Phường Tân Lập","192","Thành phố Buôn Ma Thuột","18","Đắk Lắk"
"8266","Phường Tân Hòa","192","Thành phố Buôn Ma Thuột","18","Đắk Lắk"
"8267","Phường Tân An","192","Thành phố Buôn Ma Thuột","18","Đắk Lắk"
"8268","Phường Thống Nhất","192","Thành phố Buôn Ma Thuột","18","Đắk Lắk"
"8269","Phường Thành Nhất","192","Thành phố Buôn Ma Thuột","18","Đắk Lắk"
"8270","Phường Thắng Lợi","192","Thành phố Buôn Ma Thuột","18","Đắk Lắk"
"8271","Phường Tân Lợi","192","Thành phố Buôn Ma Thuột","18","Đắk Lắk"
"8272","Phường Thành Công","192","Thành phố Buôn Ma Thuột","18","Đắk Lắk"
"8273","Phường Tân Thành","192","Thành phố Buôn Ma Thuột","18","Đắk Lắk"
"8274","Phường Tân Tiến","192","Thành phố Buôn Ma Thuột","18","Đắk Lắk"
"8275","Phường Tự An","192","Thành phố Buôn Ma Thuột","18","Đắk Lắk"
"8276","Phường Ea Tam","192","Thành phố Buôn Ma Thuột","18","Đắk Lắk"
"8277","Phường Khánh Xuân","192","Thành phố Buôn Ma Thuột","18","Đắk Lắk"
"8278","Xã Hòa Thuận","192","Thành phố Buôn Ma Thuột","18","Đắk Lắk"
"8279","Xã Cư ÊBur","192","Thành phố Buôn Ma Thuột","18","Đắk Lắk"
"8280","Xã Ea Tu","192","Thành phố Buôn Ma Thuột","18","Đắk Lắk"
"8281","Xã Hòa Thắng","192","Thành phố Buôn Ma Thuột","18","Đắk Lắk"
"8282","Xã Ea Kao","192","Thành phố Buôn Ma Thuột","18","Đắk Lắk"
"8283","Xã Hòa Phú","192","Thành phố Buôn Ma Thuột","18","Đắk Lắk"
"8284","Xã Hòa Khánh","192","Thành phố Buôn Ma Thuột","18","Đắk Lắk"
"8285","Xã Hòa Xuân","192","Thành phố Buôn Ma Thuột","18","Đắk Lắk"
"8286","Thị trấn Ea Drăng","197","Huyện Ea H'leo","18","Đắk Lắk"
"8287","Xã Ea H'leo","197","Huyện Ea H'leo","18","Đắk Lắk"
"8288","Xã Ea Sol","197","Huyện Ea H'leo","18","Đắk Lắk"
"8289","Xã Ea Ral","197","Huyện Ea H'leo","18","Đắk Lắk"
"8290","Xã Ea Wy","197","Huyện Ea H'leo","18","Đắk Lắk"
"8291","Xã Cư A Mung","197","Huyện Ea H'leo","18","Đắk Lắk"
"8292","Xã Cư Mốt","197","Huyện Ea H'leo","18","Đắk Lắk"
"8293","Xã Ea Hiao","197","Huyện Ea H'leo","18","Đắk Lắk"
"8294","Xã Ea Khal","197","Huyện Ea H'leo","18","Đắk Lắk"
"8295","Xã Dliê Yang","197","Huyện Ea H'leo","18","Đắk Lắk"
"8296","Xã Ea Tir","197","Huyện Ea H'leo","18","Đắk Lắk"
"8297","Xã Ea Nam","197","Huyện Ea H'leo","18","Đắk Lắk"
"8298","Thị trấn Ea Súp","199","Huyện Ea Súp","18","Đắk Lắk"
"8299","Xã Ia Lốp","199","Huyện Ea Súp","18","Đắk Lắk"
"8300","Xã Ia JLơi","199","Huyện Ea Súp","18","Đắk Lắk"
"8301","Xã Ea Rốk","199","Huyện Ea Súp","18","Đắk Lắk"
"8302","Xã Ya Tờ Mốt","199","Huyện Ea Súp","18","Đắk Lắk"
"8303","Xã Ia RVê","199","Huyện Ea Súp","18","Đắk Lắk"
"8304","Xã Ea Lê","199","Huyện Ea Súp","18","Đắk Lắk"
"8305","Xã Cư KBang","199","Huyện Ea Súp","18","Đắk Lắk"
"8306","Xã Ea Bung","199","Huyện Ea Súp","18","Đắk Lắk"
"8307","Xã Cư M'Lan","199","Huyện Ea Súp","18","Đắk Lắk"
"8308","Xã Krông Na","194","Huyện Buôn Đôn","18","Đắk Lắk"
"8309","Xã Ea Huar","194","Huyện Buôn Đôn","18","Đắk Lắk"
"8310","Xã Ea Wer","194","Huyện Buôn Đôn","18","Đắk Lắk"
"8311","Xã Tân Hòa","194","Huyện Buôn Đôn","18","Đắk Lắk"
"8312","Xã Cuôr KNia","194","Huyện Buôn Đôn","18","Đắk Lắk"
"8313","Xã Ea Bar","194","Huyện Buôn Đôn","18","Đắk Lắk"
"8314","Xã Ea Nuôl","194","Huyện Buôn Đôn","18","Đắk Lắk"
"8315","Thị trấn Ea Pốk","196","Huyện Cư M'gar","18","Đắk Lắk"
"8316","Thị trấn Quảng Phú","196","Huyện Cư M'gar","18","Đắk Lắk"
"8317","Xã Quảng Tiến","196","Huyện Cư M'gar","18","Đắk Lắk"
"8318","Xã Ea Kuêh","196","Huyện Cư M'gar","18","Đắk Lắk"
"8319","Xã Ea Kiết","196","Huyện Cư M'gar","18","Đắk Lắk"
"8320","Xã Ea Tar","196","Huyện Cư M'gar","18","Đắk Lắk"
"8321","Xã Cư Dliê M'nông","196","Huyện Cư M'gar","18","Đắk Lắk"
"8322","Xã Ea H'đinh","196","Huyện Cư M'gar","18","Đắk Lắk"
"8323","Xã Ea Tul","196","Huyện Cư M'gar","18","Đắk Lắk"
"8324","Xã Ea KPam","196","Huyện Cư M'gar","18","Đắk Lắk"
"8325","Xã Ea M'DRóh","196","Huyện Cư M'gar","18","Đắk Lắk"
"8326","Xã Quảng Hiệp","196","Huyện Cư M'gar","18","Đắk Lắk"
"8327","Xã Cư M'gar","196","Huyện Cư M'gar","18","Đắk Lắk"
"8328","Xã Ea D'Rơng","196","Huyện Cư M'gar","18","Đắk Lắk"
"8329","Xã Ea M'nang","196","Huyện Cư M'gar","18","Đắk Lắk"
"8330","Xã Cư Suê","196","Huyện Cư M'gar","18","Đắk Lắk"
"8331","Xã Cuor Đăng","196","Huyện Cư M'gar","18","Đắk Lắk"
"8332","Phường An Lạc","193","Thị xã Buôn Hồ","18","Đắk Lắk"
"8333","Xã Cư Né","201","Huyện Krông Búk","18","Đắk Lắk"
"8334","Phường An Bình","193","Thị xã Buôn Hồ","18","Đắk Lắk"
"8335","Xã Chư KBô","201","Huyện Krông Búk","18","Đắk Lắk"
"8336","Phường Thiện An","193","Thị xã Buôn Hồ","18","Đắk Lắk"
"8337","Xã Cư Pơng","201","Huyện Krông Búk","18","Đắk Lắk"
"8338","Xã Ea Sin","201","Huyện Krông Búk","18","Đắk Lắk"
"8339","Xã Pơng Drang","201","Huyện Krông Búk","18","Đắk Lắk"
"8340","Xã Tân Lập","201","Huyện Krông Búk","18","Đắk Lắk"
"8341","Phường Đạt Hiếu","193","Thị xã Buôn Hồ","18","Đắk Lắk"
"8342","Xã Ea Ngai","201","Huyện Krông Búk","18","Đắk Lắk"
"8343","Phường Đoàn Kết","193","Thị xã Buôn Hồ","18","Đắk Lắk"
"8344","Xã Ea Blang","193","Thị xã Buôn Hồ","18","Đắk Lắk"
"8345","Xã Ea Drông","193","Thị xã Buôn Hồ","18","Đắk Lắk"
"8346","Phường Thống Nhất","193","Thị xã Buôn Hồ","18","Đắk Lắk"
"8347","Phường Bình Tân","193","Thị xã Buôn Hồ","18","Đắk Lắk"
"8348","Xã Ea Siên","193","Thị xã Buôn Hồ","18","Đắk Lắk"
"8349","Xã Bình Thuận","193","Thị xã Buôn Hồ","18","Đắk Lắk"
"8350","Xã Cư Bao","193","Thị xã Buôn Hồ","18","Đắk Lắk"
"8351","Thị trấn Krông Năng","206","Huyện Krông Năng","18","Đắk Lắk"
"8352","Xã ĐLiê Ya","206","Huyện Krông Năng","18","Đắk Lắk"
"8353","Xã Ea Tóh","206","Huyện Krông Năng","18","Đắk Lắk"
"8354","Xã Ea Tam","206","Huyện Krông Năng","18","Đắk Lắk"
"8355","Xã Phú Lộc","206","Huyện Krông Năng","18","Đắk Lắk"
"8356","Xã Tam Giang","206","Huyện Krông Năng","18","Đắk Lắk"
"8357","Xã Ea Puk","206","Huyện Krông Năng","18","Đắk Lắk"
"8358","Xã Ea Dăh","206","Huyện Krông Năng","18","Đắk Lắk"
"8359","Xã Ea Hồ","206","Huyện Krông Năng","18","Đắk Lắk"
"8360","Xã Phú Xuân","206","Huyện Krông Năng","18","Đắk Lắk"
"8361","Xã Cư Klông","206","Huyện Krông Năng","18","Đắk Lắk"
"8362","Xã Ea Tân","206","Huyện Krông Năng","18","Đắk Lắk"
"8363","Thị trấn Ea Kar","198","Huyện Ea Kar","18","Đắk Lắk"
"8364","Thị trấn Ea Knốp","198","Huyện Ea Kar","18","Đắk Lắk"
"8365","Xã Ea Sô","198","Huyện Ea Kar","18","Đắk Lắk"
"8366","Xã Ea Sar","198","Huyện Ea Kar","18","Đắk Lắk"
"8367","Xã Xuân Phú","198","Huyện Ea Kar","18","Đắk Lắk"
"8368","Xã Cư Huê","198","Huyện Ea Kar","18","Đắk Lắk"
"8369","Xã Ea Tih","198","Huyện Ea Kar","18","Đắk Lắk"
"8370","Xã Ea Đar","198","Huyện Ea Kar","18","Đắk Lắk"
"8371","Xã Ea Kmút","198","Huyện Ea Kar","18","Đắk Lắk"
"8372","Xã Cư Ni","198","Huyện Ea Kar","18","Đắk Lắk"
"8373","Xã Ea Păl","198","Huyện Ea Kar","18","Đắk Lắk"
"8374","Xã Cư Prông","198","Huyện Ea Kar","18","Đắk Lắk"
"8375","Xã Ea Ô","198","Huyện Ea Kar","18","Đắk Lắk"
"8376","Xã Cư ELang","198","Huyện Ea Kar","18","Đắk Lắk"
"8377","Xã Cư Bông","198","Huyện Ea Kar","18","Đắk Lắk"
"8378","Xã Cư Jang","198","Huyện Ea Kar","18","Đắk Lắk"
"8379","Thị trấn M'Đrắk","204","Huyện M'Đrắk","18","Đắk Lắk"
"8380","Xã Cư Prao","204","Huyện M'Đrắk","18","Đắk Lắk"
"8381","Xã Ea Pil","204","Huyện M'Đrắk","18","Đắk Lắk"
"8382","Xã Ea Lai","204","Huyện M'Đrắk","18","Đắk Lắk"
"8383","Xã Ea H'MLay","204","Huyện M'Đrắk","18","Đắk Lắk"
"8384","Xã Krông Jing","204","Huyện M'Đrắk","18","Đắk Lắk"
"8385","Xã Ea M' Doal","204","Huyện M'Đrắk","18","Đắk Lắk"
"8386","Xã Ea Riêng","204","Huyện M'Đrắk","18","Đắk Lắk"
"8387","Xã Cư M'ta","204","Huyện M'Đrắk","18","Đắk Lắk"
"8388","Xã Cư K Róa","204","Huyện M'Đrắk","18","Đắk Lắk"
"8389","Xã Krông Á","204","Huyện M'Đrắk","18","Đắk Lắk"
"8390","Xã Cư San","204","Huyện M'Đrắk","18","Đắk Lắk"
"8391","Xã Ea Trang","204","Huyện M'Đrắk","18","Đắk Lắk"
"8392","Thị trấn Krông Kmar","200","Huyện Krông Bông","18","Đắk Lắk"
"8393","Xã Dang Kang","200","Huyện Krông Bông","18","Đắk Lắk"
"8394","Xã Cư KTy","200","Huyện Krông Bông","18","Đắk Lắk"
"8395","Xã Hòa Thành","200","Huyện Krông Bông","18","Đắk Lắk"
"8396","Xã Hòa Tân","200","Huyện Krông Bông","18","Đắk Lắk"
"8397","Xã Hòa Phong","200","Huyện Krông Bông","18","Đắk Lắk"
"8398","Xã Hòa Lễ","200","Huyện Krông Bông","18","Đắk Lắk"
"8399","Xã Yang Reh","200","Huyện Krông Bông","18","Đắk Lắk"
"8400","Xã Ea Trul","200","Huyện Krông Bông","18","Đắk Lắk"
"8401","Xã Khuê Ngọc Điền","200","Huyện Krông Bông","18","Đắk Lắk"
"8402","Xã Cư Pui","200","Huyện Krông Bông","18","Đắk Lắk"
"8403","Xã Hòa Sơn","200","Huyện Krông Bông","18","Đắk Lắk"
"8404","Xã Cư Drăm","200","Huyện Krông Bông","18","Đắk Lắk"
"8405","Xã Yang Mao","200","Huyện Krông Bông","18","Đắk Lắk"
"8406","Thị trấn Phước An","202","Huyện Krông Pắc","18","Đắk Lắk"
"8407","Xã KRông Búk","202","Huyện Krông Pắc","18","Đắk Lắk"
"8408","Xã Ea Kly","202","Huyện Krông Pắc","18","Đắk Lắk"
"8409","Xã Ea Kênh","202","Huyện Krông Pắc","18","Đắk Lắk"
"8410","Xã Ea Phê","202","Huyện Krông Pắc","18","Đắk Lắk"
"8411","Xã Ea KNuec","202","Huyện Krông Pắc","18","Đắk Lắk"
"8412","Xã Ea Yông","202","Huyện Krông Pắc","18","Đắk Lắk"
"8413","Xã Hòa An","202","Huyện Krông Pắc","18","Đắk Lắk"
"8414","Xã Ea Kuăng","202","Huyện Krông Pắc","18","Đắk Lắk"
"8415","Xã Hòa Đông","202","Huyện Krông Pắc","18","Đắk Lắk"
"8416","Xã Ea Hiu","202","Huyện Krông Pắc","18","Đắk Lắk"
"8417","Xã Hòa Tiến","202","Huyện Krông Pắc","18","Đắk Lắk"
"8418","Xã Tân Tiến","202","Huyện Krông Pắc","18","Đắk Lắk"
"8419","Xã Vụ Bổn","202","Huyện Krông Pắc","18","Đắk Lắk"
"8420","Xã Ea Uy","202","Huyện Krông Pắc","18","Đắk Lắk"
"8421","Xã Ea Yiêng","202","Huyện Krông Pắc","18","Đắk Lắk"
"8422","Thị trấn Buôn Trấp","205","Huyện Krông Ana","18","Đắk Lắk"
"8423","Xã Ea Ning","195","Huyện Cư Kuin","18","Đắk Lắk"
"8424","Xã Cư Ê Wi","195","Huyện Cư Kuin","18","Đắk Lắk"
"8425","Xã Ea Ktur","195","Huyện Cư Kuin","18","Đắk Lắk"
"8426","Xã Ea Tiêu","195","Huyện Cư Kuin","18","Đắk Lắk"
"8427","Xã Ea BHốk","195","Huyện Cư Kuin","18","Đắk Lắk"
"8428","Xã Ea Hu","195","Huyện Cư Kuin","18","Đắk Lắk"
"8429","Xã Dray Sáp","205","Huyện Krông Ana","18","Đắk Lắk"
"8430","Xã Ea Na","205","Huyện Krông Ana","18","Đắk Lắk"
"8431","Xã Dray Bhăng","195","Huyện Cư Kuin","18","Đắk Lắk"
"8432","Xã Hòa Hiệp","195","Huyện Cư Kuin","18","Đắk Lắk"
"8433","Xã Ea Bông","205","Huyện Krông Ana","18","Đắk Lắk"
"8434","Xã Băng A Drênh","205","Huyện Krông Ana","18","Đắk Lắk"
"8435","Xã Dur KMăl","205","Huyện Krông Ana","18","Đắk Lắk"
"8436","Xã Bình Hòa","205","Huyện Krông Ana","18","Đắk Lắk"
"8437","Xã Quảng Điền","205","Huyện Krông Ana","18","Đắk Lắk"
"8438","Thị trấn Liên Sơn","203","Huyện Lắk","18","Đắk Lắk"
"8439","Xã Yang Tao","203","Huyện Lắk","18","Đắk Lắk"
"8440","Xã Bông Krang","203","Huyện Lắk","18","Đắk Lắk"
"8441","Xã Đắk Liêng","203","Huyện Lắk","18","Đắk Lắk"
"8442","Xã Buôn Triết","203","Huyện Lắk","18","Đắk Lắk"
"8443","Xã Buôn Tría","203","Huyện Lắk","18","Đắk Lắk"
"8444","Xã Đắk Phơi","203","Huyện Lắk","18","Đắk Lắk"
"8445","Xã Đắk Nuê","203","Huyện Lắk","18","Đắk Lắk"
"8446","Xã Krông Nô","203","Huyện Lắk","18","Đắk Lắk"
"8447","Xã Nam Ka","203","Huyện Lắk","18","Đắk Lắk"
"8448","Xã Ea R'Bin","203","Huyện Lắk","18","Đắk Lắk"
"8449","Phường Nghĩa Đức","207","Thành phố Gia Nghĩa","19","Đắk Nông"
"8450","Phường Nghĩa Thành","207","Thành phố Gia Nghĩa","19","Đắk Nông"
"8451","Phường Nghĩa Phú","207","Thành phố Gia Nghĩa","19","Đắk Nông"
"8452","Phường Nghĩa Tân","207","Thành phố Gia Nghĩa","19","Đắk Nông"
"8453","Xã Quảng Sơn","209","Huyện Đắk Glong","19","Đắk Nông"
"8454","Phường Nghĩa Trung","207","Thành phố Gia Nghĩa","19","Đắk Nông"
"8455","Xã Đăk R'Moan","207","Thành phố Gia Nghĩa","19","Đắk Nông"
"8456","Xã Quảng Thành","207","Thành phố Gia Nghĩa","19","Đắk Nông"
"8457","Xã Quảng Hòa","209","Huyện Đắk Glong","19","Đắk Nông"
"8458","Xã Đắk Ha","209","Huyện Đắk Glong","19","Đắk Nông"
"8459","Xã Đắk R'Măng","209","Huyện Đắk Glong","19","Đắk Nông"
"8460","Xã Đắk Nia","207","Thành phố Gia Nghĩa","19","Đắk Nông"
"8461","Xã Quảng Khê","209","Huyện Đắk Glong","19","Đắk Nông"
"8462","Xã Đắk Plao","209","Huyện Đắk Glong","19","Đắk Nông"
"8463","Xã Đắk Som","209","Huyện Đắk Glong","19","Đắk Nông"
"8464","Thị trấn Ea T'Ling","208","Huyện Cư Jút","19","Đắk Nông"
"8465","Xã Đắk Wil","208","Huyện Cư Jút","19","Đắk Nông"
"8466","Xã Ea Pô","208","Huyện Cư Jút","19","Đắk Nông"
"8467","Xã Nam Dong","208","Huyện Cư Jút","19","Đắk Nông"
"8468","Xã Đắk DRông","208","Huyện Cư Jút","19","Đắk Nông"
"8469","Xã Tâm Thắng","208","Huyện Cư Jút","19","Đắk Nông"
"8470","Xã Cư Knia","208","Huyện Cư Jút","19","Đắk Nông"
"8471","Xã Trúc Sơn","208","Huyện Cư Jút","19","Đắk Nông"
"8472","Thị trấn Đắk Mil","210","Huyện Đắk Mil","19","Đắk Nông"
"8473","Xã Đắk Lao","210","Huyện Đắk Mil","19","Đắk Nông"
"8474","Xã Đắk R'La","210","Huyện Đắk Mil","19","Đắk Nông"
"8475","Xã Đắk Gằn","210","Huyện Đắk Mil","19","Đắk Nông"
"8476","Xã Đức Mạnh","210","Huyện Đắk Mil","19","Đắk Nông"
"8477","Xã Đắk N'Drót","210","Huyện Đắk Mil","19","Đắk Nông"
"8478","Xã Long Sơn","210","Huyện Đắk Mil","19","Đắk Nông"
"8479","Xã Đắk Sắk","210","Huyện Đắk Mil","19","Đắk Nông"
"8480","Xã Thuận An","210","Huyện Đắk Mil","19","Đắk Nông"
"8481","Xã Đức Minh","210","Huyện Đắk Mil","19","Đắk Nông"
"8482","Thị trấn Đắk Mâm","213","Huyện Krông Nô","19","Đắk Nông"
"8483","Xã Đắk Sôr","213","Huyện Krông Nô","19","Đắk Nông"
"8484","Xã Nam Xuân","213","Huyện Krông Nô","19","Đắk Nông"
"8485","Xã Buôn Choah","213","Huyện Krông Nô","19","Đắk Nông"
"8486","Xã Nam Đà","213","Huyện Krông Nô","19","Đắk Nông"
"8487","Xã Tân Thành","213","Huyện Krông Nô","19","Đắk Nông"
"8488","Xã Đắk Drô","213","Huyện Krông Nô","19","Đắk Nông"
"8489","Xã Nâm Nung","213","Huyện Krông Nô","19","Đắk Nông"
"8490","Xã Đức Xuyên","213","Huyện Krông Nô","19","Đắk Nông"
"8491","Xã Đắk Nang","213","Huyện Krông Nô","19","Đắk Nông"
"8492","Xã Quảng Phú","213","Huyện Krông Nô","19","Đắk Nông"
"8493","Xã Nâm N'Đir","213","Huyện Krông Nô","19","Đắk Nông"
"8494","Thị trấn Đức An","212","Huyện Đắk Song","19","Đắk Nông"
"8495","Xã Đắk Môl","212","Huyện Đắk Song","19","Đắk Nông"
"8496","Xã Đắk Hòa","212","Huyện Đắk Song","19","Đắk Nông"
"8497","Xã Nam Bình","212","Huyện Đắk Song","19","Đắk Nông"
"8498","Xã Thuận Hà","212","Huyện Đắk Song","19","Đắk Nông"
"8499","Xã Thuận Hạnh","212","Huyện Đắk Song","19","Đắk Nông"
"8500","Xã Đắk N'Dung","212","Huyện Đắk Song","19","Đắk Nông"
"8501","Xã Nâm N'Jang","212","Huyện Đắk Song","19","Đắk Nông"
"8502","Xã Trường Xuân","212","Huyện Đắk Song","19","Đắk Nông"
"8503","Thị trấn Kiến Đức","211","Huyện Đắk R'Lấp","19","Đắk Nông"
"8504","Xã Quảng Trực","214","Huyện Tuy Đức","19","Đắk Nông"
"8505","Xã Đắk Búk So","214","Huyện Tuy Đức","19","Đắk Nông"
"8506","Xã Quảng Tâm","214","Huyện Tuy Đức","19","Đắk Nông"
"8507","Xã Đắk R'Tíh","214","Huyện Tuy Đức","19","Đắk Nông"
"8508","Xã Quảng Tín","211","Huyện Đắk R'Lấp","19","Đắk Nông"
"8509","Xã Đắk Ngo","214","Huyện Tuy Đức","19","Đắk Nông"
"8510","Xã Quảng Tân","214","Huyện Tuy Đức","19","Đắk Nông"
"8511","Xã Đắk Wer","211","Huyện Đắk R'Lấp","19","Đắk Nông"
"8512","Xã Nhân Cơ","211","Huyện Đắk R'Lấp","19","Đắk Nông"
"8513","Xã Kiến Thành","211","Huyện Đắk R'Lấp","19","Đắk Nông"
"8514","Xã Nghĩa Thắng","211","Huyện Đắk R'Lấp","19","Đắk Nông"
"8515","Xã Đạo Nghĩa","211","Huyện Đắk R'Lấp","19","Đắk Nông"
"8516","Xã Đắk Sin","211","Huyện Đắk R'Lấp","19","Đắk Nông"
"8517","Xã Hưng Bình","211","Huyện Đắk R'Lấp","19","Đắk Nông"
"8518","Xã Đắk Ru","211","Huyện Đắk R'Lấp","19","Đắk Nông"
"8519","Xã Nhân Đạo","211","Huyện Đắk R'Lấp","19","Đắk Nông"
"8520","Phường 7","408","Thành phố Đà Lạt","36","Lâm Đồng"
"8521","Phường 8","408","Thành phố Đà Lạt","36","Lâm Đồng"
"8522","Phường 12","408","Thành phố Đà Lạt","36","Lâm Đồng"
"8523","Phường 9","408","Thành phố Đà Lạt","36","Lâm Đồng"
"8524","Phường 2","408","Thành phố Đà Lạt","36","Lâm Đồng"
"8525","Phường 1","408","Thành phố Đà Lạt","36","Lâm Đồng"
"8526","Phường 6","408","Thành phố Đà Lạt","36","Lâm Đồng"
"8527","Phường 5","408","Thành phố Đà Lạt","36","Lâm Đồng"
"8528","Phường 4","408","Thành phố Đà Lạt","36","Lâm Đồng"
"8529","Phường 10","408","Thành phố Đà Lạt","36","Lâm Đồng"
"8530","Phường 11","408","Thành phố Đà Lạt","36","Lâm Đồng"
"8531","Phường 3","408","Thành phố Đà Lạt","36","Lâm Đồng"
"8532","Xã Xuân Thọ","408","Thành phố Đà Lạt","36","Lâm Đồng"
"8533","Xã Tà Nung","408","Thành phố Đà Lạt","36","Lâm Đồng"
"8534","Xã Trạm Hành","408","Thành phố Đà Lạt","36","Lâm Đồng"
"8535","Xã Xuân Trường","408","Thành phố Đà Lạt","36","Lâm Đồng"
"8536","Phường Lộc Phát","409","Thành phố Bảo Lộc","36","Lâm Đồng"
"8537","Phường Lộc Tiến","409","Thành phố Bảo Lộc","36","Lâm Đồng"
"8538","Phường 2","409","Thành phố Bảo Lộc","36","Lâm Đồng"
"8539","Phường 1","409","Thành phố Bảo Lộc","36","Lâm Đồng"
"8540","Phường B'lao","409","Thành phố Bảo Lộc","36","Lâm Đồng"
"8541","Phường Lộc Sơn","409","Thành phố Bảo Lộc","36","Lâm Đồng"
"8542","Xã Đạm Bri","409","Thành phố Bảo Lộc","36","Lâm Đồng"
"8543","Xã Lộc Thanh","409","Thành phố Bảo Lộc","36","Lâm Đồng"
"8544","Xã Lộc Nga","409","Thành phố Bảo Lộc","36","Lâm Đồng"
"8545","Xã Lộc Châu","409","Thành phố Bảo Lộc","36","Lâm Đồng"
"8546","Xã Đại Lào","409","Thành phố Bảo Lộc","36","Lâm Đồng"
"8547","Thị trấn Lạc Dương","417","Huyện Lạc Dương","36","Lâm Đồng"
"8548","Xã Đạ Chais","417","Huyện Lạc Dương","36","Lâm Đồng"
"8549","Xã Đạ Nhim","417","Huyện Lạc Dương","36","Lâm Đồng"
"8550","Xã Đưng KNớ","417","Huyện Lạc Dương","36","Lâm Đồng"
"8551","Xã Đạ Tông","413","Huyện Đam Rông","36","Lâm Đồng"
"8552","Xã Đạ Long","413","Huyện Đam Rông","36","Lâm Đồng"
"8553","Xã Đạ M' Rong","413","Huyện Đam Rông","36","Lâm Đồng"
"8554","Xã Lát","417","Huyện Lạc Dương","36","Lâm Đồng"
"8555","Xã Đạ Sar","417","Huyện Lạc Dương","36","Lâm Đồng"
"8556","Thị trấn Nam Ban","418","Huyện Lâm Hà","36","Lâm Đồng"
"8557","Thị trấn Đinh Văn","418","Huyện Lâm Hà","36","Lâm Đồng"
"8558","Xã Liêng Srônh","413","Huyện Đam Rông","36","Lâm Đồng"
"8559","Xã Đạ Rsal","413","Huyện Đam Rông","36","Lâm Đồng"
"8560","Xã Rô Men","413","Huyện Đam Rông","36","Lâm Đồng"
"8561","Xã Phú Sơn","418","Huyện Lâm Hà","36","Lâm Đồng"
"8562","Xã Phi Tô","418","Huyện Lâm Hà","36","Lâm Đồng"
"8563","Xã Phi Liêng","413","Huyện Đam Rông","36","Lâm Đồng"
"8564","Xã Đạ K' Nàng","413","Huyện Đam Rông","36","Lâm Đồng"
"8565","Xã Mê Linh","418","Huyện Lâm Hà","36","Lâm Đồng"
"8566","Xã Đạ Đờn","418","Huyện Lâm Hà","36","Lâm Đồng"
"8567","Xã Phúc Thọ","418","Huyện Lâm Hà","36","Lâm Đồng"
"8568","Xã Đông Thanh","418","Huyện Lâm Hà","36","Lâm Đồng"
"8569","Xã Gia Lâm","418","Huyện Lâm Hà","36","Lâm Đồng"
"8570","Xã Tân Thanh","418","Huyện Lâm Hà","36","Lâm Đồng"
"8571","Xã Tân Văn","418","Huyện Lâm Hà","36","Lâm Đồng"
"8572","Xã Hoài Đức","418","Huyện Lâm Hà","36","Lâm Đồng"
"8573","Xã Tân Hà","418","Huyện Lâm Hà","36","Lâm Đồng"
"8574","Xã Liên Hà","418","Huyện Lâm Hà","36","Lâm Đồng"
"8575","Xã Đan Phượng","418","Huyện Lâm Hà","36","Lâm Đồng"
"8576","Xã Nam Hà","418","Huyện Lâm Hà","36","Lâm Đồng"
"8577","Thị trấn D'Ran","416","Huyện Đơn Dương","36","Lâm Đồng"
"8578","Thị trấn Thạnh Mỹ","416","Huyện Đơn Dương","36","Lâm Đồng"
"8579","Xã Lạc Xuân","416","Huyện Đơn Dương","36","Lâm Đồng"
"8580","Xã Đạ Ròn","416","Huyện Đơn Dương","36","Lâm Đồng"
"8581","Xã Lạc Lâm","416","Huyện Đơn Dương","36","Lâm Đồng"
"8582","Xã Ka Đô","416","Huyện Đơn Dương","36","Lâm Đồng"
"8583","Xã Quảng Lập","416","Huyện Đơn Dương","36","Lâm Đồng"
"8584","Xã Ka Đơn","416","Huyện Đơn Dương","36","Lâm Đồng"
"8585","Xã Tu Tra","416","Huyện Đơn Dương","36","Lâm Đồng"
"8586","Xã Pró","416","Huyện Đơn Dương","36","Lâm Đồng"
"8587","Thị trấn Liên Nghĩa","419","Huyện Đức Trọng","36","Lâm Đồng"
"8588","Xã Hiệp An","419","Huyện Đức Trọng","36","Lâm Đồng"
"8589","Xã Liên Hiệp","419","Huyện Đức Trọng","36","Lâm Đồng"
"8590","Xã Hiệp Thạnh","419","Huyện Đức Trọng","36","Lâm Đồng"
"8591","Xã Bình Thạnh","419","Huyện Đức Trọng","36","Lâm Đồng"
"8592","Xã N'Thol Hạ","419","Huyện Đức Trọng","36","Lâm Đồng"
"8593","Xã Tân Hội","419","Huyện Đức Trọng","36","Lâm Đồng"
"8594","Xã Tân Thành","419","Huyện Đức Trọng","36","Lâm Đồng"
"8595","Xã Phú Hội","419","Huyện Đức Trọng","36","Lâm Đồng"
"8596","Xã Ninh Gia","419","Huyện Đức Trọng","36","Lâm Đồng"
"8597","Xã Tà Năng","419","Huyện Đức Trọng","36","Lâm Đồng"
"8598","Xã Đa Quyn","419","Huyện Đức Trọng","36","Lâm Đồng"
"8599","Xã Tà Hine","419","Huyện Đức Trọng","36","Lâm Đồng"
"8600","Xã Đà Loan","419","Huyện Đức Trọng","36","Lâm Đồng"
"8601","Xã Ninh Loan","419","Huyện Đức Trọng","36","Lâm Đồng"
"8602","Thị trấn Di Linh","412","Huyện Di Linh","36","Lâm Đồng"
"8603","Xã Đinh Trang Thượng","412","Huyện Di Linh","36","Lâm Đồng"
"8604","Xã Tân Thượng","412","Huyện Di Linh","36","Lâm Đồng"
"8605","Xã Tân Lâm","412","Huyện Di Linh","36","Lâm Đồng"
"8606","Xã Tân Châu","412","Huyện Di Linh","36","Lâm Đồng"
"8607","Xã Tân Nghĩa","412","Huyện Di Linh","36","Lâm Đồng"
"8608","Xã Gia Hiệp","412","Huyện Di Linh","36","Lâm Đồng"
"8609","Xã Đinh Lạc","412","Huyện Di Linh","36","Lâm Đồng"
"8610","Xã Tam Bố","412","Huyện Di Linh","36","Lâm Đồng"
"8611","Xã Đinh Trang Hòa","412","Huyện Di Linh","36","Lâm Đồng"
"8612","Xã Liên Đầm","412","Huyện Di Linh","36","Lâm Đồng"
"8613","Xã Gung Ré","412","Huyện Di Linh","36","Lâm Đồng"
"8614","Xã Bảo Thuận","412","Huyện Di Linh","36","Lâm Đồng"
"8615","Xã Hòa Ninh","412","Huyện Di Linh","36","Lâm Đồng"
"8616","Xã Hòa Trung","412","Huyện Di Linh","36","Lâm Đồng"
"8617","Xã Hòa Nam","412","Huyện Di Linh","36","Lâm Đồng"
"8618","Xã Hòa Bắc","412","Huyện Di Linh","36","Lâm Đồng"
"8619","Xã Sơn Điền","412","Huyện Di Linh","36","Lâm Đồng"
"8620","Xã Gia Bắc","412","Huyện Di Linh","36","Lâm Đồng"
"8621","Thị trấn Lộc Thắng","410","Huyện Bảo Lâm","36","Lâm Đồng"
"8622","Xã Lộc Bảo","410","Huyện Bảo Lâm","36","Lâm Đồng"
"8623","Xã Lộc Lâm","410","Huyện Bảo Lâm","36","Lâm Đồng"
"8624","Xã Lộc Phú","410","Huyện Bảo Lâm","36","Lâm Đồng"
"8625","Xã Lộc Bắc","410","Huyện Bảo Lâm","36","Lâm Đồng"
"8626","Xã B' Lá","410","Huyện Bảo Lâm","36","Lâm Đồng"
"8627","Xã Lộc Ngãi","410","Huyện Bảo Lâm","36","Lâm Đồng"
"8628","Xã Lộc Quảng","410","Huyện Bảo Lâm","36","Lâm Đồng"
"8629","Xã Lộc Tân","410","Huyện Bảo Lâm","36","Lâm Đồng"
"8630","Xã Lộc Đức","410","Huyện Bảo Lâm","36","Lâm Đồng"
"8631","Xã Lộc An","410","Huyện Bảo Lâm","36","Lâm Đồng"
"8632","Xã Tân Lạc","410","Huyện Bảo Lâm","36","Lâm Đồng"
"8633","Xã Lộc Thành","410","Huyện Bảo Lâm","36","Lâm Đồng"
"8634","Xã Lộc Nam","410","Huyện Bảo Lâm","36","Lâm Đồng"
"8635","Thị trấn Đạ M'ri","414","Huyện Đạ Huoai","36","Lâm Đồng"
"8636","Thị trấn Ma Đa Guôi","414","Huyện Đạ Huoai","36","Lâm Đồng"
"8637","Xã Đạ M'ri","414","Huyện Đạ Huoai","36","Lâm Đồng"
"8638","Xã Hà Lâm","414","Huyện Đạ Huoai","36","Lâm Đồng"
"8639","Xã Đạ Tồn","414","Huyện Đạ Huoai","36","Lâm Đồng"
"8640","Xã Đạ Oai","414","Huyện Đạ Huoai","36","Lâm Đồng"
"8641","Xã Đạ Ploa","414","Huyện Đạ Huoai","36","Lâm Đồng"
"8642","Xã Ma Đa Guôi","414","Huyện Đạ Huoai","36","Lâm Đồng"
"8643","Xã Đoàn Kết","414","Huyện Đạ Huoai","36","Lâm Đồng"
"8644","Xã Phước Lộc","414","Huyện Đạ Huoai","36","Lâm Đồng"
"8645","Thị trấn Đạ Tẻh","415","Huyện Đạ Tẻh","36","Lâm Đồng"
"8646","Xã An Nhơn","415","Huyện Đạ Tẻh","36","Lâm Đồng"
"8647","Xã Quốc Oai","415","Huyện Đạ Tẻh","36","Lâm Đồng"
"8648","Xã Mỹ Đức","415","Huyện Đạ Tẻh","36","Lâm Đồng"
"8649","Xã Quảng Trị","415","Huyện Đạ Tẻh","36","Lâm Đồng"
"8650","Xã Đạ Lây","415","Huyện Đạ Tẻh","36","Lâm Đồng"
"8651","Xã Hương Lâm","415","Huyện Đạ Tẻh","36","Lâm Đồng"
"8652","Xã Triệu Hải","415","Huyện Đạ Tẻh","36","Lâm Đồng"
"8653","Xã Hà Đông","415","Huyện Đạ Tẻh","36","Lâm Đồng"
"8654","Xã Đạ Kho","415","Huyện Đạ Tẻh","36","Lâm Đồng"
"8655","Xã Đạ Pal","415","Huyện Đạ Tẻh","36","Lâm Đồng"
"8656","Thị trấn Cát Tiên","411","Huyện Cát Tiên","36","Lâm Đồng"
"8657","Xã Tiên Hoàng","411","Huyện Cát Tiên","36","Lâm Đồng"
"8658","Xã Phước Cát 2","411","Huyện Cát Tiên","36","Lâm Đồng"
"8659","Xã Gia Viễn","411","Huyện Cát Tiên","36","Lâm Đồng"
"8660","Xã Nam Ninh","411","Huyện Cát Tiên","36","Lâm Đồng"
"8661","Xã Mỹ Lâm","411","Huyện Cát Tiên","36","Lâm Đồng"
"8662","Xã Tư Nghĩa","411","Huyện Cát Tiên","36","Lâm Đồng"
"8663","Xã Phước Cát 1","411","Huyện Cát Tiên","36","Lâm Đồng"
"8664","Xã Đức Phổ","411","Huyện Cát Tiên","36","Lâm Đồng"
"8665","Xã Quảng Ngãi","411","Huyện Cát Tiên","36","Lâm Đồng"
"8666","Xã Đồng Nai Thượng","411","Huyện Cát Tiên","36","Lâm Đồng"
"8667","Phường Tân Phú","132","Thành phố Đồng Xoài","12","Bình Phước"
"8668","Phường Tân Đồng","132","Thành phố Đồng Xoài","12","Bình Phước"
"8669","Phường Tân Bình","132","Thành phố Đồng Xoài","12","Bình Phước"
"8670","Phường Tân Xuân","132","Thành phố Đồng Xoài","12","Bình Phước"
"8671","Phường Tân Thiện","132","Thành phố Đồng Xoài","12","Bình Phước"
"8672","Xã Tân Thành","132","Thành phố Đồng Xoài","12","Bình Phước"
"8673","Phường Tiến Thành","132","Thành phố Đồng Xoài","12","Bình Phước"
"8674","Xã Tiến Hưng","132","Thành phố Đồng Xoài","12","Bình Phước"
"8675","Phường Thác Mơ","134","Thị xã Phước Long","12","Bình Phước"
"8676","Phường Long Thủy","134","Thị xã Phước Long","12","Bình Phước"
"8677","Phường Phước Bình","134","Thị xã Phước Long","12","Bình Phước"
"8678","Phường Long Phước","134","Thị xã Phước Long","12","Bình Phước"
"8679","Xã Bù Gia Mập","137","Huyện Bù Gia Mập","12","Bình Phước"
"8680","Xã Đak Ơ","137","Huyện Bù Gia Mập","12","Bình Phước"
"8681","Xã Đức Hạnh","137","Huyện Bù Gia Mập","12","Bình Phước"
"8682","Xã Phú Văn","137","Huyện Bù Gia Mập","12","Bình Phước"
"8683","Xã Đa Kia","137","Huyện Bù Gia Mập","12","Bình Phước"
"8684","Xã Phước Minh","137","Huyện Bù Gia Mập","12","Bình Phước"
"8685","Xã Bình Thắng","137","Huyện Bù Gia Mập","12","Bình Phước"
"8686","Phường Sơn Giang","134","Thị xã Phước Long","12","Bình Phước"
"8687","Xã Long Bình","703","Huyện Phú Riềng","12","Bình Phước"
"8688","Xã Bình Tân","703","Huyện Phú Riềng","12","Bình Phước"
"8689","Xã Bình Sơn","703","Huyện Phú Riềng","12","Bình Phước"
"8690","Xã Long Giang","134","Thị xã Phước Long","12","Bình Phước"
"8691","Xã Long Hưng","703","Huyện Phú Riềng","12","Bình Phước"
"8692","Xã Phước Tín","134","Thị xã Phước Long","12","Bình Phước"
"8693","Xã Phước Tân","703","Huyện Phú Riềng","12","Bình Phước"
"8694","Xã Bù Nho","703","Huyện Phú Riềng","12","Bình Phước"
"8695","Xã Long Hà","703","Huyện Phú Riềng","12","Bình Phước"
"8696","Xã Long Tân","703","Huyện Phú Riềng","12","Bình Phước"
"8697","Xã Phú Trung","703","Huyện Phú Riềng","12","Bình Phước"
"8698","Xã Phú Riềng","703","Huyện Phú Riềng","12","Bình Phước"
"8699","Xã Phú Nghĩa","137","Huyện Bù Gia Mập","12","Bình Phước"
"8700","Thị trấn Lộc Ninh","141","Huyện Lộc Ninh","12","Bình Phước"
"8701","Xã Lộc Hòa","141","Huyện Lộc Ninh","12","Bình Phước"
"8702","Xã Lộc An","141","Huyện Lộc Ninh","12","Bình Phước"
"8703","Xã Lộc Tấn","141","Huyện Lộc Ninh","12","Bình Phước"
"8704","Xã Lộc Thạnh","141","Huyện Lộc Ninh","12","Bình Phước"
"8705","Xã Lộc Hiệp","141","Huyện Lộc Ninh","12","Bình Phước"
"8706","Xã Lộc Thiện","141","Huyện Lộc Ninh","12","Bình Phước"
"8707","Xã Lộc Thuận","141","Huyện Lộc Ninh","12","Bình Phước"
"8708","Xã Lộc Quang","141","Huyện Lộc Ninh","12","Bình Phước"
"8709","Xã Lộc Phú","141","Huyện Lộc Ninh","12","Bình Phước"
"8710","Xã Lộc Thành","141","Huyện Lộc Ninh","12","Bình Phước"
"8711","Xã Lộc Thái","141","Huyện Lộc Ninh","12","Bình Phước"
"8712","Xã Lộc Điền","141","Huyện Lộc Ninh","12","Bình Phước"
"8713","Xã Lộc Hưng","141","Huyện Lộc Ninh","12","Bình Phước"
"8714","Xã Lộc Thịnh","141","Huyện Lộc Ninh","12","Bình Phước"
"8715","Xã Lộc Khánh","141","Huyện Lộc Ninh","12","Bình Phước"
"8716","Thị trấn Thanh Bình","136","Huyện Bù Đốp","12","Bình Phước"
"8717","Xã Hưng Phước","136","Huyện Bù Đốp","12","Bình Phước"
"8718","Xã Phước Thiện","136","Huyện Bù Đốp","12","Bình Phước"
"8719","Xã Thiện Hưng","136","Huyện Bù Đốp","12","Bình Phước"
"8720","Xã Thanh Hòa","136","Huyện Bù Đốp","12","Bình Phước"
"8721","Xã Tân Thành","136","Huyện Bù Đốp","12","Bình Phước"
"8722","Phường Hưng Chiến","133","Thị xã Bình Long","12","Bình Phước"
"8723","Xã Tân Tiến","136","Huyện Bù Đốp","12","Bình Phước"
"8724","Phường An Lộc","133","Thị xã Bình Long","12","Bình Phước"
"8725","Phường Phú Thịnh","133","Thị xã Bình Long","12","Bình Phước"
"8726","Phường Phú Đức","133","Thị xã Bình Long","12","Bình Phước"
"8727","Xã Thanh An","140","Huyện Hớn Quản","12","Bình Phước"
"8728","Xã An Khương","140","Huyện Hớn Quản","12","Bình Phước"
"8729","Xã Thanh Lương","133","Thị xã Bình Long","12","Bình Phước"
"8730","Xã Thanh Phú","133","Thị xã Bình Long","12","Bình Phước"
"8731","Xã An Phú","140","Huyện Hớn Quản","12","Bình Phước"
"8732","Xã Tân Lợi","140","Huyện Hớn Quản","12","Bình Phước"
"8733","Xã Tân Hưng","140","Huyện Hớn Quản","12","Bình Phước"
"8734","Xã Minh Đức","140","Huyện Hớn Quản","12","Bình Phước"
"8735","Xã Minh Tâm","140","Huyện Hớn Quản","12","Bình Phước"
"8736","Xã Phước An","140","Huyện Hớn Quản","12","Bình Phước"
"8737","Xã Thanh Bình","140","Huyện Hớn Quản","12","Bình Phước"
"8738","Thị trấn Tân Khai","140","Huyện Hớn Quản","12","Bình Phước"
"8739","Xã Đồng Nơ","140","Huyện Hớn Quản","12","Bình Phước"
"8740","Xã Tân Hiệp","140","Huyện Hớn Quản","12","Bình Phước"
"8741","Thị trấn Tân Phú","139","Huyện Đồng Phú","12","Bình Phước"
"8742","Xã Thuận Lợi","139","Huyện Đồng Phú","12","Bình Phước"
"8743","Xã Đồng Tâm","139","Huyện Đồng Phú","12","Bình Phước"
"8744","Xã Tân Phước","139","Huyện Đồng Phú","12","Bình Phước"
"8745","Xã Tân Hưng","139","Huyện Đồng Phú","12","Bình Phước"
"8746","Xã Tân Lợi","139","Huyện Đồng Phú","12","Bình Phước"
"8747","Xã Tân Lập","139","Huyện Đồng Phú","12","Bình Phước"
"8748","Xã Tân Hòa","139","Huyện Đồng Phú","12","Bình Phước"
"8749","Xã Thuận Phú","139","Huyện Đồng Phú","12","Bình Phước"
"8750","Xã Đồng Tiến","139","Huyện Đồng Phú","12","Bình Phước"
"8751","Xã Tân Tiến","139","Huyện Đồng Phú","12","Bình Phước"
"8752","Thị trấn Đức Phong","135","Huyện Bù Đăng","12","Bình Phước"
"8753","Xã Đường 10","135","Huyện Bù Đăng","12","Bình Phước"
"8754","Xã Đak Nhau","135","Huyện Bù Đăng","12","Bình Phước"
"8755","Xã Phú Sơn","135","Huyện Bù Đăng","12","Bình Phước"
"8756","Xã Thọ Sơn","135","Huyện Bù Đăng","12","Bình Phước"
"8757","Xã Bình Minh","135","Huyện Bù Đăng","12","Bình Phước"
"8758","Xã Bom Bo","135","Huyện Bù Đăng","12","Bình Phước"
"8759","Xã Minh Hưng","135","Huyện Bù Đăng","12","Bình Phước"
"8760","Xã Đoàn Kết","135","Huyện Bù Đăng","12","Bình Phước"
"8761","Xã Đồng Nai","135","Huyện Bù Đăng","12","Bình Phước"
"8762","Xã Đức Liễu","135","Huyện Bù Đăng","12","Bình Phước"
"8763","Xã Thống Nhất","135","Huyện Bù Đăng","12","Bình Phước"
"8764","Xã Nghĩa Trung","135","Huyện Bù Đăng","12","Bình Phước"
"8765","Xã Nghĩa Bình","135","Huyện Bù Đăng","12","Bình Phước"
"8766","Xã Đăng Hà","135","Huyện Bù Đăng","12","Bình Phước"
"8767","Xã Phước Sơn","135","Huyện Bù Đăng","12","Bình Phước"
"8768","Thị trấn Chơn Thành","138","Huyện Chơn Thành","12","Bình Phước"
"8769","Xã Thành Tâm","138","Huyện Chơn Thành","12","Bình Phước"
"8770","Xã Minh Lập","138","Huyện Chơn Thành","12","Bình Phước"
"8771","Xã Tân Quan","140","Huyện Hớn Quản","12","Bình Phước"
"8772","Xã Quang Minh","138","Huyện Chơn Thành","12","Bình Phước"
"8773","Xã Minh Hưng","138","Huyện Chơn Thành","12","Bình Phước"
"8774","Xã Minh Long","138","Huyện Chơn Thành","12","Bình Phước"
"8775","Xã Minh Thành","138","Huyện Chơn Thành","12","Bình Phước"
"8776","Xã Nha Bích","138","Huyện Chơn Thành","12","Bình Phước"
"8777","Xã Minh Thắng","138","Huyện Chơn Thành","12","Bình Phước"
"8778","Phường 1","576","Thành phố Tây Ninh","53","Tây Ninh"
"8779","Phường 3","576","Thành phố Tây Ninh","53","Tây Ninh"
"8780","Phường 4","576","Thành phố Tây Ninh","53","Tây Ninh"
"8781","Phường Hiệp Ninh","576","Thành phố Tây Ninh","53","Tây Ninh"
"8782","Phường 2","576","Thành phố Tây Ninh","53","Tây Ninh"
"8783","Xã Thạnh Tân","576","Thành phố Tây Ninh","53","Tây Ninh"
"8784","Xã Tân Bình","576","Thành phố Tây Ninh","53","Tây Ninh"
"8785","Xã Bình Minh","576","Thành phố Tây Ninh","53","Tây Ninh"
"8786","Phường Ninh Sơn","576","Thành phố Tây Ninh","53","Tây Ninh"
"8787","Phường Ninh Thạnh","576","Thành phố Tây Ninh","53","Tây Ninh"
"8788","Thị trấn Tân Biên","577","Huyện Tân Biên","53","Tây Ninh"
"8789","Xã Tân Lập","577","Huyện Tân Biên","53","Tây Ninh"
"8790","Xã Thạnh Bắc","577","Huyện Tân Biên","53","Tây Ninh"
"8791","Xã Tân Bình","577","Huyện Tân Biên","53","Tây Ninh"
"8792","Xã Thạnh Bình","577","Huyện Tân Biên","53","Tây Ninh"
"8793","Xã Thạnh Tây","577","Huyện Tân Biên","53","Tây Ninh"
"8794","Xã Hòa Hiệp","577","Huyện Tân Biên","53","Tây Ninh"
"8795","Xã Tân Phong","577","Huyện Tân Biên","53","Tây Ninh"
"8796","Xã Mỏ Công","577","Huyện Tân Biên","53","Tây Ninh"
"8797","Xã Trà Vong","577","Huyện Tân Biên","53","Tây Ninh"
"8798","Thị trấn Tân Châu","578","Huyện Tân Châu","53","Tây Ninh"
"8799","Xã Tân Hà","578","Huyện Tân Châu","53","Tây Ninh"
"8800","Xã Tân Đông","578","Huyện Tân Châu","53","Tây Ninh"
"8801","Xã Tân Hội","578","Huyện Tân Châu","53","Tây Ninh"
"8802","Xã Tân Hòa","578","Huyện Tân Châu","53","Tây Ninh"
"8803","Xã Suối Ngô","578","Huyện Tân Châu","53","Tây Ninh"
"8804","Xã Suối Dây","578","Huyện Tân Châu","53","Tây Ninh"
"8805","Xã Tân Hiệp","578","Huyện Tân Châu","53","Tây Ninh"
"8806","Xã Thạnh Đông","578","Huyện Tân Châu","53","Tây Ninh"
"8807","Xã Tân Thành","578","Huyện Tân Châu","53","Tây Ninh"
"8808","Xã Tân Phú","578","Huyện Tân Châu","53","Tây Ninh"
"8809","Xã Tân Hưng","578","Huyện Tân Châu","53","Tây Ninh"
"8810","Thị trấn Dương Minh Châu","579","Huyện Dương Minh Châu","53","Tây Ninh"
"8811","Xã Suối Đá","579","Huyện Dương Minh Châu","53","Tây Ninh"
"8812","Xã Phan","579","Huyện Dương Minh Châu","53","Tây Ninh"
"8813","Xã Phước Ninh","579","Huyện Dương Minh Châu","53","Tây Ninh"
"8814","Xã Phước Minh","579","Huyện Dương Minh Châu","53","Tây Ninh"
"8815","Xã Bàu Năng","579","Huyện Dương Minh Châu","53","Tây Ninh"
"8816","Xã Chà Là","579","Huyện Dương Minh Châu","53","Tây Ninh"
"8817","Xã Cầu Khởi","579","Huyện Dương Minh Châu","53","Tây Ninh"
"8818","Xã Bến Củi","579","Huyện Dương Minh Châu","53","Tây Ninh"
"8819","Xã Lộc Ninh","579","Huyện Dương Minh Châu","53","Tây Ninh"
"8820","Xã Truông Mít","579","Huyện Dương Minh Châu","53","Tây Ninh"
"8821","Thị trấn Châu Thành","580","Huyện Châu Thành","53","Tây Ninh"
"8822","Xã Hảo Đước","580","Huyện Châu Thành","53","Tây Ninh"
"8823","Xã Phước Vinh","580","Huyện Châu Thành","53","Tây Ninh"
"8824","Xã Đồng Khởi","580","Huyện Châu Thành","53","Tây Ninh"
"8825","Xã Thái Bình","580","Huyện Châu Thành","53","Tây Ninh"
"8826","Xã An Cơ","580","Huyện Châu Thành","53","Tây Ninh"
"8827","Xã Biên Giới","580","Huyện Châu Thành","53","Tây Ninh"
"8828","Xã Hòa Thạnh","580","Huyện Châu Thành","53","Tây Ninh"
"8829","Xã Trí Bình","580","Huyện Châu Thành","53","Tây Ninh"
"8830","Xã Hòa Hội","580","Huyện Châu Thành","53","Tây Ninh"
"8831","Xã An Bình","580","Huyện Châu Thành","53","Tây Ninh"
"8832","Xã Thanh Điền","580","Huyện Châu Thành","53","Tây Ninh"
"8833","Xã Thành Long","580","Huyện Châu Thành","53","Tây Ninh"
"8834","Xã Ninh Điền","580","Huyện Châu Thành","53","Tây Ninh"
"8835","Xã Long Vĩnh","580","Huyện Châu Thành","53","Tây Ninh"
"8836","Thị trấn Hòa Thành","581","Thị xã Hòa Thành","53","Tây Ninh"
"8837","Xã Hiệp Tân","581","Thị xã Hòa Thành","53","Tây Ninh"
"8838","Phường Long Thành Bắc","581","Thị xã Hòa Thành","53","Tây Ninh"
"8839","Xã Trường Hòa","581","Thị xã Hòa Thành","53","Tây Ninh"
"8840","Xã Trường Đông","581","Thị xã Hòa Thành","53","Tây Ninh"
"8841","Phường Long Thành Trung","581","Thị xã Hòa Thành","53","Tây Ninh"
"8842","Xã Trường Tây","581","Thị xã Hòa Thành","53","Tây Ninh"
"8843","Xã Long Thành Nam","581","Thị xã Hòa Thành","53","Tây Ninh"
"8844","Thị trấn Gò Dầu","583","Huyện Gò Dầu","53","Tây Ninh"
"8845","Xã Thạnh Đức","583","Huyện Gò Dầu","53","Tây Ninh"
"8846","Xã Cẩm Giang","583","Huyện Gò Dầu","53","Tây Ninh"
"8847","Xã Hiệp Thạnh","583","Huyện Gò Dầu","53","Tây Ninh"
"8848","Xã Bàu Đồn","583","Huyện Gò Dầu","53","Tây Ninh"
"8849","Xã Phước Thạnh","583","Huyện Gò Dầu","53","Tây Ninh"
"8850","Xã Phước Đông","583","Huyện Gò Dầu","53","Tây Ninh"
"8851","Xã Phước Trạch","583","Huyện Gò Dầu","53","Tây Ninh"
"8852","Xã Thanh Phước","583","Huyện Gò Dầu","53","Tây Ninh"
"8853","Thị trấn Bến Cầu","582","Huyện Bến Cầu","53","Tây Ninh"
"8854","Xã Long Chữ","582","Huyện Bến Cầu","53","Tây Ninh"
"8855","Xã Long Phước","582","Huyện Bến Cầu","53","Tây Ninh"
"8856","Xã Long Giang","582","Huyện Bến Cầu","53","Tây Ninh"
"8857","Xã Tiên Thuận","582","Huyện Bến Cầu","53","Tây Ninh"
"8858","Xã Long Khánh","582","Huyện Bến Cầu","53","Tây Ninh"
"8859","Xã Lợi Thuận","582","Huyện Bến Cầu","53","Tây Ninh"
"8860","Xã Long Thuận","582","Huyện Bến Cầu","53","Tây Ninh"
"8861","Xã An Thạnh","582","Huyện Bến Cầu","53","Tây Ninh"
"8862","Phường Trảng Bàng","584","Thị xã Trảng Bàng","53","Tây Ninh"
"8863","Xã Đôn Thuận","584","Thị xã Trảng Bàng","53","Tây Ninh"
"8864","Xã Hưng Thuận","584","Thị xã Trảng Bàng","53","Tây Ninh"
"8865","Phường Lộc Hưng","584","Thị xã Trảng Bàng","53","Tây Ninh"
"8866","Phường Gia Lộc","584","Thị xã Trảng Bàng","53","Tây Ninh"
"8867","Phường Gia Bình","584","Thị xã Trảng Bàng","53","Tây Ninh"
"8868","Xã Phước Bình","584","Thị xã Trảng Bàng","53","Tây Ninh"
"8869","Xã Bình Thạnh","584","Thị xã Trảng Bàng","53","Tây Ninh"
"8870","Phường An Tịnh","584","Thị xã Trảng Bàng","53","Tây Ninh"
"8871","Phường An Hòa","584","Thị xã Trảng Bàng","53","Tây Ninh"
"8872","Xã Phước Chỉ","584","Thị xã Trảng Bàng","53","Tây Ninh"
"8873","Phường Hiệp Thành","114","Thành phố Thủ Dầu Một","10","Bình Dương"
"8874","Phường Phú Lợi","114","Thành phố Thủ Dầu Một","10","Bình Dương"
"8875","Phường Phú Cường","114","Thành phố Thủ Dầu Một","10","Bình Dương"
"8876","Phường Phú Hòa","114","Thành phố Thủ Dầu Một","10","Bình Dương"
"8877","Phường Phú Thọ","114","Thành phố Thủ Dầu Một","10","Bình Dương"
"8878","Phường Chánh Nghĩa","114","Thành phố Thủ Dầu Một","10","Bình Dương"
"8879","Phường Định Hòa","114","Thành phố Thủ Dầu Một","10","Bình Dương"
"8880","Phường Hòa Phú","114","Thành phố Thủ Dầu Một","10","Bình Dương"
"8881","Phường Phú Mỹ","114","Thành phố Thủ Dầu Một","10","Bình Dương"
"8882","Phường Phú Tân","114","Thành phố Thủ Dầu Một","10","Bình Dương"
"8883","Phường Tân An","114","Thành phố Thủ Dầu Một","10","Bình Dương"
"8884","Phường Hiệp An","114","Thành phố Thủ Dầu Một","10","Bình Dương"
"8885","Phường Tương Bình Hiệp","114","Thành phố Thủ Dầu Một","10","Bình Dương"
"8886","Phường Chánh Mỹ","114","Thành phố Thủ Dầu Một","10","Bình Dương"
"8887","Thị trấn Dầu Tiếng","116","Huyện Dầu Tiếng","10","Bình Dương"
"8888","Xã Minh Hòa","116","Huyện Dầu Tiếng","10","Bình Dương"
"8889","Xã Minh Thạnh","116","Huyện Dầu Tiếng","10","Bình Dương"
"8890","Xã Minh Tân","116","Huyện Dầu Tiếng","10","Bình Dương"
"8891","Xã Định An","116","Huyện Dầu Tiếng","10","Bình Dương"
"8892","Xã Long Hòa","116","Huyện Dầu Tiếng","10","Bình Dương"
"8893","Xã Định Thành","116","Huyện Dầu Tiếng","10","Bình Dương"
"8894","Xã Định Hiệp","116","Huyện Dầu Tiếng","10","Bình Dương"
"8895","Xã An Lập","116","Huyện Dầu Tiếng","10","Bình Dương"
"8896","Xã Long Tân","116","Huyện Dầu Tiếng","10","Bình Dương"
"8897","Xã Thanh An","116","Huyện Dầu Tiếng","10","Bình Dương"
"8898","Xã Thanh Tuyền","116","Huyện Dầu Tiếng","10","Bình Dương"
"8899","Phường Mỹ Phước","115","Thị xã Bến Cát","10","Bình Dương"
"8900","Xã Trừ Văn Thố","117","Huyện Bàu Bàng","10","Bình Dương"
"8901","Xã Cây Trường 2","117","Huyện Bàu Bàng","10","Bình Dương"
"8902","Thị trấn Lai Uyên","117","Huyện Bàu Bàng","10","Bình Dương"
"8903","Xã Tân Hưng","117","Huyện Bàu Bàng","10","Bình Dương"
"8904","Xã Long Nguyên","117","Huyện Bàu Bàng","10","Bình Dương"
"8905","Xã Hưng Hòa","117","Huyện Bàu Bàng","10","Bình Dương"
"8906","Xã Lai Hưng","117","Huyện Bàu Bàng","10","Bình Dương"
"8907","Phường Chánh Phú Hòa","115","Thị xã Bến Cát","10","Bình Dương"
"8908","Xã An Điền","115","Thị xã Bến Cát","10","Bình Dương"
"8909","Xã An Tây","115","Thị xã Bến Cát","10","Bình Dương"
"8910","Phường Thới Hòa","115","Thị xã Bến Cát","10","Bình Dương"
"8911","Phường Hòa Lợi","115","Thị xã Bến Cát","10","Bình Dương"
"8912","Phường Tân Định","115","Thị xã Bến Cát","10","Bình Dương"
"8913","Xã Phú An","115","Thị xã Bến Cát","10","Bình Dương"
"8914","Thị trấn Phước Vĩnh","118","Huyện Phú Giáo","10","Bình Dương"
"8915","Xã An Linh","118","Huyện Phú Giáo","10","Bình Dương"
"8916","Xã Phước Sang","118","Huyện Phú Giáo","10","Bình Dương"
"8917","Xã An Thái","118","Huyện Phú Giáo","10","Bình Dương"
"8918","Xã An Long","118","Huyện Phú Giáo","10","Bình Dương"
"8919","Xã An Bình","118","Huyện Phú Giáo","10","Bình Dương"
"8920","Xã Tân Hiệp","118","Huyện Phú Giáo","10","Bình Dương"
"8921","Xã Tam Lập","118","Huyện Phú Giáo","10","Bình Dương"
"8922","Xã Tân Long","118","Huyện Phú Giáo","10","Bình Dương"
"8923","Xã Vĩnh Hòa","118","Huyện Phú Giáo","10","Bình Dương"
"8924","Xã Phước Hòa","118","Huyện Phú Giáo","10","Bình Dương"
"8925","Phường Uyên Hưng","119","Thị xã Tân Uyên","10","Bình Dương"
"8926","Phường Tân Phước Khánh","119","Thị xã Tân Uyên","10","Bình Dương"
"8927","Xã Tân Định","700","Huyện Bắc Tân Uyên","10","Bình Dương"
"8928","Xã Bình Mỹ","700","Huyện Bắc Tân Uyên","10","Bình Dương"
"8929","Xã Tân Bình","700","Huyện Bắc Tân Uyên","10","Bình Dương"
"8930","Xã Tân Lập","700","Huyện Bắc Tân Uyên","10","Bình Dương"
"8931","Thị trấn Tân Thành","700","Huyện Bắc Tân Uyên","10","Bình Dương"
"8932","Xã Đất Cuốc","700","Huyện Bắc Tân Uyên","10","Bình Dương"
"8933","Xã Hiếu Liêm","700","Huyện Bắc Tân Uyên","10","Bình Dương"
"8934","Xã Lạc An","700","Huyện Bắc Tân Uyên","10","Bình Dương"
"8935","Phường Vĩnh Tân","119","Thị xã Tân Uyên","10","Bình Dương"
"8936","Phường Hội Nghĩa","119","Thị xã Tân Uyên","10","Bình Dương"
"8937","Xã Tân Mỹ","700","Huyện Bắc Tân Uyên","10","Bình Dương"
"8938","Phường Tân Hiệp","119","Thị xã Tân Uyên","10","Bình Dương"
"8939","Phường Khánh Bình","119","Thị xã Tân Uyên","10","Bình Dương"
"8940","Phường Phú Chánh","119","Thị xã Tân Uyên","10","Bình Dương"
"8941","Xã Thường Tân","700","Huyện Bắc Tân Uyên","10","Bình Dương"
"8942","Xã Bạch Đằng","119","Thị xã Tân Uyên","10","Bình Dương"
"8943","Phường Tân Vĩnh Hiệp","119","Thị xã Tân Uyên","10","Bình Dương"
"8944","Phường Thạnh Phước","119","Thị xã Tân Uyên","10","Bình Dương"
"8945","Xã Thạnh Hội","119","Thị xã Tân Uyên","10","Bình Dương"
"8946","Phường Thái Hòa","119","Thị xã Tân Uyên","10","Bình Dương"
"8947","Phường Dĩ An","120","Thành phố Dĩ An","10","Bình Dương"
"8948","Phường Tân Bình","120","Thành phố Dĩ An","10","Bình Dương"
"8949","Phường Tân Đông Hiệp","120","Thành phố Dĩ An","10","Bình Dương"
"8950","Phường Bình An","120","Thành phố Dĩ An","10","Bình Dương"
"8951","Phường Bình Thắng","120","Thành phố Dĩ An","10","Bình Dương"
"8952","Phường Đông Hòa","120","Thành phố Dĩ An","10","Bình Dương"
"8953","Phường An Bình","120","Thành phố Dĩ An","10","Bình Dương"
"8954","Phường An Thạnh","701","Thành phố Thuận An","10","Bình Dương"
"8955","Phường Lái Thiêu","701","Thành phố Thuận An","10","Bình Dương"
"8956","Phường Bình Chuẩn","701","Thành phố Thuận An","10","Bình Dương"
"8957","Phường Thuận Giao","701","Thành phố Thuận An","10","Bình Dương"
"8958","Phường An Phú","701","Thành phố Thuận An","10","Bình Dương"
"8959","Phường Hưng Định","701","Thành phố Thuận An","10","Bình Dương"
"8960","Xã An Sơn","701","Thành phố Thuận An","10","Bình Dương"
"8961","Phường Bình Nhâm","701","Thành phố Thuận An","10","Bình Dương"
"8962","Phường Bình Hòa","701","Thành phố Thuận An","10","Bình Dương"
"8963","Phường Vĩnh Phú","701","Thành phố Thuận An","10","Bình Dương"
"8964","Phường Trảng Dài","224","Thành phố Biên Hòa","21","Đồng Nai"
"8965","Phường Tân Phong","224","Thành phố Biên Hòa","21","Đồng Nai"
"8966","Phường Tân Biên","224","Thành phố Biên Hòa","21","Đồng Nai"
"8967","Phường Hố Nai","224","Thành phố Biên Hòa","21","Đồng Nai"
"8968","Phường Tân Hòa","224","Thành phố Biên Hòa","21","Đồng Nai"
"8969","Phường Tân Hiệp","224","Thành phố Biên Hòa","21","Đồng Nai"
"8970","Phường Bửu Long","224","Thành phố Biên Hòa","21","Đồng Nai"
"8971","Phường Tân Tiến","224","Thành phố Biên Hòa","21","Đồng Nai"
"8972","Phường Tam Hiệp","224","Thành phố Biên Hòa","21","Đồng Nai"
"8973","Phường Long Bình","224","Thành phố Biên Hòa","21","Đồng Nai"
"8974","Phường Quang Vinh","224","Thành phố Biên Hòa","21","Đồng Nai"
"8975","Phường Tân Mai","224","Thành phố Biên Hòa","21","Đồng Nai"
"8976","Phường Thống Nhất","224","Thành phố Biên Hòa","21","Đồng Nai"
"8977","Phường Trung Dũng","224","Thành phố Biên Hòa","21","Đồng Nai"
"8978","Phường Tam Hòa","224","Thành phố Biên Hòa","21","Đồng Nai"
"8979","Phường Hòa Bình","224","Thành phố Biên Hòa","21","Đồng Nai"
"8980","Phường Quyết Thắng","224","Thành phố Biên Hòa","21","Đồng Nai"
"8981","Phường Thanh Bình","224","Thành phố Biên Hòa","21","Đồng Nai"
"8982","Phường Bình Đa","224","Thành phố Biên Hòa","21","Đồng Nai"
"8983","Phường An Bình","224","Thành phố Biên Hòa","21","Đồng Nai"
"8984","Phường Bửu Hòa","224","Thành phố Biên Hòa","21","Đồng Nai"
"8985","Phường Long Bình Tân","224","Thành phố Biên Hòa","21","Đồng Nai"
"8986","Phường Tân Vạn","224","Thành phố Biên Hòa","21","Đồng Nai"
"8987","Phường Tân Hạnh","224","Thành phố Biên Hòa","21","Đồng Nai"
"8988","Phường Hiệp Hòa","224","Thành phố Biên Hòa","21","Đồng Nai"
"8989","Phường Hóa An","224","Thành phố Biên Hòa","21","Đồng Nai"
"8990","Phường Xuân Trung","225","Thành phố Long Khánh","21","Đồng Nai"
"8991","Phường Xuân Thanh","225","Thành phố Long Khánh","21","Đồng Nai"
"8992","Phường Xuân Bình","225","Thành phố Long Khánh","21","Đồng Nai"
"8993","Phường Xuân An","225","Thành phố Long Khánh","21","Đồng Nai"
"8994","Phường Xuân Hòa","225","Thành phố Long Khánh","21","Đồng Nai"
"8995","Phường Phú Bình","225","Thành phố Long Khánh","21","Đồng Nai"
"8996","Xã Bình Lộc","225","Thành phố Long Khánh","21","Đồng Nai"
"8997","Xã Bảo Quang","225","Thành phố Long Khánh","21","Đồng Nai"
"8998","Phường Suối Tre","225","Thành phố Long Khánh","21","Đồng Nai"
"8999","Phường Bảo Vinh","225","Thành phố Long Khánh","21","Đồng Nai"
"9000","Phường Xuân Lập","225","Thành phố Long Khánh","21","Đồng Nai"
"9001","Phường Bàu Sen","225","Thành phố Long Khánh","21","Đồng Nai"
"9002","Xã Bàu Trâm","225","Thành phố Long Khánh","21","Đồng Nai"
"9003","Phường Xuân Tân","225","Thành phố Long Khánh","21","Đồng Nai"
"9004","Xã Hàng Gòn","225","Thành phố Long Khánh","21","Đồng Nai"
"9005","Thị trấn Tân Phú","229","Huyện Tân Phú","21","Đồng Nai"
"9006","Xã Dak Lua","229","Huyện Tân Phú","21","Đồng Nai"
"9007","Xã Nam Cát Tiên","229","Huyện Tân Phú","21","Đồng Nai"
"9008","Xã Phú An","229","Huyện Tân Phú","21","Đồng Nai"
"9009","Xã Núi Tượng","229","Huyện Tân Phú","21","Đồng Nai"
"9010","Xã Tà Lài","229","Huyện Tân Phú","21","Đồng Nai"
"9011","Xã Phú Lập","229","Huyện Tân Phú","21","Đồng Nai"
"9012","Xã Phú Sơn","229","Huyện Tân Phú","21","Đồng Nai"
"9013","Xã Phú Thịnh","229","Huyện Tân Phú","21","Đồng Nai"
"9014","Xã Thanh Sơn","229","Huyện Tân Phú","21","Đồng Nai"
"9015","Xã Phú Trung","229","Huyện Tân Phú","21","Đồng Nai"
"9016","Xã Phú Xuân","229","Huyện Tân Phú","21","Đồng Nai"
"9017","Xã Phú Lộc","229","Huyện Tân Phú","21","Đồng Nai"
"9018","Xã Phú Lâm","229","Huyện Tân Phú","21","Đồng Nai"
"9019","Xã Phú Bình","229","Huyện Tân Phú","21","Đồng Nai"
"9020","Xã Phú Thanh","229","Huyện Tân Phú","21","Đồng Nai"
"9021","Xã Trà Cổ","229","Huyện Tân Phú","21","Đồng Nai"
"9022","Xã Phú Điền","229","Huyện Tân Phú","21","Đồng Nai"
"9023","Thị trấn Vĩnh An","231","Huyện Vĩnh Cửu","21","Đồng Nai"
"9024","Xã Phú Lý","231","Huyện Vĩnh Cửu","21","Đồng Nai"
"9025","Xã Trị An","231","Huyện Vĩnh Cửu","21","Đồng Nai"
"9026","Xã Tân An","231","Huyện Vĩnh Cửu","21","Đồng Nai"
"9027","Xã Vĩnh Tân","231","Huyện Vĩnh Cửu","21","Đồng Nai"
"9028","Xã Bình Lợi","231","Huyện Vĩnh Cửu","21","Đồng Nai"
"9029","Xã Thạnh Phú","231","Huyện Vĩnh Cửu","21","Đồng Nai"
"9030","Xã Thiện Tân","231","Huyện Vĩnh Cửu","21","Đồng Nai"
"9031","Xã Tân Bình","231","Huyện Vĩnh Cửu","21","Đồng Nai"
"9032","Xã Bình Hòa","231","Huyện Vĩnh Cửu","21","Đồng Nai"
"9033","Xã Mã Đà","231","Huyện Vĩnh Cửu","21","Đồng Nai"
"9034","Xã Hiếu Liêm","231","Huyện Vĩnh Cửu","21","Đồng Nai"
"9035","Thị trấn Định Quán","226","Huyện Định Quán","21","Đồng Nai"
"9036","Xã Thanh Sơn","226","Huyện Định Quán","21","Đồng Nai"
"9037","Xã Phú Tân","226","Huyện Định Quán","21","Đồng Nai"
"9038","Xã Phú Vinh","226","Huyện Định Quán","21","Đồng Nai"
"9039","Xã Phú Lợi","226","Huyện Định Quán","21","Đồng Nai"
"9040","Xã Phú Hòa","226","Huyện Định Quán","21","Đồng Nai"
"9041","Xã Ngọc Định","226","Huyện Định Quán","21","Đồng Nai"
"9042","Xã La Ngà","226","Huyện Định Quán","21","Đồng Nai"
"9043","Xã Gia Canh","226","Huyện Định Quán","21","Đồng Nai"
"9044","Xã Phú Ngọc","226","Huyện Định Quán","21","Đồng Nai"
"9045","Xã Phú Cường","226","Huyện Định Quán","21","Đồng Nai"
"9046","Xã Túc Trưng","226","Huyện Định Quán","21","Đồng Nai"
"9047","Xã Phú Túc","226","Huyện Định Quán","21","Đồng Nai"
"9048","Xã Suối Nho","226","Huyện Định Quán","21","Đồng Nai"
"9049","Thị trấn Trảng Bom","234","Huyện Trảng Bom","21","Đồng Nai"
"9050","Xã Thanh Bình","234","Huyện Trảng Bom","21","Đồng Nai"
"9051","Xã Cây Gáo","234","Huyện Trảng Bom","21","Đồng Nai"
"9052","Xã Bàu Hàm","234","Huyện Trảng Bom","21","Đồng Nai"
"9053","Xã Sông Thao","234","Huyện Trảng Bom","21","Đồng Nai"
"9054","Xã Sông Trầu","234","Huyện Trảng Bom","21","Đồng Nai"
"9055","Xã Đông Hòa","234","Huyện Trảng Bom","21","Đồng Nai"
"9056","Xã Bắc Sơn","234","Huyện Trảng Bom","21","Đồng Nai"
"9057","Xã Hố Nai 3","234","Huyện Trảng Bom","21","Đồng Nai"
"9058","Xã Tây Hòa","234","Huyện Trảng Bom","21","Đồng Nai"
"9059","Xã Bình Minh","234","Huyện Trảng Bom","21","Đồng Nai"
"9060","Xã Trung Hòa","234","Huyện Trảng Bom","21","Đồng Nai"
"9061","Xã Đồi 61","234","Huyện Trảng Bom","21","Đồng Nai"
"9062","Xã Hưng Thịnh","234","Huyện Trảng Bom","21","Đồng Nai"
"9063","Xã Quảng Tiến","234","Huyện Trảng Bom","21","Đồng Nai"
"9064","Xã Giang Điền","234","Huyện Trảng Bom","21","Đồng Nai"
"9065","Xã An Viễn","234","Huyện Trảng Bom","21","Đồng Nai"
"9066","Xã Gia Tân 1","230","Huyện Thống Nhất","21","Đồng Nai"
"9067","Xã Gia Tân 2","230","Huyện Thống Nhất","21","Đồng Nai"
"9068","Xã Gia Tân 3","230","Huyện Thống Nhất","21","Đồng Nai"
"9069","Xã Gia Kiệm","230","Huyện Thống Nhất","21","Đồng Nai"
"9070","Xã Quang Trung","230","Huyện Thống Nhất","21","Đồng Nai"
"9071","Xã Bàu Hàm 2","230","Huyện Thống Nhất","21","Đồng Nai"
"9072","Xã Hưng Lộc","230","Huyện Thống Nhất","21","Đồng Nai"
"9073","Xã Lộ 25","230","Huyện Thống Nhất","21","Đồng Nai"
"9074","Xã Xuân Thiện","230","Huyện Thống Nhất","21","Đồng Nai"
"9075","Xã Xuân Thạnh","230","Huyện Thống Nhất","21","Đồng Nai"
"9076","Xã Sông Nhạn","233","Huyện Cẩm Mỹ","21","Đồng Nai"
"9077","Xã Xuân Quế","233","Huyện Cẩm Mỹ","21","Đồng Nai"
"9078","Xã Nhân Nghĩa","233","Huyện Cẩm Mỹ","21","Đồng Nai"
"9079","Xã Xuân Đường","233","Huyện Cẩm Mỹ","21","Đồng Nai"
"9080","Thị trấn Long Giao","233","Huyện Cẩm Mỹ","21","Đồng Nai"
"9081","Xã Xuân Mỹ","233","Huyện Cẩm Mỹ","21","Đồng Nai"
"9082","Xã Thừa Đức","233","Huyện Cẩm Mỹ","21","Đồng Nai"
"9083","Xã Bảo Bình","233","Huyện Cẩm Mỹ","21","Đồng Nai"
"9084","Xã Xuân Bảo","233","Huyện Cẩm Mỹ","21","Đồng Nai"
"9085","Xã Xuân Tây","233","Huyện Cẩm Mỹ","21","Đồng Nai"
"9086","Xã Xuân Đông","233","Huyện Cẩm Mỹ","21","Đồng Nai"
"9087","Xã Sông Ray","233","Huyện Cẩm Mỹ","21","Đồng Nai"
"9088","Xã Lâm San","233","Huyện Cẩm Mỹ","21","Đồng Nai"
"9089","Thị trấn Long Thành","227","Huyện Long Thành","21","Đồng Nai"
"9090","Xã An Hòa","224","Thành phố Biên Hòa","21","Đồng Nai"
"9091","Phường Tam Phước","224","Thành phố Biên Hòa","21","Đồng Nai"
"9092","Xã Phước Tân","224","Thành phố Biên Hòa","21","Đồng Nai"
"9093","Xã Long Hưng","224","Thành phố Biên Hòa","21","Đồng Nai"
"9094","Xã An Phước","227","Huyện Long Thành","21","Đồng Nai"
"9095","Xã Bình An","227","Huyện Long Thành","21","Đồng Nai"
"9096","Xã Long Đức","227","Huyện Long Thành","21","Đồng Nai"
"9097","Xã Lộc An","227","Huyện Long Thành","21","Đồng Nai"
"9098","Xã Bình Sơn","227","Huyện Long Thành","21","Đồng Nai"
"9099","Xã Tam An","227","Huyện Long Thành","21","Đồng Nai"
"9100","Xã Cẩm Đường","227","Huyện Long Thành","21","Đồng Nai"
"9101","Xã Long An","227","Huyện Long Thành","21","Đồng Nai"
"9102","Xã Suối Trầu","227","Huyện Long Thành","21","Đồng Nai"
"9103","Xã Bàu Cạn","227","Huyện Long Thành","21","Đồng Nai"
"9104","Xã Long Phước","227","Huyện Long Thành","21","Đồng Nai"
"9105","Xã Phước Bình","227","Huyện Long Thành","21","Đồng Nai"
"9106","Xã Tân Hiệp","227","Huyện Long Thành","21","Đồng Nai"
"9107","Xã Phước Thái","227","Huyện Long Thành","21","Đồng Nai"
"9108","Thị trấn Gia Ray","232","Huyện Xuân Lộc","21","Đồng Nai"
"9109","Xã Xuân Bắc","232","Huyện Xuân Lộc","21","Đồng Nai"
"9110","Xã Suối Cao","232","Huyện Xuân Lộc","21","Đồng Nai"
"9111","Xã Xuân Thành","232","Huyện Xuân Lộc","21","Đồng Nai"
"9112","Xã Xuân Thọ","232","Huyện Xuân Lộc","21","Đồng Nai"
"9113","Xã Xuân Trường","232","Huyện Xuân Lộc","21","Đồng Nai"
"9114","Xã Xuân Hòa","232","Huyện Xuân Lộc","21","Đồng Nai"
"9115","Xã Xuân Hưng","232","Huyện Xuân Lộc","21","Đồng Nai"
"9116","Xã Xuân Tâm","232","Huyện Xuân Lộc","21","Đồng Nai"
"9117","Xã Suối Cát","232","Huyện Xuân Lộc","21","Đồng Nai"
"9118","Xã Xuân Hiệp","232","Huyện Xuân Lộc","21","Đồng Nai"
"9119","Xã Xuân Phú","232","Huyện Xuân Lộc","21","Đồng Nai"
"9120","Xã Xuân Định","232","Huyện Xuân Lộc","21","Đồng Nai"
"9121","Xã Bảo Hòa","232","Huyện Xuân Lộc","21","Đồng Nai"
"9122","Xã Lang Minh","232","Huyện Xuân Lộc","21","Đồng Nai"
"9123","Xã Phước Thiền","228","Huyện Nhơn Trạch","21","Đồng Nai"
"9124","Xã Long Tân","228","Huyện Nhơn Trạch","21","Đồng Nai"
"9125","Xã Đại Phước","228","Huyện Nhơn Trạch","21","Đồng Nai"
"9126","Thị trấn Hiệp Phước","228","Huyện Nhơn Trạch","21","Đồng Nai"
"9127","Xã Phú Hữu","228","Huyện Nhơn Trạch","21","Đồng Nai"
"9128","Xã Phú Hội","228","Huyện Nhơn Trạch","21","Đồng Nai"
"9129","Xã Phú Thạnh","228","Huyện Nhơn Trạch","21","Đồng Nai"
"9130","Xã Phú Đông","228","Huyện Nhơn Trạch","21","Đồng Nai"
"9131","Xã Long Thọ","228","Huyện Nhơn Trạch","21","Đồng Nai"
"9132","Xã Vĩnh Thanh","228","Huyện Nhơn Trạch","21","Đồng Nai"
"9133","Xã Phước Khánh","228","Huyện Nhơn Trạch","21","Đồng Nai"
"9134","Xã Phước An","228","Huyện Nhơn Trạch","21","Đồng Nai"
"9135","Phường 1","65","Thành phố Vũng Tàu","4","Bà Rịa-Vũng Tàu"
"9136","Phường Thắng Tam","65","Thành phố Vũng Tàu","4","Bà Rịa-Vũng Tàu"
"9137","Phường 2","65","Thành phố Vũng Tàu","4","Bà Rịa-Vũng Tàu"
"9138","Phường 3","65","Thành phố Vũng Tàu","4","Bà Rịa-Vũng Tàu"
"9139","Phường 4","65","Thành phố Vũng Tàu","4","Bà Rịa-Vũng Tàu"
"9140","Phường 5","65","Thành phố Vũng Tàu","4","Bà Rịa-Vũng Tàu"
"9141","Phường Thắng Nhì","65","Thành phố Vũng Tàu","4","Bà Rịa-Vũng Tàu"
"9142","Phường 7","65","Thành phố Vũng Tàu","4","Bà Rịa-Vũng Tàu"
"9143","Phường Nguyễn An Ninh","65","Thành phố Vũng Tàu","4","Bà Rịa-Vũng Tàu"
"9144","Phường 8","65","Thành phố Vũng Tàu","4","Bà Rịa-Vũng Tàu"
"9145","Phường 9","65","Thành phố Vũng Tàu","4","Bà Rịa-Vũng Tàu"
"9146","Phường Thắng Nhất","65","Thành phố Vũng Tàu","4","Bà Rịa-Vũng Tàu"
"9147","Phường Rạch Dừa","65","Thành phố Vũng Tàu","4","Bà Rịa-Vũng Tàu"
"9148","Phường 10","65","Thành phố Vũng Tàu","4","Bà Rịa-Vũng Tàu"
"9149","Phường 11","65","Thành phố Vũng Tàu","4","Bà Rịa-Vũng Tàu"
"9150","Phường 12","65","Thành phố Vũng Tàu","4","Bà Rịa-Vũng Tàu"
"9151","Xã Long Sơn","65","Thành phố Vũng Tàu","4","Bà Rịa-Vũng Tàu"
"9152","Phường Phước Hưng","66","Thành phố Bà Rịa","4","Bà Rịa-Vũng Tàu"
"9153","Phường Phước Hiệp","66","Thành phố Bà Rịa","4","Bà Rịa-Vũng Tàu"
"9154","Phường Phước Nguyên","66","Thành phố Bà Rịa","4","Bà Rịa-Vũng Tàu"
"9155","Phường Long Toàn","66","Thành phố Bà Rịa","4","Bà Rịa-Vũng Tàu"
"9156","Phường Long Tâm","66","Thành phố Bà Rịa","4","Bà Rịa-Vũng Tàu"
"9157","Phường Phước Trung","66","Thành phố Bà Rịa","4","Bà Rịa-Vũng Tàu"
"9158","Phường Long Hương","66","Thành phố Bà Rịa","4","Bà Rịa-Vũng Tàu"
"9159","Phường Kim Dinh","66","Thành phố Bà Rịa","4","Bà Rịa-Vũng Tàu"
"9160","Xã Tân Hưng","66","Thành phố Bà Rịa","4","Bà Rịa-Vũng Tàu"
"9161","Xã Long Phước","66","Thành phố Bà Rịa","4","Bà Rịa-Vũng Tàu"
"9162","Xã Hòa Long","66","Thành phố Bà Rịa","4","Bà Rịa-Vũng Tàu"
"9163","Xã Bàu Chinh","70","Huyện Châu Đức","4","Bà Rịa-Vũng Tàu"
"9164","Thị trấn Ngãi Giao","70","Huyện Châu Đức","4","Bà Rịa-Vũng Tàu"
"9165","Xã Bình Ba","70","Huyện Châu Đức","4","Bà Rịa-Vũng Tàu"
"9166","Xã Suối Nghệ","70","Huyện Châu Đức","4","Bà Rịa-Vũng Tàu"
"9167","Xã Xuân Sơn","70","Huyện Châu Đức","4","Bà Rịa-Vũng Tàu"
"9168","Xã Sơn Bình","70","Huyện Châu Đức","4","Bà Rịa-Vũng Tàu"
"9169","Xã Bình Giã","70","Huyện Châu Đức","4","Bà Rịa-Vũng Tàu"
"9170","Xã Bình Trung","70","Huyện Châu Đức","4","Bà Rịa-Vũng Tàu"
"9171","Xã Xà Bang","70","Huyện Châu Đức","4","Bà Rịa-Vũng Tàu"
"9172","Xã Cù Bị","70","Huyện Châu Đức","4","Bà Rịa-Vũng Tàu"
"9173","Xã Láng Lớn","70","Huyện Châu Đức","4","Bà Rịa-Vũng Tàu"
"9174","Xã Quảng Thành","70","Huyện Châu Đức","4","Bà Rịa-Vũng Tàu"
"9175","Xã Kim Long","70","Huyện Châu Đức","4","Bà Rịa-Vũng Tàu"
"9176","Xã Suối Rao","70","Huyện Châu Đức","4","Bà Rịa-Vũng Tàu"
"9177","Xã Đá Bạc","70","Huyện Châu Đức","4","Bà Rịa-Vũng Tàu"
"9178","Xã Nghĩa Thành","70","Huyện Châu Đức","4","Bà Rịa-Vũng Tàu"
"9179","Thị trấn Phước Bửu","71","Huyện Xuyên Mộc","4","Bà Rịa-Vũng Tàu"
"9180","Xã Phước Thuận","71","Huyện Xuyên Mộc","4","Bà Rịa-Vũng Tàu"
"9181","Xã Phước Tân","71","Huyện Xuyên Mộc","4","Bà Rịa-Vũng Tàu"
"9182","Xã Xuyên Mộc","71","Huyện Xuyên Mộc","4","Bà Rịa-Vũng Tàu"
"9183","Xã Bông Trang","71","Huyện Xuyên Mộc","4","Bà Rịa-Vũng Tàu"
"9184","Xã Tân Lâm","71","Huyện Xuyên Mộc","4","Bà Rịa-Vũng Tàu"
"9185","Xã Bàu Lâm","71","Huyện Xuyên Mộc","4","Bà Rịa-Vũng Tàu"
"9186","Xã Hòa Bình","71","Huyện Xuyên Mộc","4","Bà Rịa-Vũng Tàu"
"9187","Xã Hòa Hưng","71","Huyện Xuyên Mộc","4","Bà Rịa-Vũng Tàu"
"9188","Xã Hòa Hiệp","71","Huyện Xuyên Mộc","4","Bà Rịa-Vũng Tàu"
"9189","Xã Hòa Hội","71","Huyện Xuyên Mộc","4","Bà Rịa-Vũng Tàu"
"9190","Xã Bưng Riềng","71","Huyện Xuyên Mộc","4","Bà Rịa-Vũng Tàu"
"9191","Xã Bình Châu","71","Huyện Xuyên Mộc","4","Bà Rịa-Vũng Tàu"
"9192","Thị trấn Long Điền","67","Huyện Long Điền","4","Bà Rịa-Vũng Tàu"
"9193","Thị trấn Long Hải","67","Huyện Long Điền","4","Bà Rịa-Vũng Tàu"
"9194","Xã An Ngãi","67","Huyện Long Điền","4","Bà Rịa-Vũng Tàu"
"9195","Xã Tam Phước","67","Huyện Long Điền","4","Bà Rịa-Vũng Tàu"
"9196","Xã An Nhứt","67","Huyện Long Điền","4","Bà Rịa-Vũng Tàu"
"9197","Xã Phước Tỉnh","67","Huyện Long Điền","4","Bà Rịa-Vũng Tàu"
"9198","Xã Phước Hưng","67","Huyện Long Điền","4","Bà Rịa-Vũng Tàu"
"9199","Thị trấn Đất Đỏ","68","Huyện Đất Đỏ","4","Bà Rịa-Vũng Tàu"
"9200","Xã Phước Long Thọ","68","Huyện Đất Đỏ","4","Bà Rịa-Vũng Tàu"
"9201","Xã Phước Hội","68","Huyện Đất Đỏ","4","Bà Rịa-Vũng Tàu"
"9202","Xã Long Mỹ","68","Huyện Đất Đỏ","4","Bà Rịa-Vũng Tàu"
"9203","Thị trấn Phước Hải","68","Huyện Đất Đỏ","4","Bà Rịa-Vũng Tàu"
"9204","Xã Long Tân","68","Huyện Đất Đỏ","4","Bà Rịa-Vũng Tàu"
"9205","Xã Láng Dài","68","Huyện Đất Đỏ","4","Bà Rịa-Vũng Tàu"
"9206","Xã Lộc An","68","Huyện Đất Đỏ","4","Bà Rịa-Vũng Tàu"
"9207","Phường Phú Mỹ","716","Thị xã Phú Mỹ","4","Bà Rịa-Vũng Tàu"
"9208","Xã Tân Hòa","716","Thị xã Phú Mỹ","4","Bà Rịa-Vũng Tàu"
"9209","Xã Tân Hải","716","Thị xã Phú Mỹ","4","Bà Rịa-Vũng Tàu"
"9210","Phường Phước Hòa","716","Thị xã Phú Mỹ","4","Bà Rịa-Vũng Tàu"
"9211","Phường Tân Phước","716","Thị xã Phú Mỹ","4","Bà Rịa-Vũng Tàu"
"9212","Phường Mỹ Xuân","716","Thị xã Phú Mỹ","4","Bà Rịa-Vũng Tàu"
"9213","Xã Sông Xoài","716","Thị xã Phú Mỹ","4","Bà Rịa-Vũng Tàu"
"9214","Phường Hắc Dịch","716","Thị xã Phú Mỹ","4","Bà Rịa-Vũng Tàu"
"9215","Xã Châu Pha","716","Thị xã Phú Mỹ","4","Bà Rịa-Vũng Tàu"
"9216","Xã Tóc Tiên","716","Thị xã Phú Mỹ","4","Bà Rịa-Vũng Tàu"
"9217","Phường Tân Định","30","Quận 1","2","TP Hồ Chí Minh"
"9218","Phường Đa Kao","30","Quận 1","2","TP Hồ Chí Minh"
"9219","Phường Bến Nghé","30","Quận 1","2","TP Hồ Chí Minh"
"9220","Phường Bến Thành","30","Quận 1","2","TP Hồ Chí Minh"
"9221","Phường Nguyễn Thái Bình","30","Quận 1","2","TP Hồ Chí Minh"
"9222","Phường Phạm Ngũ Lão","30","Quận 1","2","TP Hồ Chí Minh"
"9223","Phường Cầu Ông Lãnh","30","Quận 1","2","TP Hồ Chí Minh"
"9224","Phường Cô Giang","30","Quận 1","2","TP Hồ Chí Minh"
"9225","Phường Nguyễn Cư Trinh","30","Quận 1","2","TP Hồ Chí Minh"
"9226","Phường Cầu Kho","30","Quận 1","2","TP Hồ Chí Minh"
"9227","Phường Thạnh Xuân","41","Quận 12","2","TP Hồ Chí Minh"
"9228","Phường Thạnh Lộc","41","Quận 12","2","TP Hồ Chí Minh"
"9229","Phường Hiệp Thành","41","Quận 12","2","TP Hồ Chí Minh"
"9230","Phường Thới An","41","Quận 12","2","TP Hồ Chí Minh"
"9231","Phường Tân Chánh Hiệp","41","Quận 12","2","TP Hồ Chí Minh"
"9232","Phường An Phú Đông","41","Quận 12","2","TP Hồ Chí Minh"
"9233","Phường Tân Thới Hiệp","41","Quận 12","2","TP Hồ Chí Minh"
"9234","Phường Trung Mỹ Tây","41","Quận 12","2","TP Hồ Chí Minh"
"9235","Phường Tân Hưng Thuận","41","Quận 12","2","TP Hồ Chí Minh"
"9236","Phường Đông Hưng Thuận","41","Quận 12","2","TP Hồ Chí Minh"
"9237","Phường Tân Thới Nhất","41","Quận 12","2","TP Hồ Chí Minh"
"9238","Phường Linh Xuân","47","Quận Thủ Đức","2","TP Hồ Chí Minh"
"9239","Phường Bình Chiểu","47","Quận Thủ Đức","2","TP Hồ Chí Minh"
"9240","Phường Linh Trung","47","Quận Thủ Đức","2","TP Hồ Chí Minh"
"9241","Phường Tam Bình","47","Quận Thủ Đức","2","TP Hồ Chí Minh"
"9242","Phường Tam Phú","47","Quận Thủ Đức","2","TP Hồ Chí Minh"
"9243","Phường Hiệp Bình Phước","47","Quận Thủ Đức","2","TP Hồ Chí Minh"
"9244","Phường Hiệp Bình Chánh","47","Quận Thủ Đức","2","TP Hồ Chí Minh"
"9245","Phường Linh Chiểu","47","Quận Thủ Đức","2","TP Hồ Chí Minh"
"9246","Phường Linh Tây","47","Quận Thủ Đức","2","TP Hồ Chí Minh"
"9247","Phường Linh Đông","47","Quận Thủ Đức","2","TP Hồ Chí Minh"
"9248","Phường Bình Thọ","47","Quận Thủ Đức","2","TP Hồ Chí Minh"
"9249","Phường Trường Thọ","47","Quận Thủ Đức","2","TP Hồ Chí Minh"
"9250","Phường Long Bình","38","Quận 9","2","TP Hồ Chí Minh"
"9251","Phường Long Thạnh Mỹ","38","Quận 9","2","TP Hồ Chí Minh"
"9252","Phường Tân Phú","38","Quận 9","2","TP Hồ Chí Minh"
"9253","Phường Hiệp Phú","38","Quận 9","2","TP Hồ Chí Minh"
"9254","Phường Tăng Nhơn Phú A","38","Quận 9","2","TP Hồ Chí Minh"
"9255","Phường Tăng Nhơn Phú B","38","Quận 9","2","TP Hồ Chí Minh"
"9256","Phường Phước Long B","38","Quận 9","2","TP Hồ Chí Minh"
"9257","Phường Phước Long A","38","Quận 9","2","TP Hồ Chí Minh"
"9258","Phường Trường Thạnh","38","Quận 9","2","TP Hồ Chí Minh"
"9259","Phường Long Phước","38","Quận 9","2","TP Hồ Chí Minh"
"9260","Phường Long Trường","38","Quận 9","2","TP Hồ Chí Minh"
"9261","Phường Phước Bình","38","Quận 9","2","TP Hồ Chí Minh"
"9262","Phường Phú Hữu","38","Quận 9","2","TP Hồ Chí Minh"
"9263","Phường 15","42","Quận Gò Vấp","2","TP Hồ Chí Minh"
"9264","Phường 13","42","Quận Gò Vấp","2","TP Hồ Chí Minh"
"9265","Phường 17","42","Quận Gò Vấp","2","TP Hồ Chí Minh"
"9266","Phường 6","42","Quận Gò Vấp","2","TP Hồ Chí Minh"
"9267","Phường 16","42","Quận Gò Vấp","2","TP Hồ Chí Minh"
"9268","Phường 12","42","Quận Gò Vấp","2","TP Hồ Chí Minh"
"9269","Phường 14","42","Quận Gò Vấp","2","TP Hồ Chí Minh"
"9270","Phường 10","42","Quận Gò Vấp","2","TP Hồ Chí Minh"
"9271","Phường 5","42","Quận Gò Vấp","2","TP Hồ Chí Minh"
"9272","Phường 7","42","Quận Gò Vấp","2","TP Hồ Chí Minh"
"9273","Phường 4","42","Quận Gò Vấp","2","TP Hồ Chí Minh"
"9274","Phường 1","42","Quận Gò Vấp","2","TP Hồ Chí Minh"
"9275","Phường 9","42","Quận Gò Vấp","2","TP Hồ Chí Minh"
"9276","Phường 8","42","Quận Gò Vấp","2","TP Hồ Chí Minh"
"9277","Phường 11","42","Quận Gò Vấp","2","TP Hồ Chí Minh"
"9278","Phường 3","42","Quận Gò Vấp","2","TP Hồ Chí Minh"
"9279","Phường 13","45","Quận Bình Thạnh","2","TP Hồ Chí Minh"
"9280","Phường 11","45","Quận Bình Thạnh","2","TP Hồ Chí Minh"
"9281","Phường 27","45","Quận Bình Thạnh","2","TP Hồ Chí Minh"
"9282","Phường 26","45","Quận Bình Thạnh","2","TP Hồ Chí Minh"
"9283","Phường 12","45","Quận Bình Thạnh","2","TP Hồ Chí Minh"
"9284","Phường 25","45","Quận Bình Thạnh","2","TP Hồ Chí Minh"
"9285","Phường 5","45","Quận Bình Thạnh","2","TP Hồ Chí Minh"
"9286","Phường 7","45","Quận Bình Thạnh","2","TP Hồ Chí Minh"
"9287","Phường 24","45","Quận Bình Thạnh","2","TP Hồ Chí Minh"
"9288","Phường 6","45","Quận Bình Thạnh","2","TP Hồ Chí Minh"
"9289","Phường 14","45","Quận Bình Thạnh","2","TP Hồ Chí Minh"
"9290","Phường 15","45","Quận Bình Thạnh","2","TP Hồ Chí Minh"
"9291","Phường 2","45","Quận Bình Thạnh","2","TP Hồ Chí Minh"
"9292","Phường 1","45","Quận Bình Thạnh","2","TP Hồ Chí Minh"
"9293","Phường 3","45","Quận Bình Thạnh","2","TP Hồ Chí Minh"
"9294","Phường 17","45","Quận Bình Thạnh","2","TP Hồ Chí Minh"
"9295","Phường 21","45","Quận Bình Thạnh","2","TP Hồ Chí Minh"
"9296","Phường 22","45","Quận Bình Thạnh","2","TP Hồ Chí Minh"
"9297","Phường 19","45","Quận Bình Thạnh","2","TP Hồ Chí Minh"
"9298","Phường 28","45","Quận Bình Thạnh","2","TP Hồ Chí Minh"
"9299","Phường 2","43","Quận Tân Bình","2","TP Hồ Chí Minh"
"9300","Phường 4","43","Quận Tân Bình","2","TP Hồ Chí Minh"
"9301","Phường 12","43","Quận Tân Bình","2","TP Hồ Chí Minh"
"9302","Phường 13","43","Quận Tân Bình","2","TP Hồ Chí Minh"
"9303","Phường 1","43","Quận Tân Bình","2","TP Hồ Chí Minh"
"9304","Phường 3","43","Quận Tân Bình","2","TP Hồ Chí Minh"
"9305","Phường 11","43","Quận Tân Bình","2","TP Hồ Chí Minh"
"9306","Phường 7","43","Quận Tân Bình","2","TP Hồ Chí Minh"
"9307","Phường 5","43","Quận Tân Bình","2","TP Hồ Chí Minh"
"9308","Phường 10","43","Quận Tân Bình","2","TP Hồ Chí Minh"
"9309","Phường 6","43","Quận Tân Bình","2","TP Hồ Chí Minh"
"9310","Phường 8","43","Quận Tân Bình","2","TP Hồ Chí Minh"
"9311","Phường 9","43","Quận Tân Bình","2","TP Hồ Chí Minh"
"9312","Phường 14","43","Quận Tân Bình","2","TP Hồ Chí Minh"
"9313","Phường 15","43","Quận Tân Bình","2","TP Hồ Chí Minh"
"9314","Phường Tân Sơn Nhì","44","Quận Tân Phú","2","TP Hồ Chí Minh"
"9315","Phường Tây Thạnh","44","Quận Tân Phú","2","TP Hồ Chí Minh"
"9316","Phường Sơn Kỳ","44","Quận Tân Phú","2","TP Hồ Chí Minh"
"9317","Phường Tân Quý","44","Quận Tân Phú","2","TP Hồ Chí Minh"
"9318","Phường Tân Thành","44","Quận Tân Phú","2","TP Hồ Chí Minh"
"9319","Phường Phú Thọ Hòa","44","Quận Tân Phú","2","TP Hồ Chí Minh"
"9320","Phường Phú Thạnh","44","Quận Tân Phú","2","TP Hồ Chí Minh"
"9321","Phường Phú Trung","44","Quận Tân Phú","2","TP Hồ Chí Minh"
"9322","Phường Hòa Thạnh","44","Quận Tân Phú","2","TP Hồ Chí Minh"
"9323","Phường Hiệp Tân","44","Quận Tân Phú","2","TP Hồ Chí Minh"
"9324","Phường Tân Thới Hòa","44","Quận Tân Phú","2","TP Hồ Chí Minh"
"9325","Phường 4","46","Quận Phú Nhuận","2","TP Hồ Chí Minh"
"9326","Phường 5","46","Quận Phú Nhuận","2","TP Hồ Chí Minh"
"9327","Phường 9","46","Quận Phú Nhuận","2","TP Hồ Chí Minh"
"9328","Phường 7","46","Quận Phú Nhuận","2","TP Hồ Chí Minh"
"9329","Phường 3","46","Quận Phú Nhuận","2","TP Hồ Chí Minh"
"9330","Phường 1","46","Quận Phú Nhuận","2","TP Hồ Chí Minh"
"9331","Phường 2","46","Quận Phú Nhuận","2","TP Hồ Chí Minh"
"9332","Phường 8","46","Quận Phú Nhuận","2","TP Hồ Chí Minh"
"9333","Phường 15","46","Quận Phú Nhuận","2","TP Hồ Chí Minh"
"9334","Phường 10","46","Quận Phú Nhuận","2","TP Hồ Chí Minh"
"9335","Phường 11","46","Quận Phú Nhuận","2","TP Hồ Chí Minh"
"9336","Phường 17","46","Quận Phú Nhuận","2","TP Hồ Chí Minh"
"9337","Phường 14","46","Quận Phú Nhuận","2","TP Hồ Chí Minh"
"9338","Phường 12","46","Quận Phú Nhuận","2","TP Hồ Chí Minh"
"9339","Phường 13","46","Quận Phú Nhuận","2","TP Hồ Chí Minh"
"9340","Phường Thảo Điền","31","Quận 2","2","TP Hồ Chí Minh"
"9341","Phường An Phú","31","Quận 2","2","TP Hồ Chí Minh"
"9342","Phường Bình An","31","Quận 2","2","TP Hồ Chí Minh"
"9343","Phường Bình Trưng Đông","31","Quận 2","2","TP Hồ Chí Minh"
"9344","Phường Bình Trưng Tây","31","Quận 2","2","TP Hồ Chí Minh"
"9345","Phường Bình Khánh","31","Quận 2","2","TP Hồ Chí Minh"
"9346","Phường An Khánh","31","Quận 2","2","TP Hồ Chí Minh"
"9347","Phường Cát Lái","31","Quận 2","2","TP Hồ Chí Minh"
"9348","Phường Thạnh Mỹ Lợi","31","Quận 2","2","TP Hồ Chí Minh"
"9349","Phường An Lợi Đông","31","Quận 2","2","TP Hồ Chí Minh"
"9350","Phường Thủ Thiêm","31","Quận 2","2","TP Hồ Chí Minh"
"9351","Phường 8","32","Quận 3","2","TP Hồ Chí Minh"
"9352","Phường 7","32","Quận 3","2","TP Hồ Chí Minh"
"9353","Phường 14","32","Quận 3","2","TP Hồ Chí Minh"
"9354","Phường 12","32","Quận 3","2","TP Hồ Chí Minh"
"9355","Phường 11","32","Quận 3","2","TP Hồ Chí Minh"
"9356","Phường 13","32","Quận 3","2","TP Hồ Chí Minh"
"9357","Phường 6","32","Quận 3","2","TP Hồ Chí Minh"
"9358","Phường 9","32","Quận 3","2","TP Hồ Chí Minh"
"9359","Phường 10","32","Quận 3","2","TP Hồ Chí Minh"
"9360","Phường 4","32","Quận 3","2","TP Hồ Chí Minh"
"9361","Phường 5","32","Quận 3","2","TP Hồ Chí Minh"
"9362","Phường 3","32","Quận 3","2","TP Hồ Chí Minh"
"9363","Phường 2","32","Quận 3","2","TP Hồ Chí Minh"
"9364","Phường 1","32","Quận 3","2","TP Hồ Chí Minh"
"9365","Phường 15","39","Quận 10","2","TP Hồ Chí Minh"
"9366","Phường 13","39","Quận 10","2","TP Hồ Chí Minh"
"9367","Phường 14","39","Quận 10","2","TP Hồ Chí Minh"
"9368","Phường 12","39","Quận 10","2","TP Hồ Chí Minh"
"9369","Phường 11","39","Quận 10","2","TP Hồ Chí Minh"
"9370","Phường 10","39","Quận 10","2","TP Hồ Chí Minh"
"9371","Phường 9","39","Quận 10","2","TP Hồ Chí Minh"
"9372","Phường 1","39","Quận 10","2","TP Hồ Chí Minh"
"9373","Phường 8","39","Quận 10","2","TP Hồ Chí Minh"
"9374","Phường 2","39","Quận 10","2","TP Hồ Chí Minh"
"9375","Phường 4","39","Quận 10","2","TP Hồ Chí Minh"
"9376","Phường 7","39","Quận 10","2","TP Hồ Chí Minh"
"9377","Phường 5","39","Quận 10","2","TP Hồ Chí Minh"
"9378","Phường 6","39","Quận 10","2","TP Hồ Chí Minh"
"9379","Phường 3","39","Quận 10","2","TP Hồ Chí Minh"
"9380","Phường 15","40","Quận 11","2","TP Hồ Chí Minh"
"9381","Phường 5","40","Quận 11","2","TP Hồ Chí Minh"
"9382","Phường 14","40","Quận 11","2","TP Hồ Chí Minh"
"9383","Phường 11","40","Quận 11","2","TP Hồ Chí Minh"
"9384","Phường 3","40","Quận 11","2","TP Hồ Chí Minh"
"9385","Phường 10","40","Quận 11","2","TP Hồ Chí Minh"
"9386","Phường 13","40","Quận 11","2","TP Hồ Chí Minh"
"9387","Phường 8","40","Quận 11","2","TP Hồ Chí Minh"
"9388","Phường 9","40","Quận 11","2","TP Hồ Chí Minh"
"9389","Phường 12","40","Quận 11","2","TP Hồ Chí Minh"
"9390","Phường 7","40","Quận 11","2","TP Hồ Chí Minh"
"9391","Phường 6","40","Quận 11","2","TP Hồ Chí Minh"
"9392","Phường 4","40","Quận 11","2","TP Hồ Chí Minh"
"9393","Phường 1","40","Quận 11","2","TP Hồ Chí Minh"
"9394","Phường 2","40","Quận 11","2","TP Hồ Chí Minh"
"9395","Phường 16","40","Quận 11","2","TP Hồ Chí Minh"
"9396","Phường 12","33","Quận 4","2","TP Hồ Chí Minh"
"9397","Phường 13","33","Quận 4","2","TP Hồ Chí Minh"
"9398","Phường 9","33","Quận 4","2","TP Hồ Chí Minh"
"9399","Phường 6","33","Quận 4","2","TP Hồ Chí Minh"
"9400","Phường 8","33","Quận 4","2","TP Hồ Chí Minh"
"9401","Phường 10","33","Quận 4","2","TP Hồ Chí Minh"
"9402","Phường 5","33","Quận 4","2","TP Hồ Chí Minh"
"9403","Phường 18","33","Quận 4","2","TP Hồ Chí Minh"
"9404","Phường 14","33","Quận 4","2","TP Hồ Chí Minh"
"9405","Phường 4","33","Quận 4","2","TP Hồ Chí Minh"
"9406","Phường 3","33","Quận 4","2","TP Hồ Chí Minh"
"9407","Phường 16","33","Quận 4","2","TP Hồ Chí Minh"
"9408","Phường 2","33","Quận 4","2","TP Hồ Chí Minh"
"9409","Phường 15","33","Quận 4","2","TP Hồ Chí Minh"
"9410","Phường 1","33","Quận 4","2","TP Hồ Chí Minh"
"9411","Phường 4","34","Quận 5","2","TP Hồ Chí Minh"
"9412","Phường 9","34","Quận 5","2","TP Hồ Chí Minh"
"9413","Phường 3","34","Quận 5","2","TP Hồ Chí Minh"
"9414","Phường 12","34","Quận 5","2","TP Hồ Chí Minh"
"9415","Phường 2","34","Quận 5","2","TP Hồ Chí Minh"
"9416","Phường 8","34","Quận 5","2","TP Hồ Chí Minh"
"9417","Phường 15","34","Quận 5","2","TP Hồ Chí Minh"
"9418","Phường 7","34","Quận 5","2","TP Hồ Chí Minh"
"9419","Phường 1","34","Quận 5","2","TP Hồ Chí Minh"
"9420","Phường 11","34","Quận 5","2","TP Hồ Chí Minh"
"9421","Phường 14","34","Quận 5","2","TP Hồ Chí Minh"
"9422","Phường 5","34","Quận 5","2","TP Hồ Chí Minh"
"9423","Phường 6","34","Quận 5","2","TP Hồ Chí Minh"
"9424","Phường 10","34","Quận 5","2","TP Hồ Chí Minh"
"9425","Phường 13","34","Quận 5","2","TP Hồ Chí Minh"
"9426","Phường 14","35","Quận 6","2","TP Hồ Chí Minh"
"9427","Phường 13","35","Quận 6","2","TP Hồ Chí Minh"
"9428","Phường 9","35","Quận 6","2","TP Hồ Chí Minh"
"9429","Phường 6","35","Quận 6","2","TP Hồ Chí Minh"
"9430","Phường 12","35","Quận 6","2","TP Hồ Chí Minh"
"9431","Phường 5","35","Quận 6","2","TP Hồ Chí Minh"
"9432","Phường 11","35","Quận 6","2","TP Hồ Chí Minh"
"9433","Phường 2","35","Quận 6","2","TP Hồ Chí Minh"
"9434","Phường 1","35","Quận 6","2","TP Hồ Chí Minh"
"9435","Phường 4","35","Quận 6","2","TP Hồ Chí Minh"
"9436","Phường 8","35","Quận 6","2","TP Hồ Chí Minh"
"9437","Phường 3","35","Quận 6","2","TP Hồ Chí Minh"
"9438","Phường 7","35","Quận 6","2","TP Hồ Chí Minh"
"9439","Phường 10","35","Quận 6","2","TP Hồ Chí Minh"
"9440","Phường 8","37","Quận 8","2","TP Hồ Chí Minh"
"9441","Phường 2","37","Quận 8","2","TP Hồ Chí Minh"
"9442","Phường 1","37","Quận 8","2","TP Hồ Chí Minh"
"9443","Phường 3","37","Quận 8","2","TP Hồ Chí Minh"
"9444","Phường 11","37","Quận 8","2","TP Hồ Chí Minh"
"9445","Phường 9","37","Quận 8","2","TP Hồ Chí Minh"
"9446","Phường 10","37","Quận 8","2","TP Hồ Chí Minh"
"9447","Phường 4","37","Quận 8","2","TP Hồ Chí Minh"
"9448","Phường 13","37","Quận 8","2","TP Hồ Chí Minh"
"9449","Phường 12","37","Quận 8","2","TP Hồ Chí Minh"
"9450","Phường 5","37","Quận 8","2","TP Hồ Chí Minh"
"9451","Phường 14","37","Quận 8","2","TP Hồ Chí Minh"
"9452","Phường 6","37","Quận 8","2","TP Hồ Chí Minh"
"9453","Phường 15","37","Quận 8","2","TP Hồ Chí Minh"
"9454","Phường 16","37","Quận 8","2","TP Hồ Chí Minh"
"9455","Phường 7","37","Quận 8","2","TP Hồ Chí Minh"
"9456","Phường Bình Hưng Hòa","48","Quận Bình Tân","2","TP Hồ Chí Minh"
"9457","Phường Bình Hưng Hòa A","48","Quận Bình Tân","2","TP Hồ Chí Minh"
"9458","Phường Bình Hưng Hòa B","48","Quận Bình Tân","2","TP Hồ Chí Minh"
"9459","Phường Bình Trị Đông","48","Quận Bình Tân","2","TP Hồ Chí Minh"
"9460","Phường Bình Trị Đông A","48","Quận Bình Tân","2","TP Hồ Chí Minh"
"9461","Phường Bình Trị Đông B","48","Quận Bình Tân","2","TP Hồ Chí Minh"
"9462","Phường Tân Tạo","48","Quận Bình Tân","2","TP Hồ Chí Minh"
"9463","Phường Tân Tạo A","48","Quận Bình Tân","2","TP Hồ Chí Minh"
"9464","Phường An Lạc","48","Quận Bình Tân","2","TP Hồ Chí Minh"
"9465","Phường An Lạc A","48","Quận Bình Tân","2","TP Hồ Chí Minh"
"9466","Phường Tân Thuận Đông","36","Quận 7","2","TP Hồ Chí Minh"
"9467","Phường Tân Thuận Tây","36","Quận 7","2","TP Hồ Chí Minh"
"9468","Phường Tân Kiểng","36","Quận 7","2","TP Hồ Chí Minh"
"9469","Phường Tân Hưng","36","Quận 7","2","TP Hồ Chí Minh"
"9470","Phường Bình Thuận","36","Quận 7","2","TP Hồ Chí Minh"
"9471","Phường Tân Quy","36","Quận 7","2","TP Hồ Chí Minh"
"9472","Phường Phú Thuận","36","Quận 7","2","TP Hồ Chí Minh"
"9473","Phường Tân Phú","36","Quận 7","2","TP Hồ Chí Minh"
"9474","Phường Tân Phong","36","Quận 7","2","TP Hồ Chí Minh"
"9475","Phường Phú Mỹ","36","Quận 7","2","TP Hồ Chí Minh"
"9476","Thị trấn Củ Chi","49","Huyện Củ Chi","2","TP Hồ Chí Minh"
"9477","Xã Phú Mỹ Hưng","49","Huyện Củ Chi","2","TP Hồ Chí Minh"
"9478","Xã An Phú","49","Huyện Củ Chi","2","TP Hồ Chí Minh"
"9479","Xã Trung Lập Thượng","49","Huyện Củ Chi","2","TP Hồ Chí Minh"
"9480","Xã An Nhơn Tây","49","Huyện Củ Chi","2","TP Hồ Chí Minh"
"9481","Xã Nhuận Đức","49","Huyện Củ Chi","2","TP Hồ Chí Minh"
"9482","Xã Phạm Văn Cội","49","Huyện Củ Chi","2","TP Hồ Chí Minh"
"9483","Xã Phú Hòa Đông","49","Huyện Củ Chi","2","TP Hồ Chí Minh"
"9484","Xã Trung Lập Hạ","49","Huyện Củ Chi","2","TP Hồ Chí Minh"
"9485","Xã Trung An","49","Huyện Củ Chi","2","TP Hồ Chí Minh"
"9486","Xã Phước Thạnh","49","Huyện Củ Chi","2","TP Hồ Chí Minh"
"9487","Xã Phước Hiệp","49","Huyện Củ Chi","2","TP Hồ Chí Minh"
"9488","Xã Tân An Hội","49","Huyện Củ Chi","2","TP Hồ Chí Minh"
"9489","Xã Phước Vĩnh An","49","Huyện Củ Chi","2","TP Hồ Chí Minh"
"9490","Xã Thái Mỹ","49","Huyện Củ Chi","2","TP Hồ Chí Minh"
"9491","Xã Tân Thạnh Tây","49","Huyện Củ Chi","2","TP Hồ Chí Minh"
"9492","Xã Hòa Phú","49","Huyện Củ Chi","2","TP Hồ Chí Minh"
"9493","Xã Tân Thạnh Đông","49","Huyện Củ Chi","2","TP Hồ Chí Minh"
"9494","Xã Bình Mỹ","49","Huyện Củ Chi","2","TP Hồ Chí Minh"
"9495","Xã Tân Phú Trung","49","Huyện Củ Chi","2","TP Hồ Chí Minh"
"9496","Xã Tân Thông Hội","49","Huyện Củ Chi","2","TP Hồ Chí Minh"
"9497","Thị trấn Hóc Môn","50","Huyện Hóc Môn","2","TP Hồ Chí Minh"
"9498","Xã Tân Hiệp","50","Huyện Hóc Môn","2","TP Hồ Chí Minh"
"9499","Xã Nhị Bình","50","Huyện Hóc Môn","2","TP Hồ Chí Minh"
"9500","Xã Đông Thạnh","50","Huyện Hóc Môn","2","TP Hồ Chí Minh"
"9501","Xã Tân Thới Nhì","50","Huyện Hóc Môn","2","TP Hồ Chí Minh"
"9502","Xã Thới Tam Thôn","50","Huyện Hóc Môn","2","TP Hồ Chí Minh"
"9503","Xã Xuân Thới Sơn","50","Huyện Hóc Môn","2","TP Hồ Chí Minh"
"9504","Xã Tân Xuân","50","Huyện Hóc Môn","2","TP Hồ Chí Minh"
"9505","Xã Xuân Thới Đông","50","Huyện Hóc Môn","2","TP Hồ Chí Minh"
"9506","Xã Trung Chánh","50","Huyện Hóc Môn","2","TP Hồ Chí Minh"
"9507","Xã Xuân Thới Thượng","50","Huyện Hóc Môn","2","TP Hồ Chí Minh"
"9508","Xã Bà Điểm","50","Huyện Hóc Môn","2","TP Hồ Chí Minh"
"9509","Thị trấn Tân Túc","51","Huyện Bình Chánh","2","TP Hồ Chí Minh"
"9510","Xã Phạm Văn Hai","51","Huyện Bình Chánh","2","TP Hồ Chí Minh"
"9511","Xã Vĩnh Lộc A","51","Huyện Bình Chánh","2","TP Hồ Chí Minh"
"9512","Xã Vĩnh Lộc B","51","Huyện Bình Chánh","2","TP Hồ Chí Minh"
"9513","Xã Bình Lợi","51","Huyện Bình Chánh","2","TP Hồ Chí Minh"
"9514","Xã Lê Minh Xuân","51","Huyện Bình Chánh","2","TP Hồ Chí Minh"
"9515","Xã Tân Nhựt","51","Huyện Bình Chánh","2","TP Hồ Chí Minh"
"9516","Xã Tân Kiên","51","Huyện Bình Chánh","2","TP Hồ Chí Minh"
"9517","Xã Bình Hưng","51","Huyện Bình Chánh","2","TP Hồ Chí Minh"
"9518","Xã Phong Phú","51","Huyện Bình Chánh","2","TP Hồ Chí Minh"
"9519","Xã An Phú Tây","51","Huyện Bình Chánh","2","TP Hồ Chí Minh"
"9520","Xã Hưng Long","51","Huyện Bình Chánh","2","TP Hồ Chí Minh"
"9521","Xã Đa Phước","51","Huyện Bình Chánh","2","TP Hồ Chí Minh"
"9522","Xã Tân Quý Tây","51","Huyện Bình Chánh","2","TP Hồ Chí Minh"
"9523","Xã Bình Chánh","51","Huyện Bình Chánh","2","TP Hồ Chí Minh"
"9524","Xã Quy Đức","51","Huyện Bình Chánh","2","TP Hồ Chí Minh"
"9525","Thị trấn Nhà Bè","52","Huyện Nhà Bè","2","TP Hồ Chí Minh"
"9526","Xã Phước Kiển","52","Huyện Nhà Bè","2","TP Hồ Chí Minh"
"9527","Xã Phước Lộc","52","Huyện Nhà Bè","2","TP Hồ Chí Minh"
"9528","Xã Nhơn Đức","52","Huyện Nhà Bè","2","TP Hồ Chí Minh"
"9529","Xã Phú Xuân","52","Huyện Nhà Bè","2","TP Hồ Chí Minh"
"9530","Xã Long Thới","52","Huyện Nhà Bè","2","TP Hồ Chí Minh"
"9531","Xã Hiệp Phước","52","Huyện Nhà Bè","2","TP Hồ Chí Minh"
"9532","Thị trấn Cần Thạnh","53","Huyện Cần Giờ","2","TP Hồ Chí Minh"
"9533","Xã Bình Khánh","53","Huyện Cần Giờ","2","TP Hồ Chí Minh"
"9534","Xã Tam Thôn Hiệp","53","Huyện Cần Giờ","2","TP Hồ Chí Minh"
"9535","Xã An Thới Đông","53","Huyện Cần Giờ","2","TP Hồ Chí Minh"
"9536","Xã Thạnh An","53","Huyện Cần Giờ","2","TP Hồ Chí Minh"
"9537","Xã Long Hòa","53","Huyện Cần Giờ","2","TP Hồ Chí Minh"
"9538","Xã Lý Nhơn","53","Huyện Cần Giờ","2","TP Hồ Chí Minh"
"9539","Phường 5","420","Thành phố Tân An","39","Long An"
"9540","Phường 2","420","Thành phố Tân An","39","Long An"
"9541","Phường 4","420","Thành phố Tân An","39","Long An"
"9542","Phường Tân Khánh","420","Thành phố Tân An","39","Long An"
"9543","Phường 1","420","Thành phố Tân An","39","Long An"
"9544","Phường 3","420","Thành phố Tân An","39","Long An"
"9545","Phường 7","420","Thành phố Tân An","39","Long An"
"9546","Phường 6","420","Thành phố Tân An","39","Long An"
"9547","Xã Hướng Thọ Phú","420","Thành phố Tân An","39","Long An"
"9548","Xã Nhơn Thạnh Trung","420","Thành phố Tân An","39","Long An"
"9549","Xã Lợi Bình Nhơn","420","Thành phố Tân An","39","Long An"
"9550","Xã Bình Tâm","420","Thành phố Tân An","39","Long An"
"9551","Phường Khánh Hậu","420","Thành phố Tân An","39","Long An"
"9552","Xã An Vĩnh Ngãi","420","Thành phố Tân An","39","Long An"
"9553","Thị trấn Tân Hưng","428","Huyện Tân Hưng","39","Long An"
"9554","Xã Hưng Hà","428","Huyện Tân Hưng","39","Long An"
"9555","Xã Hưng Điền B","428","Huyện Tân Hưng","39","Long An"
"9556","Xã Hưng Điền","428","Huyện Tân Hưng","39","Long An"
"9557","Xã Thạnh Hưng","428","Huyện Tân Hưng","39","Long An"
"9558","Xã Hưng Thạnh","428","Huyện Tân Hưng","39","Long An"
"9559","Xã Vĩnh Thạnh","428","Huyện Tân Hưng","39","Long An"
"9560","Xã Vĩnh Châu B","428","Huyện Tân Hưng","39","Long An"
"9561","Xã Vĩnh Lợi","428","Huyện Tân Hưng","39","Long An"
"9562","Xã Vĩnh Đại","428","Huyện Tân Hưng","39","Long An"
"9563","Xã Vĩnh Châu A","428","Huyện Tân Hưng","39","Long An"
"9564","Xã Vĩnh Bửu","428","Huyện Tân Hưng","39","Long An"
"9565","Thị trấn Vĩnh Hưng","433","Huyện Vĩnh Hưng","39","Long An"
"9566","Xã Hưng Điền A","433","Huyện Vĩnh Hưng","39","Long An"
"9567","Xã Khánh Hưng","433","Huyện Vĩnh Hưng","39","Long An"
"9568","Xã Thái Trị","433","Huyện Vĩnh Hưng","39","Long An"
"9569","Xã Vĩnh Trị","433","Huyện Vĩnh Hưng","39","Long An"
"9570","Xã Thái Bình Trung","433","Huyện Vĩnh Hưng","39","Long An"
"9571","Xã Vĩnh Bình","433","Huyện Vĩnh Hưng","39","Long An"
"9572","Xã Vĩnh Thuận","433","Huyện Vĩnh Hưng","39","Long An"
"9573","Xã Tuyên Bình","433","Huyện Vĩnh Hưng","39","Long An"
"9574","Xã Tuyên Bình Tây","433","Huyện Vĩnh Hưng","39","Long An"
"9575","Phường 1","709","Thị xã Kiến Tường","39","Long An"
"9576","Phường 2","709","Thị xã Kiến Tường","39","Long An"
"9577","Xã Thạnh Trị","709","Thị xã Kiến Tường","39","Long An"
"9578","Xã Bình Hiệp","709","Thị xã Kiến Tường","39","Long An"
"9579","Xã Bình Hòa Tây","427","Huyện Mộc Hóa","39","Long An"
"9580","Xã Bình Tân","709","Thị xã Kiến Tường","39","Long An"
"9581","Xã Bình Thạnh","427","Huyện Mộc Hóa","39","Long An"
"9582","Xã Tuyên Thạnh","709","Thị xã Kiến Tường","39","Long An"
"9583","Phường 3","709","Thị xã Kiến Tường","39","Long An"
"9584","Xã Bình Hòa Trung","427","Huyện Mộc Hóa","39","Long An"
"9585","Xã Bình Hòa Đông","427","Huyện Mộc Hóa","39","Long An"
"9586","Thị trấn Bình Phong Thạnh","427","Huyện Mộc Hóa","39","Long An"
"9587","Xã Thạnh Hưng","709","Thị xã Kiến Tường","39","Long An"
"9588","Xã Tân Lập","427","Huyện Mộc Hóa","39","Long An"
"9589","Xã Tân Thành","427","Huyện Mộc Hóa","39","Long An"
"9590","Thị trấn Tân Thạnh","429","Huyện Tân Thạnh","39","Long An"
"9591","Xã Bắc Hòa","429","Huyện Tân Thạnh","39","Long An"
"9592","Xã Hậu Thạnh Tây","429","Huyện Tân Thạnh","39","Long An"
"9593","Xã Nhơn Hòa Lập","429","Huyện Tân Thạnh","39","Long An"
"9594","Xã Tân Lập","429","Huyện Tân Thạnh","39","Long An"
"9595","Xã Hậu Thạnh Đông","429","Huyện Tân Thạnh","39","Long An"
"9596","Xã Nhơn Hòa","429","Huyện Tân Thạnh","39","Long An"
"9597","Xã Kiến Bình","429","Huyện Tân Thạnh","39","Long An"
"9598","Xã Tân Thành","429","Huyện Tân Thạnh","39","Long An"
"9599","Xã Tân Bình","429","Huyện Tân Thạnh","39","Long An"
"9600","Xã Tân Ninh","429","Huyện Tân Thạnh","39","Long An"
"9601","Xã Nhơn Ninh","429","Huyện Tân Thạnh","39","Long An"
"9602","Xã Tân Hòa","429","Huyện Tân Thạnh","39","Long An"
"9603","Thị trấn Thạnh Hóa","431","Huyện Thạnh Hóa","39","Long An"
"9604","Xã Tân Hiệp","431","Huyện Thạnh Hóa","39","Long An"
"9605","Xã Thuận Bình","431","Huyện Thạnh Hóa","39","Long An"
"9606","Xã Thạnh Phước","431","Huyện Thạnh Hóa","39","Long An"
"9607","Xã Thạnh Phú","431","Huyện Thạnh Hóa","39","Long An"
"9608","Xã Thuận Nghĩa Hòa","431","Huyện Thạnh Hóa","39","Long An"
"9609","Xã Thủy Đông","431","Huyện Thạnh Hóa","39","Long An"
"9610","Xã Thủy Tây","431","Huyện Thạnh Hóa","39","Long An"
"9611","Xã Tân Tây","431","Huyện Thạnh Hóa","39","Long An"
"9612","Xã Tân Đông","431","Huyện Thạnh Hóa","39","Long An"
"9613","Xã Thạnh An","431","Huyện Thạnh Hóa","39","Long An"
"9614","Thị trấn Đông Thành","426","Huyện Đức Huệ","39","Long An"
"9615","Xã Mỹ Quý Đông","426","Huyện Đức Huệ","39","Long An"
"9616","Xã Mỹ Thạnh Bắc","426","Huyện Đức Huệ","39","Long An"
"9617","Xã Mỹ Quý Tây","426","Huyện Đức Huệ","39","Long An"
"9618","Xã Mỹ Thạnh Tây","426","Huyện Đức Huệ","39","Long An"
"9619","Xã Mỹ Thạnh Đông","426","Huyện Đức Huệ","39","Long An"
"9620","Xã Bình Thành","426","Huyện Đức Huệ","39","Long An"
"9621","Xã Bình Hòa Bắc","426","Huyện Đức Huệ","39","Long An"
"9622","Xã Bình Hòa Hưng","426","Huyện Đức Huệ","39","Long An"
"9623","Xã Bình Hòa Nam","426","Huyện Đức Huệ","39","Long An"
"9624","Xã Mỹ Bình","426","Huyện Đức Huệ","39","Long An"
"9625","Thị trấn Hậu Nghĩa","425","Huyện Đức Hòa","39","Long An"
"9626","Thị trấn Hiệp Hòa","425","Huyện Đức Hòa","39","Long An"
"9627","Thị trấn Đức Hòa","425","Huyện Đức Hòa","39","Long An"
"9628","Xã Lộc Giang","425","Huyện Đức Hòa","39","Long An"
"9629","Xã An Ninh Đông","425","Huyện Đức Hòa","39","Long An"
"9630","Xã An Ninh Tây","425","Huyện Đức Hòa","39","Long An"
"9631","Xã Tân Mỹ","425","Huyện Đức Hòa","39","Long An"
"9632","Xã Hiệp Hòa","425","Huyện Đức Hòa","39","Long An"
"9633","Xã Đức Lập Thượng","425","Huyện Đức Hòa","39","Long An"
"9634","Xã Đức Lập Hạ","425","Huyện Đức Hòa","39","Long An"
"9635","Xã Tân Phú","425","Huyện Đức Hòa","39","Long An"
"9636","Xã Mỹ Hạnh Bắc","425","Huyện Đức Hòa","39","Long An"
"9637","Xã Đức Hòa Thượng","425","Huyện Đức Hòa","39","Long An"
"9638","Xã Hòa Khánh Tây","425","Huyện Đức Hòa","39","Long An"
"9639","Xã Hòa Khánh Đông","425","Huyện Đức Hòa","39","Long An"
"9640","Xã Mỹ Hạnh Nam","425","Huyện Đức Hòa","39","Long An"
"9641","Xã Hòa Khánh Nam","425","Huyện Đức Hòa","39","Long An"
"9642","Xã Đức Hòa Đông","425","Huyện Đức Hòa","39","Long An"
"9643","Xã Đức Hòa Hạ","425","Huyện Đức Hòa","39","Long An"
"9644","Xã Hựu Thạnh","425","Huyện Đức Hòa","39","Long An"
"9645","Thị trấn Bến Lức","421","Huyện Bến Lức","39","Long An"
"9646","Xã Thạnh Lợi","421","Huyện Bến Lức","39","Long An"
"9647","Xã Lương Bình","421","Huyện Bến Lức","39","Long An"
"9648","Xã Thạnh Hòa","421","Huyện Bến Lức","39","Long An"
"9649","Xã Lương Hòa","421","Huyện Bến Lức","39","Long An"
"9650","Xã Tân Hòa","421","Huyện Bến Lức","39","Long An"
"9651","Xã Tân Bửu","421","Huyện Bến Lức","39","Long An"
"9652","Xã An Thạnh","421","Huyện Bến Lức","39","Long An"
"9653","Xã Bình Đức","421","Huyện Bến Lức","39","Long An"
"9654","Xã Mỹ Yên","421","Huyện Bến Lức","39","Long An"
"9655","Xã Thanh Phú","421","Huyện Bến Lức","39","Long An"
"9656","Xã Long Hiệp","421","Huyện Bến Lức","39","Long An"
"9657","Xã Thạnh Đức","421","Huyện Bến Lức","39","Long An"
"9658","Xã Phước Lợi","421","Huyện Bến Lức","39","Long An"
"9659","Xã Nhựt Chánh","421","Huyện Bến Lức","39","Long An"
"9660","Thị trấn Thủ Thừa","432","Huyện Thủ Thừa","39","Long An"
"9661","Xã Long Thạnh","432","Huyện Thủ Thừa","39","Long An"
"9662","Xã Tân Thành","432","Huyện Thủ Thừa","39","Long An"
"9663","Xã Long Thuận","432","Huyện Thủ Thừa","39","Long An"
"9664","Xã Mỹ Lạc","432","Huyện Thủ Thừa","39","Long An"
"9665","Xã Mỹ Thạnh","432","Huyện Thủ Thừa","39","Long An"
"9666","Xã Bình An","432","Huyện Thủ Thừa","39","Long An"
"9667","Xã Nhị Thành","432","Huyện Thủ Thừa","39","Long An"
"9668","Xã Mỹ An","432","Huyện Thủ Thừa","39","Long An"
"9669","Xã Bình Thạnh","432","Huyện Thủ Thừa","39","Long An"
"9670","Xã Mỹ Phú","432","Huyện Thủ Thừa","39","Long An"
"9671","Xã Long Thành","432","Huyện Thủ Thừa","39","Long An"
"9672","Xã Tân Lập","432","Huyện Thủ Thừa","39","Long An"
"9673","Thị trấn Tân Trụ","430","Huyện Tân Trụ","39","Long An"
"9674","Xã Mỹ Bình","430","Huyện Tân Trụ","39","Long An"
"9675","Xã An Nhựt Tân","430","Huyện Tân Trụ","39","Long An"
"9676","Xã Quê Mỹ Thạnh","430","Huyện Tân Trụ","39","Long An"
"9677","Xã Lạc Tấn","430","Huyện Tân Trụ","39","Long An"
"9678","Xã Bình Trinh Đông","430","Huyện Tân Trụ","39","Long An"
"9679","Xã Tân Phước Tây","430","Huyện Tân Trụ","39","Long An"
"9680","Xã Bình Lãng","430","Huyện Tân Trụ","39","Long An"
"9681","Xã Bình Tịnh","430","Huyện Tân Trụ","39","Long An"
"9682","Xã Đức Tân","430","Huyện Tân Trụ","39","Long An"
"9683","Xã Nhựt Ninh","430","Huyện Tân Trụ","39","Long An"
"9684","Thị trấn Cần Đước","422","Huyện Cần Đước","39","Long An"
"9685","Xã Long Trạch","422","Huyện Cần Đước","39","Long An"
"9686","Xã Long Khê","422","Huyện Cần Đước","39","Long An"
"9687","Xã Long Định","422","Huyện Cần Đước","39","Long An"
"9688","Xã Phước Vân","422","Huyện Cần Đước","39","Long An"
"9689","Xã Long Hòa","422","Huyện Cần Đước","39","Long An"
"9690","Xã Long Cang","422","Huyện Cần Đước","39","Long An"
"9691","Xã Long Sơn","422","Huyện Cần Đước","39","Long An"
"9692","Xã Tân Trạch","422","Huyện Cần Đước","39","Long An"
"9693","Xã Mỹ Lệ","422","Huyện Cần Đước","39","Long An"
"9694","Xã Tân Lân","422","Huyện Cần Đước","39","Long An"
"9695","Xã Phước Tuy","422","Huyện Cần Đước","39","Long An"
"9696","Xã Long Hựu Đông","422","Huyện Cần Đước","39","Long An"
"9697","Xã Tân Ân","422","Huyện Cần Đước","39","Long An"
"9698","Xã Phước Đông","422","Huyện Cần Đước","39","Long An"
"9699","Xã Long Hựu Tây","422","Huyện Cần Đước","39","Long An"
"9700","Xã Tân Chánh","422","Huyện Cần Đước","39","Long An"
"9701","Thị trấn Cần Giuộc","423","Huyện Cần Giuộc","39","Long An"
"9702","Xã Phước Lý","423","Huyện Cần Giuộc","39","Long An"
"9703","Xã Long Thượng","423","Huyện Cần Giuộc","39","Long An"
"9704","Xã Long Hậu","423","Huyện Cần Giuộc","39","Long An"
"9705","Xã Tân Kim","423","Huyện Cần Giuộc","39","Long An"
"9706","Xã Phước Hậu","423","Huyện Cần Giuộc","39","Long An"
"9707","Xã Mỹ Lộc","423","Huyện Cần Giuộc","39","Long An"
"9708","Xã Phước Lại","423","Huyện Cần Giuộc","39","Long An"
"9709","Xã Phước Lâm","423","Huyện Cần Giuộc","39","Long An"
"9710","Xã Trường Bình","423","Huyện Cần Giuộc","39","Long An"
"9711","Xã Thuận Thành","423","Huyện Cần Giuộc","39","Long An"
"9712","Xã Phước Vĩnh Tây","423","Huyện Cần Giuộc","39","Long An"
"9713","Xã Phước Vĩnh Đông","423","Huyện Cần Giuộc","39","Long An"
"9714","Xã Long An","423","Huyện Cần Giuộc","39","Long An"
"9715","Xã Long Phụng","423","Huyện Cần Giuộc","39","Long An"
"9716","Xã Đông Thạnh","423","Huyện Cần Giuộc","39","Long An"
"9717","Xã Tân Tập","423","Huyện Cần Giuộc","39","Long An"
"9718","Thị trấn Tầm Vu","424","Huyện Châu Thành","39","Long An"
"9719","Xã Bình Quới","424","Huyện Châu Thành","39","Long An"
"9720","Xã Hòa Phú","424","Huyện Châu Thành","39","Long An"
"9721","Xã Phú Ngãi Trị","424","Huyện Châu Thành","39","Long An"
"9722","Xã Vĩnh Công","424","Huyện Châu Thành","39","Long An"
"9723","Xã Thuận Mỹ","424","Huyện Châu Thành","39","Long An"
"9724","Xã Hiệp Thạnh","424","Huyện Châu Thành","39","Long An"
"9725","Xã Phước Tân Hưng","424","Huyện Châu Thành","39","Long An"
"9726","Xã Thanh Phú Long","424","Huyện Châu Thành","39","Long An"
"9727","Xã Dương Xuân Hội","424","Huyện Châu Thành","39","Long An"
"9728","Xã An Lục Long","424","Huyện Châu Thành","39","Long An"
"9729","Xã Long Trì","424","Huyện Châu Thành","39","Long An"
"9730","Xã Thanh Vĩnh Đông","424","Huyện Châu Thành","39","Long An"
"9731","Phường 5","638","Thành phố Mỹ Tho","58","Tiền Giang"
"9732","Phường 4","638","Thành phố Mỹ Tho","58","Tiền Giang"
"9733","Phường 7","638","Thành phố Mỹ Tho","58","Tiền Giang"
"9734","Phường 3","638","Thành phố Mỹ Tho","58","Tiền Giang"
"9735","Phường 1","638","Thành phố Mỹ Tho","58","Tiền Giang"
"9736","Phường 2","638","Thành phố Mỹ Tho","58","Tiền Giang"
"9737","Phường 8","638","Thành phố Mỹ Tho","58","Tiền Giang"
"9738","Phường 6","638","Thành phố Mỹ Tho","58","Tiền Giang"
"9739","Phường 9","638","Thành phố Mỹ Tho","58","Tiền Giang"
"9740","Phường 10","638","Thành phố Mỹ Tho","58","Tiền Giang"
"9741","Phường Tân Long","638","Thành phố Mỹ Tho","58","Tiền Giang"
"9742","Xã Đạo Thạnh","638","Thành phố Mỹ Tho","58","Tiền Giang"
"9743","Xã Trung An","638","Thành phố Mỹ Tho","58","Tiền Giang"
"9744","Xã Mỹ Phong","638","Thành phố Mỹ Tho","58","Tiền Giang"
"9745","Xã Tân Mỹ Chánh","638","Thành phố Mỹ Tho","58","Tiền Giang"
"9746","Phường 3","639","Thị xã Gò Công","58","Tiền Giang"
"9747","Phường 2","639","Thị xã Gò Công","58","Tiền Giang"
"9748","Phường 4","639","Thị xã Gò Công","58","Tiền Giang"
"9749","Phường 1","639","Thị xã Gò Công","58","Tiền Giang"
"9750","Phường 5","639","Thị xã Gò Công","58","Tiền Giang"
"9751","Xã Long Hưng","639","Thị xã Gò Công","58","Tiền Giang"
"9752","Xã Long Thuận","639","Thị xã Gò Công","58","Tiền Giang"
"9753","Xã Long Chánh","639","Thị xã Gò Công","58","Tiền Giang"
"9754","Xã Long Hòa","639","Thị xã Gò Công","58","Tiền Giang"
"9755","Thị trấn Mỹ Phước","644","Huyện Tân Phước","58","Tiền Giang"
"9756","Xã Tân Hòa Đông","644","Huyện Tân Phước","58","Tiền Giang"
"9757","Xã Thạnh Tân","644","Huyện Tân Phước","58","Tiền Giang"
"9758","Xã Thạnh Mỹ","644","Huyện Tân Phước","58","Tiền Giang"
"9759","Xã Thạnh Hòa","644","Huyện Tân Phước","58","Tiền Giang"
"9760","Xã Phú Mỹ","644","Huyện Tân Phước","58","Tiền Giang"
"9761","Xã Tân Hòa Thành","644","Huyện Tân Phước","58","Tiền Giang"
"9762","Xã Hưng Thạnh","644","Huyện Tân Phước","58","Tiền Giang"
"9763","Xã Tân Lập 1","644","Huyện Tân Phước","58","Tiền Giang"
"9764","Xã Tân Hòa Tây","644","Huyện Tân Phước","58","Tiền Giang"
"9765","Xã Mỹ Phước","644","Huyện Tân Phước","58","Tiền Giang"
"9766","Xã Tân Lập 2","644","Huyện Tân Phước","58","Tiền Giang"
"9767","Xã Phước Lập","644","Huyện Tân Phước","58","Tiền Giang"
"9768","Thị trấn Cái Bè","646","Huyện Cái Bè","58","Tiền Giang"
"9769","Xã Hậu Mỹ Bắc B","646","Huyện Cái Bè","58","Tiền Giang"
"9770","Xã Hậu Mỹ Bắc A","646","Huyện Cái Bè","58","Tiền Giang"
"9771","Xã Mỹ Trung","646","Huyện Cái Bè","58","Tiền Giang"
"9772","Xã Hậu Mỹ Trinh","646","Huyện Cái Bè","58","Tiền Giang"
"9773","Xã Hậu Mỹ Phú","646","Huyện Cái Bè","58","Tiền Giang"
"9774","Xã Mỹ Tân","646","Huyện Cái Bè","58","Tiền Giang"
"9775","Xã Mỹ Lợi B","646","Huyện Cái Bè","58","Tiền Giang"
"9776","Xã Thiện Trung","646","Huyện Cái Bè","58","Tiền Giang"
"9777","Xã Mỹ Hội","646","Huyện Cái Bè","58","Tiền Giang"
"9778","Xã An Cư","646","Huyện Cái Bè","58","Tiền Giang"
"9779","Xã Hậu Thành","646","Huyện Cái Bè","58","Tiền Giang"
"9780","Xã Mỹ Lợi A","646","Huyện Cái Bè","58","Tiền Giang"
"9781","Xã Hòa Khánh","646","Huyện Cái Bè","58","Tiền Giang"
"9782","Xã Thiện Trí","646","Huyện Cái Bè","58","Tiền Giang"
"9783","Xã Mỹ Đức Đông","646","Huyện Cái Bè","58","Tiền Giang"
"9784","Xã Mỹ Đức Tây","646","Huyện Cái Bè","58","Tiền Giang"
"9785","Xã Đông Hòa Hiệp","646","Huyện Cái Bè","58","Tiền Giang"
"9786","Xã An Thái Đông","646","Huyện Cái Bè","58","Tiền Giang"
"9787","Xã Tân Hưng","646","Huyện Cái Bè","58","Tiền Giang"
"9788","Xã Mỹ Lương","646","Huyện Cái Bè","58","Tiền Giang"
"9789","Xã Tân Thanh","646","Huyện Cái Bè","58","Tiền Giang"
"9790","Xã An Thái Trung","646","Huyện Cái Bè","58","Tiền Giang"
"9791","Xã An Hữu","646","Huyện Cái Bè","58","Tiền Giang"
"9792","Xã Hòa Hưng","646","Huyện Cái Bè","58","Tiền Giang"
"9793","Phường 1","645","Thị xã Cai Lậy","58","Tiền Giang"
"9794","Phường 2","645","Thị xã Cai Lậy","58","Tiền Giang"
"9795","Phường 3","645","Thị xã Cai Lậy","58","Tiền Giang"
"9796","Xã Thạnh Lộc","713","Huyện Cai Lậy","58","Tiền Giang"
"9797","Phường 4","645","Thị xã Cai Lậy","58","Tiền Giang"
"9798","Phường 5","645","Thị xã Cai Lậy","58","Tiền Giang"
"9799","Xã Mỹ Thành Bắc","713","Huyện Cai Lậy","58","Tiền Giang"
"9800","Xã Phú Cường","713","Huyện Cai Lậy","58","Tiền Giang"
"9801","Xã Mỹ Phước Tây","645","Thị xã Cai Lậy","58","Tiền Giang"
"9802","Xã Mỹ Hạnh Đông","645","Thị xã Cai Lậy","58","Tiền Giang"
"9803","Xã Mỹ Hạnh Trung","645","Thị xã Cai Lậy","58","Tiền Giang"
"9804","Xã Mỹ Thành Nam","713","Huyện Cai Lậy","58","Tiền Giang"
"9805","Xã Tân Phú","645","Thị xã Cai Lậy","58","Tiền Giang"
"9806","Xã Tân Bình","645","Thị xã Cai Lậy","58","Tiền Giang"
"9807","Xã Phú Nhuận","713","Huyện Cai Lậy","58","Tiền Giang"
"9808","Xã Tân Hội","645","Thị xã Cai Lậy","58","Tiền Giang"
"9809","Xã Bình Phú","713","Huyện Cai Lậy","58","Tiền Giang"
"9810","Phường Nhị Mỹ","645","Thị xã Cai Lậy","58","Tiền Giang"
"9811","Xã Nhị Quý","645","Thị xã Cai Lậy","58","Tiền Giang"
"9812","Xã Thanh Hòa","645","Thị xã Cai Lậy","58","Tiền Giang"
"9813","Xã Phú Quý","645","Thị xã Cai Lậy","58","Tiền Giang"
"9814","Xã Long Khánh","645","Thị xã Cai Lậy","58","Tiền Giang"
"9815","Xã Cẩm Sơn","713","Huyện Cai Lậy","58","Tiền Giang"
"9816","Xã Phú An","713","Huyện Cai Lậy","58","Tiền Giang"
"9817","Xã Mỹ Long","713","Huyện Cai Lậy","58","Tiền Giang"
"9818","Xã Long Tiên","713","Huyện Cai Lậy","58","Tiền Giang"
"9819","Xã Hiệp Đức","713","Huyện Cai Lậy","58","Tiền Giang"
"9820","Xã Long Trung","713","Huyện Cai Lậy","58","Tiền Giang"
"9821","Xã Hội Xuân","713","Huyện Cai Lậy","58","Tiền Giang"
"9822","Xã Tân Phong","713","Huyện Cai Lậy","58","Tiền Giang"
"9823","Xã Tam Bình","713","Huyện Cai Lậy","58","Tiền Giang"
"9824","Xã Ngũ Hiệp","713","Huyện Cai Lậy","58","Tiền Giang"
"9825","Thị trấn Tân Hiệp","643","Huyện Châu Thành","58","Tiền Giang"
"9826","Xã Tân Hội Đông","643","Huyện Châu Thành","58","Tiền Giang"
"9827","Xã Tân Hương","643","Huyện Châu Thành","58","Tiền Giang"
"9828","Xã Tân Lý Đông","643","Huyện Châu Thành","58","Tiền Giang"
"9829","Xã Tân Lý Tây","643","Huyện Châu Thành","58","Tiền Giang"
"9830","Xã Thân Cửu Nghĩa","643","Huyện Châu Thành","58","Tiền Giang"
"9831","Xã Tam Hiệp","643","Huyện Châu Thành","58","Tiền Giang"
"9832","Xã Điềm Hy","643","Huyện Châu Thành","58","Tiền Giang"
"9833","Xã Nhị Bình","643","Huyện Châu Thành","58","Tiền Giang"
"9834","Xã Dưỡng Điềm","643","Huyện Châu Thành","58","Tiền Giang"
"9835","Xã Đông Hòa","643","Huyện Châu Thành","58","Tiền Giang"
"9836","Xã Long Định","643","Huyện Châu Thành","58","Tiền Giang"
"9837","Xã Hữu Đạo","643","Huyện Châu Thành","58","Tiền Giang"
"9838","Xã Long An","643","Huyện Châu Thành","58","Tiền Giang"
"9839","Xã Long Hưng","643","Huyện Châu Thành","58","Tiền Giang"
"9840","Xã Bình Trưng","643","Huyện Châu Thành","58","Tiền Giang"
"9841","Xã Phước Thạnh","638","Thành phố Mỹ Tho","58","Tiền Giang"
"9842","Xã Thạnh Phú","643","Huyện Châu Thành","58","Tiền Giang"
"9843","Xã Bàn Long","643","Huyện Châu Thành","58","Tiền Giang"
"9844","Xã Vĩnh Kim","643","Huyện Châu Thành","58","Tiền Giang"
"9845","Xã Bình Đức","643","Huyện Châu Thành","58","Tiền Giang"
"9846","Xã Song Thuận","643","Huyện Châu Thành","58","Tiền Giang"
"9847","Xã Kim Sơn","643","Huyện Châu Thành","58","Tiền Giang"
"9848","Xã Phú Phong","643","Huyện Châu Thành","58","Tiền Giang"
"9849","Xã Thới Sơn","638","Thành phố Mỹ Tho","58","Tiền Giang"
"9850","Thị trấn Chợ Gạo","642","Huyện Chợ Gạo","58","Tiền Giang"
"9851","Xã Trung Hòa","642","Huyện Chợ Gạo","58","Tiền Giang"
"9852","Xã Hòa Tịnh","642","Huyện Chợ Gạo","58","Tiền Giang"
"9853","Xã Mỹ Tịnh An","642","Huyện Chợ Gạo","58","Tiền Giang"
"9854","Xã Tân Bình Thạnh","642","Huyện Chợ Gạo","58","Tiền Giang"
"9855","Xã Phú Kiết","642","Huyện Chợ Gạo","58","Tiền Giang"
"9856","Xã Lương Hòa Lạc","642","Huyện Chợ Gạo","58","Tiền Giang"
"9857","Xã Thanh Bình","642","Huyện Chợ Gạo","58","Tiền Giang"
"9858","Xã Quơn Long","642","Huyện Chợ Gạo","58","Tiền Giang"
"9859","Xã Bình Phục Nhứt","642","Huyện Chợ Gạo","58","Tiền Giang"
"9860","Xã Đăng Hưng Phước","642","Huyện Chợ Gạo","58","Tiền Giang"
"9861","Xã Tân Thuận Bình","642","Huyện Chợ Gạo","58","Tiền Giang"
"9862","Xã Song Bình","642","Huyện Chợ Gạo","58","Tiền Giang"
"9863","Xã Bình Phan","642","Huyện Chợ Gạo","58","Tiền Giang"
"9864","Xã Long Bình Điền","642","Huyện Chợ Gạo","58","Tiền Giang"
"9865","Xã An Thạnh Thủy","642","Huyện Chợ Gạo","58","Tiền Giang"
"9866","Xã Xuân Đông","642","Huyện Chợ Gạo","58","Tiền Giang"
"9867","Xã Hòa Định","642","Huyện Chợ Gạo","58","Tiền Giang"
"9868","Xã Bình Ninh","642","Huyện Chợ Gạo","58","Tiền Giang"
"9869","Thị trấn Vĩnh Bình","641","Huyện Gò Công Tây","58","Tiền Giang"
"9870","Xã Đồng Sơn","641","Huyện Gò Công Tây","58","Tiền Giang"
"9871","Xã Bình Phú","641","Huyện Gò Công Tây","58","Tiền Giang"
"9872","Xã Đồng Thạnh","641","Huyện Gò Công Tây","58","Tiền Giang"
"9873","Xã Thành Công","641","Huyện Gò Công Tây","58","Tiền Giang"
"9874","Xã Bình Nhì","641","Huyện Gò Công Tây","58","Tiền Giang"
"9875","Xã Yên Luông","641","Huyện Gò Công Tây","58","Tiền Giang"
"9876","Xã Thạnh Trị","641","Huyện Gò Công Tây","58","Tiền Giang"
"9877","Xã Thạnh Nhựt","641","Huyện Gò Công Tây","58","Tiền Giang"
"9878","Xã Long Vĩnh","641","Huyện Gò Công Tây","58","Tiền Giang"
"9879","Xã Bình Tân","641","Huyện Gò Công Tây","58","Tiền Giang"
"9880","Xã Vĩnh Hựu","641","Huyện Gò Công Tây","58","Tiền Giang"
"9881","Xã Long Bình","641","Huyện Gò Công Tây","58","Tiền Giang"
"9882","Xã Tân Thới","647","Huyện Tân Phú Đông","58","Tiền Giang"
"9883","Xã Tân Phú","647","Huyện Tân Phú Đông","58","Tiền Giang"
"9884","Xã Phú Thạnh","647","Huyện Tân Phú Đông","58","Tiền Giang"
"9885","Xã Tân Thạnh","647","Huyện Tân Phú Đông","58","Tiền Giang"
"9886","Thị trấn Tân Hòa","640","Huyện Gò Công Đông","58","Tiền Giang"
"9887","Xã Tăng Hòa","640","Huyện Gò Công Đông","58","Tiền Giang"
"9888","Xã Bình Đông","639","Thị xã Gò Công","58","Tiền Giang"
"9889","Xã Tân Phước","640","Huyện Gò Công Đông","58","Tiền Giang"
"9890","Xã Gia Thuận","640","Huyện Gò Công Đông","58","Tiền Giang"
"9891","Xã Bình Xuân","639","Thị xã Gò Công","58","Tiền Giang"
"9892","Thị trấn Vàm Láng","640","Huyện Gò Công Đông","58","Tiền Giang"
"9893","Xã Tân Tây","640","Huyện Gò Công Đông","58","Tiền Giang"
"9894","Xã Kiểng Phước","640","Huyện Gò Công Đông","58","Tiền Giang"
"9895","Xã Tân Trung","639","Thị xã Gò Công","58","Tiền Giang"
"9896","Xã Tân Đông","640","Huyện Gò Công Đông","58","Tiền Giang"
"9897","Xã Bình Ân","640","Huyện Gò Công Đông","58","Tiền Giang"
"9898","Xã Tân Điền","640","Huyện Gò Công Đông","58","Tiền Giang"
"9899","Xã Bình Nghị","640","Huyện Gò Công Đông","58","Tiền Giang"
"9900","Xã Phước Trung","640","Huyện Gò Công Đông","58","Tiền Giang"
"9901","Xã Tân Thành","640","Huyện Gò Công Đông","58","Tiền Giang"
"9902","Xã Phú Đông","647","Huyện Tân Phú Đông","58","Tiền Giang"
"9903","Xã Phú Tân","647","Huyện Tân Phú Đông","58","Tiền Giang"
"9904","Phường Phú Khương","105","Thành phố Bến Tre","9","Bến Tre"
"9905","Phường Phú Tân","105","Thành phố Bến Tre","9","Bến Tre"
"9906","Phường 8","105","Thành phố Bến Tre","9","Bến Tre"
"9907","Phường 6","105","Thành phố Bến Tre","9","Bến Tre"
"9908","Phường 4","105","Thành phố Bến Tre","9","Bến Tre"
"9909","Phường 5","105","Thành phố Bến Tre","9","Bến Tre"
"9910","Phường 1","105","Thành phố Bến Tre","9","Bến Tre"
"9911","Phường 3","105","Thành phố Bến Tre","9","Bến Tre"
"9912","Phường 2","105","Thành phố Bến Tre","9","Bến Tre"
"9913","Phường 7","105","Thành phố Bến Tre","9","Bến Tre"
"9914","Xã Sơn Đông","105","Thành phố Bến Tre","9","Bến Tre"
"9915","Xã Phú Hưng","105","Thành phố Bến Tre","9","Bến Tre"
"9916","Xã Bình Phú","105","Thành phố Bến Tre","9","Bến Tre"
"9917","Xã Mỹ Thạnh An","105","Thành phố Bến Tre","9","Bến Tre"
"9918","Xã Nhơn Thạnh","105","Thành phố Bến Tre","9","Bến Tre"
"9919","Xã Phú Nhuận","105","Thành phố Bến Tre","9","Bến Tre"
"9920","Thị trấn Châu Thành","108","Huyện Châu Thành","9","Bến Tre"
"9921","Xã Tân Thạch","108","Huyện Châu Thành","9","Bến Tre"
"9922","Xã Qưới Sơn","108","Huyện Châu Thành","9","Bến Tre"
"9923","Xã An Khánh","108","Huyện Châu Thành","9","Bến Tre"
"9924","Xã Giao Long","108","Huyện Châu Thành","9","Bến Tre"
"9925","Xã Giao Hòa","108","Huyện Châu Thành","9","Bến Tre"
"9926","Xã Phú Túc","108","Huyện Châu Thành","9","Bến Tre"
"9927","Xã Phú Đức","108","Huyện Châu Thành","9","Bến Tre"
"9928","Xã Phú An Hòa","108","Huyện Châu Thành","9","Bến Tre"
"9929","Xã An Phước","108","Huyện Châu Thành","9","Bến Tre"
"9930","Xã Tam Phước","108","Huyện Châu Thành","9","Bến Tre"
"9931","Xã Thành Triệu","108","Huyện Châu Thành","9","Bến Tre"
"9932","Xã Tường Đa","108","Huyện Châu Thành","9","Bến Tre"
"9933","Xã Tân Phú","108","Huyện Châu Thành","9","Bến Tre"
"9934","Xã Quới Thành","108","Huyện Châu Thành","9","Bến Tre"
"9935","Xã Phước Thạnh","108","Huyện Châu Thành","9","Bến Tre"
"9936","Xã An Hóa","108","Huyện Châu Thành","9","Bến Tre"
"9937","Xã Tiên Long","108","Huyện Châu Thành","9","Bến Tre"
"9938","Xã An Hiệp","108","Huyện Châu Thành","9","Bến Tre"
"9939","Xã Hữu Định","108","Huyện Châu Thành","9","Bến Tre"
"9940","Xã Tiên Thủy","108","Huyện Châu Thành","9","Bến Tre"
"9941","Xã Sơn Hòa","108","Huyện Châu Thành","9","Bến Tre"
"9942","Xã Mỹ Thành","105","Thành phố Bến Tre","9","Bến Tre"
"9943","Thị trấn Chợ Lách","109","Huyện Chợ Lách","9","Bến Tre"
"9944","Xã Phú Phụng","109","Huyện Chợ Lách","9","Bến Tre"
"9945","Xã Sơn Định","109","Huyện Chợ Lách","9","Bến Tre"
"9946","Xã Vĩnh Bình","109","Huyện Chợ Lách","9","Bến Tre"
"9947","Xã Hòa Nghĩa","109","Huyện Chợ Lách","9","Bến Tre"
"9948","Xã Long Thới","109","Huyện Chợ Lách","9","Bến Tre"
"9949","Xã Phú Sơn","109","Huyện Chợ Lách","9","Bến Tre"
"9950","Xã Phú Mỹ","111","Huyện Mỏ Cày Bắc","9","Bến Tre"
"9951","Xã Tân Thiềng","109","Huyện Chợ Lách","9","Bến Tre"
"9952","Xã Vĩnh Thành","109","Huyện Chợ Lách","9","Bến Tre"
"9953","Xã Vĩnh Hòa","109","Huyện Chợ Lách","9","Bến Tre"
"9954","Xã Hưng Khánh Trung B","109","Huyện Chợ Lách","9","Bến Tre"
"9955","Xã Hưng Khánh Trung A","111","Huyện Mỏ Cày Bắc","9","Bến Tre"
"9956","Thị trấn Mỏ Cày","112","Huyện Mỏ Cày Nam","9","Bến Tre"
"9957","Xã Thanh Tân","111","Huyện Mỏ Cày Bắc","9","Bến Tre"
"9958","Xã Thạnh Ngãi","111","Huyện Mỏ Cày Bắc","9","Bến Tre"
"9959","Xã Tân Phú Tây","111","Huyện Mỏ Cày Bắc","9","Bến Tre"
"9960","Xã Phước Mỹ Trung","111","Huyện Mỏ Cày Bắc","9","Bến Tre"
"9961","Xã Tân Thành Bình","111","Huyện Mỏ Cày Bắc","9","Bến Tre"
"9962","Xã Thành An","111","Huyện Mỏ Cày Bắc","9","Bến Tre"
"9963","Xã Hòa Lộc","111","Huyện Mỏ Cày Bắc","9","Bến Tre"
"9964","Xã Tân Thanh Tây","111","Huyện Mỏ Cày Bắc","9","Bến Tre"
"9965","Xã Định Thủy","112","Huyện Mỏ Cày Nam","9","Bến Tre"
"9966","Xã Tân Bình","111","Huyện Mỏ Cày Bắc","9","Bến Tre"
"9967","Xã Nhuận Phú Tân","111","Huyện Mỏ Cày Bắc","9","Bến Tre"
"9968","Xã Đa Phước Hội","112","Huyện Mỏ Cày Nam","9","Bến Tre"
"9969","Xã Tân Hội","112","Huyện Mỏ Cày Nam","9","Bến Tre"
"9970","Xã Phước Hiệp","112","Huyện Mỏ Cày Nam","9","Bến Tre"
"9971","Xã Bình Khánh","112","Huyện Mỏ Cày Nam","9","Bến Tre"
"9972","Xã Khánh Thạnh Tân","111","Huyện Mỏ Cày Bắc","9","Bến Tre"
"9973","Xã An Thạnh","112","Huyện Mỏ Cày Nam","9","Bến Tre"
"9974","Xã Bình Khánh Tây","112","Huyện Mỏ Cày Nam","9","Bến Tre"
"9975","Xã An Định","112","Huyện Mỏ Cày Nam","9","Bến Tre"
"9976","Xã Thành Thới B","112","Huyện Mỏ Cày Nam","9","Bến Tre"
"9977","Xã Tân Trung","112","Huyện Mỏ Cày Nam","9","Bến Tre"
"9978","Xã An Thới","112","Huyện Mỏ Cày Nam","9","Bến Tre"
"9979","Xã Thành Thới A","112","Huyện Mỏ Cày Nam","9","Bến Tre"
"9980","Xã Minh Đức","112","Huyện Mỏ Cày Nam","9","Bến Tre"
"9981","Xã Ngãi Đăng","112","Huyện Mỏ Cày Nam","9","Bến Tre"
"9982","Xã Cẩm Sơn","112","Huyện Mỏ Cày Nam","9","Bến Tre"
"9983","Xã Hương Mỹ","112","Huyện Mỏ Cày Nam","9","Bến Tre"
"9984","Thị trấn Giồng Trôm","110","Huyện Giồng Trôm","9","Bến Tre"
"9985","Xã Phong Nẫm","110","Huyện Giồng Trôm","9","Bến Tre"
"9986","Xã Phong Mỹ","110","Huyện Giồng Trôm","9","Bến Tre"
"9987","Xã Mỹ Thạnh","110","Huyện Giồng Trôm","9","Bến Tre"
"9988","Xã Châu Hòa","110","Huyện Giồng Trôm","9","Bến Tre"
"9989","Xã Lương Hòa","110","Huyện Giồng Trôm","9","Bến Tre"
"9990","Xã Lương Quới","110","Huyện Giồng Trôm","9","Bến Tre"
"9991","Xã Lương Phú","110","Huyện Giồng Trôm","9","Bến Tre"
"9992","Xã Châu Bình","110","Huyện Giồng Trôm","9","Bến Tre"
"9993","Xã Thuận Điền","110","Huyện Giồng Trôm","9","Bến Tre"
"9994","Xã Sơn Phú","110","Huyện Giồng Trôm","9","Bến Tre"
"9995","Xã Bình Hòa","110","Huyện Giồng Trôm","9","Bến Tre"
"9996","Xã Phước Long","110","Huyện Giồng Trôm","9","Bến Tre"
"9997","Xã Hưng Phong","110","Huyện Giồng Trôm","9","Bến Tre"
"9998","Xã Long Mỹ","110","Huyện Giồng Trôm","9","Bến Tre"
"9999","Xã Tân Hào","110","Huyện Giồng Trôm","9","Bến Tre"
"10000","Xã Bình Thành","110","Huyện Giồng Trôm","9","Bến Tre"
"10001","Xã Tân Thanh","110","Huyện Giồng Trôm","9","Bến Tre"
"10002","Xã Tân Lợi Thạnh","110","Huyện Giồng Trôm","9","Bến Tre"
"10003","Xã Thạnh Phú Đông","110","Huyện Giồng Trôm","9","Bến Tre"
"10004","Xã Hưng Nhượng","110","Huyện Giồng Trôm","9","Bến Tre"
"10005","Xã Hưng Lễ","110","Huyện Giồng Trôm","9","Bến Tre"
"10006","Thị trấn Bình Đại","107","Huyện Bình Đại","9","Bến Tre"
"10007","Xã Tam Hiệp","107","Huyện Bình Đại","9","Bến Tre"
"10008","Xã Long Định","107","Huyện Bình Đại","9","Bến Tre"
"10009","Xã Long Hòa","107","Huyện Bình Đại","9","Bến Tre"
"10010","Xã Phú Thuận","107","Huyện Bình Đại","9","Bến Tre"
"10011","Xã Vang Quới Tây","107","Huyện Bình Đại","9","Bến Tre"
"10012","Xã Vang Quới Đông","107","Huyện Bình Đại","9","Bến Tre"
"10013","Xã Châu Hưng","107","Huyện Bình Đại","9","Bến Tre"
"10014","Xã Phú Vang","107","Huyện Bình Đại","9","Bến Tre"
"10015","Xã Lộc Thuận","107","Huyện Bình Đại","9","Bến Tre"
"10016","Xã Định Trung","107","Huyện Bình Đại","9","Bến Tre"
"10017","Xã Thới Lai","107","Huyện Bình Đại","9","Bến Tre"
"10018","Xã Bình Thới","107","Huyện Bình Đại","9","Bến Tre"
"10019","Xã Phú Long","107","Huyện Bình Đại","9","Bến Tre"
"10020","Xã Bình Thắng","107","Huyện Bình Đại","9","Bến Tre"
"10021","Xã Thạnh Trị","107","Huyện Bình Đại","9","Bến Tre"
"10022","Xã Đại Hòa Lộc","107","Huyện Bình Đại","9","Bến Tre"
"10023","Xã Thừa Đức","107","Huyện Bình Đại","9","Bến Tre"
"10024","Xã Thạnh Phước","107","Huyện Bình Đại","9","Bến Tre"
"10025","Xã Thới Thuận","107","Huyện Bình Đại","9","Bến Tre"
"10026","Thị trấn Ba Tri","106","Huyện Ba Tri","9","Bến Tre"
"10027","Xã Tân Mỹ","106","Huyện Ba Tri","9","Bến Tre"
"10028","Xã Mỹ Hòa","106","Huyện Ba Tri","9","Bến Tre"
"10029","Xã Tân Xuân","106","Huyện Ba Tri","9","Bến Tre"
"10030","Xã Mỹ Chánh","106","Huyện Ba Tri","9","Bến Tre"
"10031","Xã Bảo Thạnh","106","Huyện Ba Tri","9","Bến Tre"
"10032","Xã An Phú Trung","106","Huyện Ba Tri","9","Bến Tre"
"10033","Xã Mỹ Thạnh","106","Huyện Ba Tri","9","Bến Tre"
"10034","Xã Mỹ Nhơn","106","Huyện Ba Tri","9","Bến Tre"
"10035","Xã Phước Tuy","106","Huyện Ba Tri","9","Bến Tre"
"10036","Xã Phú Ngãi","106","Huyện Ba Tri","9","Bến Tre"
"10037","Xã An Ngãi Trung","106","Huyện Ba Tri","9","Bến Tre"
"10038","Xã Phú Lễ","106","Huyện Ba Tri","9","Bến Tre"
"10039","Xã An Bình Tây","106","Huyện Ba Tri","9","Bến Tre"
"10040","Xã Bảo Thuận","106","Huyện Ba Tri","9","Bến Tre"
"10041","Xã Tân Hưng","106","Huyện Ba Tri","9","Bến Tre"
"10042","Xã An Ngãi Tây","106","Huyện Ba Tri","9","Bến Tre"
"10043","Xã An Hiệp","106","Huyện Ba Tri","9","Bến Tre"
"10044","Xã Vĩnh Hòa","106","Huyện Ba Tri","9","Bến Tre"
"10045","Xã Tân Thủy","106","Huyện Ba Tri","9","Bến Tre"
"10046","Xã Vĩnh An","106","Huyện Ba Tri","9","Bến Tre"
"10047","Xã An Đức","106","Huyện Ba Tri","9","Bến Tre"
"10048","Xã An Hòa Tây","106","Huyện Ba Tri","9","Bến Tre"
"10049","Xã An Thủy","106","Huyện Ba Tri","9","Bến Tre"
"10050","Thị trấn Thạnh Phú","113","Huyện Thạnh Phú","9","Bến Tre"
"10051","Xã Phú Khánh","113","Huyện Thạnh Phú","9","Bến Tre"
"10052","Xã Đại Điền","113","Huyện Thạnh Phú","9","Bến Tre"
"10053","Xã Quới Điền","113","Huyện Thạnh Phú","9","Bến Tre"
"10054","Xã Tân Phong","113","Huyện Thạnh Phú","9","Bến Tre"
"10055","Xã Mỹ Hưng","113","Huyện Thạnh Phú","9","Bến Tre"
"10056","Xã An Thạnh","113","Huyện Thạnh Phú","9","Bến Tre"
"10057","Xã Thới Thạnh","113","Huyện Thạnh Phú","9","Bến Tre"
"10058","Xã Hòa Lợi","113","Huyện Thạnh Phú","9","Bến Tre"
"10059","Xã An Điền","113","Huyện Thạnh Phú","9","Bến Tre"
"10060","Xã Bình Thạnh","113","Huyện Thạnh Phú","9","Bến Tre"
"10061","Xã An Thuận","113","Huyện Thạnh Phú","9","Bến Tre"
"10062","Xã An Quy","113","Huyện Thạnh Phú","9","Bến Tre"
"10063","Xã Thạnh Hải","113","Huyện Thạnh Phú","9","Bến Tre"
"10064","Xã An Nhơn","113","Huyện Thạnh Phú","9","Bến Tre"
"10065","Xã Giao Thạnh","113","Huyện Thạnh Phú","9","Bến Tre"
"10066","Xã Thạnh Phong","113","Huyện Thạnh Phú","9","Bến Tre"
"10067","Xã Mỹ An","113","Huyện Thạnh Phú","9","Bến Tre"
"10068","Phường 4","648","Thành phố Trà Vinh","59","Trà Vinh"
"10069","Phường 1","648","Thành phố Trà Vinh","59","Trà Vinh"
"10070","Phường 3","648","Thành phố Trà Vinh","59","Trà Vinh"
"10071","Phường 2","648","Thành phố Trà Vinh","59","Trà Vinh"
"10072","Phường 5","648","Thành phố Trà Vinh","59","Trà Vinh"
"10073","Phường 6","648","Thành phố Trà Vinh","59","Trà Vinh"
"10074","Phường 7","648","Thành phố Trà Vinh","59","Trà Vinh"
"10075","Phường 8","648","Thành phố Trà Vinh","59","Trà Vinh"
"10076","Phường 9","648","Thành phố Trà Vinh","59","Trà Vinh"
"10077","Xã Long Đức","648","Thành phố Trà Vinh","59","Trà Vinh"
"10078","Thị trấn Càng Long","649","Huyện Càng Long","59","Trà Vinh"
"10079","Xã Mỹ Cẩm","649","Huyện Càng Long","59","Trà Vinh"
"10080","Xã An Trường A","649","Huyện Càng Long","59","Trà Vinh"
"10081","Xã An Trường","649","Huyện Càng Long","59","Trà Vinh"
"10082","Xã Huyền Hội","649","Huyện Càng Long","59","Trà Vinh"
"10083","Xã Tân An","649","Huyện Càng Long","59","Trà Vinh"
"10084","Xã Tân Bình","649","Huyện Càng Long","59","Trà Vinh"
"10085","Xã Bình Phú","649","Huyện Càng Long","59","Trà Vinh"
"10086","Xã Phương Thạnh","649","Huyện Càng Long","59","Trà Vinh"
"10087","Xã Đại Phúc","649","Huyện Càng Long","59","Trà Vinh"
"10088","Xã Đại Phước","649","Huyện Càng Long","59","Trà Vinh"
"10089","Xã Nhị Long Phú","649","Huyện Càng Long","59","Trà Vinh"
"10090","Xã Nhị Long","649","Huyện Càng Long","59","Trà Vinh"
"10091","Xã Đức Mỹ","649","Huyện Càng Long","59","Trà Vinh"
"10092","Thị trấn Cầu Kè","651","Huyện Cầu Kè","59","Trà Vinh"
"10093","Xã Hòa Ân","651","Huyện Cầu Kè","59","Trà Vinh"
"10094","Xã Châu Điền","651","Huyện Cầu Kè","59","Trà Vinh"
"10095","Xã An Phú Tân","651","Huyện Cầu Kè","59","Trà Vinh"
"10096","Xã Hòa Tân","651","Huyện Cầu Kè","59","Trà Vinh"
"10097","Xã Ninh Thới","651","Huyện Cầu Kè","59","Trà Vinh"
"10098","Xã Phong Phú","651","Huyện Cầu Kè","59","Trà Vinh"
"10099","Xã Phong Thạnh","651","Huyện Cầu Kè","59","Trà Vinh"
"10100","Xã Tam Ngãi","651","Huyện Cầu Kè","59","Trà Vinh"
"10101","Xã Thông Hòa","651","Huyện Cầu Kè","59","Trà Vinh"
"10102","Xã Thạnh Phú","651","Huyện Cầu Kè","59","Trà Vinh"
"10103","Thị trấn Tiểu Cần","652","Huyện Tiểu Cần","59","Trà Vinh"
"10104","Thị trấn Cầu Quan","652","Huyện Tiểu Cần","59","Trà Vinh"
"10105","Xã Phú Cần","652","Huyện Tiểu Cần","59","Trà Vinh"
"10106","Xã Hiếu Tử","652","Huyện Tiểu Cần","59","Trà Vinh"
"10107","Xã Hiếu Trung","652","Huyện Tiểu Cần","59","Trà Vinh"
"10108","Xã Long Thới","652","Huyện Tiểu Cần","59","Trà Vinh"
"10109","Xã Hùng Hòa","652","Huyện Tiểu Cần","59","Trà Vinh"
"10110","Xã Tân Hùng","652","Huyện Tiểu Cần","59","Trà Vinh"
"10111","Xã Tập Ngãi","652","Huyện Tiểu Cần","59","Trà Vinh"
"10112","Xã Ngãi Hùng","652","Huyện Tiểu Cần","59","Trà Vinh"
"10113","Xã Tân Hòa","652","Huyện Tiểu Cần","59","Trà Vinh"
"10114","Thị trấn Châu Thành","650","Huyện Châu Thành","59","Trà Vinh"
"10115","Xã Đa Lộc","650","Huyện Châu Thành","59","Trà Vinh"
"10116","Xã Mỹ Chánh","650","Huyện Châu Thành","59","Trà Vinh"
"10117","Xã Thanh Mỹ","650","Huyện Châu Thành","59","Trà Vinh"
"10118","Xã Lương Hòa A","650","Huyện Châu Thành","59","Trà Vinh"
"10119","Xã Lương Hòa","650","Huyện Châu Thành","59","Trà Vinh"
"10120","Xã Song Lộc","650","Huyện Châu Thành","59","Trà Vinh"
"10121","Xã Nguyệt Hóa","650","Huyện Châu Thành","59","Trà Vinh"
"10122","Xã Hòa Thuận","650","Huyện Châu Thành","59","Trà Vinh"
"10123","Xã Hòa Lợi","650","Huyện Châu Thành","59","Trà Vinh"
"10124","Xã Phước Hảo","650","Huyện Châu Thành","59","Trà Vinh"
"10125","Xã Hưng Mỹ","650","Huyện Châu Thành","59","Trà Vinh"
"10126","Xã Hòa Minh","650","Huyện Châu Thành","59","Trà Vinh"
"10127","Xã Long Hòa","650","Huyện Châu Thành","59","Trà Vinh"
"10128","Thị trấn Cầu Ngang","653","Huyện Cầu Ngang","59","Trà Vinh"
"10129","Thị trấn Mỹ Long","653","Huyện Cầu Ngang","59","Trà Vinh"
"10130","Xã Mỹ Long Bắc","653","Huyện Cầu Ngang","59","Trà Vinh"
"10131","Xã Mỹ Long Nam","653","Huyện Cầu Ngang","59","Trà Vinh"
"10132","Xã Mỹ Hòa","653","Huyện Cầu Ngang","59","Trà Vinh"
"10133","Xã Vĩnh Kim","653","Huyện Cầu Ngang","59","Trà Vinh"
"10134","Xã Kim Hòa","653","Huyện Cầu Ngang","59","Trà Vinh"
"10135","Xã Hiệp Hòa","653","Huyện Cầu Ngang","59","Trà Vinh"
"10136","Xã Thuận Hòa","653","Huyện Cầu Ngang","59","Trà Vinh"
"10137","Xã Long Sơn","653","Huyện Cầu Ngang","59","Trà Vinh"
"10138","Xã Nhị Trường","653","Huyện Cầu Ngang","59","Trà Vinh"
"10139","Xã Trường Thọ","653","Huyện Cầu Ngang","59","Trà Vinh"
"10140","Xã Hiệp Mỹ Đông","653","Huyện Cầu Ngang","59","Trà Vinh"
"10141","Xã Hiệp Mỹ Tây","653","Huyện Cầu Ngang","59","Trà Vinh"
"10142","Xã Thạnh Hòa Sơn","653","Huyện Cầu Ngang","59","Trà Vinh"
"10143","Thị trấn Trà Cú","654","Huyện Trà Cú","59","Trà Vinh"
"10144","Thị trấn Định An","654","Huyện Trà Cú","59","Trà Vinh"
"10145","Xã Phước Hưng","654","Huyện Trà Cú","59","Trà Vinh"
"10146","Xã Tập Sơn","654","Huyện Trà Cú","59","Trà Vinh"
"10147","Xã Tân Sơn","654","Huyện Trà Cú","59","Trà Vinh"
"10148","Xã An Quảng Hữu","654","Huyện Trà Cú","59","Trà Vinh"
"10149","Xã Lưu Nghiệp Anh","654","Huyện Trà Cú","59","Trà Vinh"
"10150","Xã Ngãi Xuyên","654","Huyện Trà Cú","59","Trà Vinh"
"10151","Xã Kim Sơn","654","Huyện Trà Cú","59","Trà Vinh"
"10152","Xã Thanh Sơn","654","Huyện Trà Cú","59","Trà Vinh"
"10153","Xã Hàm Giang","654","Huyện Trà Cú","59","Trà Vinh"
"10154","Xã Hàm Tân","654","Huyện Trà Cú","59","Trà Vinh"
"10155","Xã Đại An","654","Huyện Trà Cú","59","Trà Vinh"
"10156","Xã Định An","654","Huyện Trà Cú","59","Trà Vinh"
"10157","Xã Đôn Xuân","655","Huyện Duyên Hải","59","Trà Vinh"
"10158","Xã Đôn Châu","655","Huyện Duyên Hải","59","Trà Vinh"
"10159","Xã Ngọc Biên","654","Huyện Trà Cú","59","Trà Vinh"
"10160","Xã Long Hiệp","654","Huyện Trà Cú","59","Trà Vinh"
"10161","Xã Tân Hiệp","654","Huyện Trà Cú","59","Trà Vinh"
"10162","Phường 1","714","Thị xã Duyên Hải","59","Trà Vinh"
"10163","Thị trấn Long Thành","655","Huyện Duyên Hải","59","Trà Vinh"
"10164","Xã Long Toàn","714","Thị xã Duyên Hải","59","Trà Vinh"
"10165","Phường 2","714","Thị xã Duyên Hải","59","Trà Vinh"
"10166","Xã Long Hữu","714","Thị xã Duyên Hải","59","Trà Vinh"
"10167","Xã Long Khánh","655","Huyện Duyên Hải","59","Trà Vinh"
"10168","Xã Dân Thành","714","Thị xã Duyên Hải","59","Trà Vinh"
"10169","Xã Trường Long Hòa","714","Thị xã Duyên Hải","59","Trà Vinh"
"10170","Xã Ngũ Lạc","655","Huyện Duyên Hải","59","Trà Vinh"
"10171","Xã Long Vĩnh","655","Huyện Duyên Hải","59","Trà Vinh"
"10172","Xã Đông Hải","655","Huyện Duyên Hải","59","Trà Vinh"
"10173","Xã Hiệp Thạnh","714","Thị xã Duyên Hải","59","Trà Vinh"
"10174","Phường 9","662","Thành phố Vĩnh Long","61","Vĩnh Long"
"10175","Phường 5","662","Thành phố Vĩnh Long","61","Vĩnh Long"
"10176","Phường 1","662","Thành phố Vĩnh Long","61","Vĩnh Long"
"10177","Phường 2","662","Thành phố Vĩnh Long","61","Vĩnh Long"
"10178","Phường 4","662","Thành phố Vĩnh Long","61","Vĩnh Long"
"10179","Phường 3","662","Thành phố Vĩnh Long","61","Vĩnh Long"
"10180","Phường 8","662","Thành phố Vĩnh Long","61","Vĩnh Long"
"10181","Phường Tân Ngãi","662","Thành phố Vĩnh Long","61","Vĩnh Long"
"10182","Xã Tân Hòa","662","Thành phố Vĩnh Long","61","Vĩnh Long"
"10183","Phường Tân Hội","662","Thành phố Vĩnh Long","61","Vĩnh Long"
"10184","Xã Trường An","662","Thành phố Vĩnh Long","61","Vĩnh Long"
"10185","Thị trấn Long Hồ","665","Huyện Long Hồ","61","Vĩnh Long"
"10186","Xã Đồng Phú","665","Huyện Long Hồ","61","Vĩnh Long"
"10187","Xã Bình Hòa Phước","665","Huyện Long Hồ","61","Vĩnh Long"
"10188","Xã Hòa Ninh","665","Huyện Long Hồ","61","Vĩnh Long"
"10189","Xã An Bình","665","Huyện Long Hồ","61","Vĩnh Long"
"10190","Xã Thanh Đức","665","Huyện Long Hồ","61","Vĩnh Long"
"10191","Xã Tân Hạnh","665","Huyện Long Hồ","61","Vĩnh Long"
"10192","Xã Phước Hậu","665","Huyện Long Hồ","61","Vĩnh Long"
"10193","Xã Long Phước","665","Huyện Long Hồ","61","Vĩnh Long"
"10194","Xã Phú Đức","665","Huyện Long Hồ","61","Vĩnh Long"
"10195","Xã Lộc Hòa","665","Huyện Long Hồ","61","Vĩnh Long"
"10196","Xã Long An","665","Huyện Long Hồ","61","Vĩnh Long"
"10197","Xã Phú Quới","665","Huyện Long Hồ","61","Vĩnh Long"
"10198","Xã Thạnh Quới","665","Huyện Long Hồ","61","Vĩnh Long"
"10199","Xã Hòa Phú","665","Huyện Long Hồ","61","Vĩnh Long"
"10200","Thị trấn Cái Nhum","666","Huyện Mang Thít","61","Vĩnh Long"
"10201","Xã Mỹ An","666","Huyện Mang Thít","61","Vĩnh Long"
"10202","Xã Mỹ Phước","666","Huyện Mang Thít","61","Vĩnh Long"
"10203","Xã An Phước","666","Huyện Mang Thít","61","Vĩnh Long"
"10204","Xã Nhơn Phú","666","Huyện Mang Thít","61","Vĩnh Long"
"10205","Xã Long Mỹ","666","Huyện Mang Thít","61","Vĩnh Long"
"10206","Xã Hòa Tịnh","666","Huyện Mang Thít","61","Vĩnh Long"
"10207","Xã Chánh Hội","666","Huyện Mang Thít","61","Vĩnh Long"
"10208","Xã Bình Phước","666","Huyện Mang Thít","61","Vĩnh Long"
"10209","Xã Chánh An","666","Huyện Mang Thít","61","Vĩnh Long"
"10210","Xã Tân An Hội","666","Huyện Mang Thít","61","Vĩnh Long"
"10211","Xã Tân Long","666","Huyện Mang Thít","61","Vĩnh Long"
"10212","Xã Tân Long Hội","666","Huyện Mang Thít","61","Vĩnh Long"
"10213","Thị trấn Vũng Liêm","669","Huyện Vũng Liêm","61","Vĩnh Long"
"10214","Xã Tân Quới Trung","669","Huyện Vũng Liêm","61","Vĩnh Long"
"10215","Xã Quới Thiện","669","Huyện Vũng Liêm","61","Vĩnh Long"
"10216","Xã Quới An","669","Huyện Vũng Liêm","61","Vĩnh Long"
"10217","Xã Trung Chánh","669","Huyện Vũng Liêm","61","Vĩnh Long"
"10218","Xã Tân An Luông","669","Huyện Vũng Liêm","61","Vĩnh Long"
"10219","Xã Thanh Bình","669","Huyện Vũng Liêm","61","Vĩnh Long"
"10220","Xã Trung Thành Tây","669","Huyện Vũng Liêm","61","Vĩnh Long"
"10221","Xã Trung Hiệp","669","Huyện Vũng Liêm","61","Vĩnh Long"
"10222","Xã Hiếu Phụng","669","Huyện Vũng Liêm","61","Vĩnh Long"
"10223","Xã Trung Thành Đông","669","Huyện Vũng Liêm","61","Vĩnh Long"
"10224","Xã Trung Thành","669","Huyện Vũng Liêm","61","Vĩnh Long"
"10225","Xã Trung Hiếu","669","Huyện Vũng Liêm","61","Vĩnh Long"
"10226","Xã Trung Ngãi","669","Huyện Vũng Liêm","61","Vĩnh Long"
"10227","Xã Hiếu Thuận","669","Huyện Vũng Liêm","61","Vĩnh Long"
"10228","Xã Trung Nghĩa","669","Huyện Vũng Liêm","61","Vĩnh Long"
"10229","Xã Trung An","669","Huyện Vũng Liêm","61","Vĩnh Long"
"10230","Xã Hiếu Nhơn","669","Huyện Vũng Liêm","61","Vĩnh Long"
"10231","Xã Hiếu Thành","669","Huyện Vũng Liêm","61","Vĩnh Long"
"10232","Xã Hiếu Nghĩa","669","Huyện Vũng Liêm","61","Vĩnh Long"
"10233","Thị trấn Tam Bình","667","Huyện Tam Bình","61","Vĩnh Long"
"10234","Xã Tân Lộc","667","Huyện Tam Bình","61","Vĩnh Long"
"10235","Xã Phú Thịnh","667","Huyện Tam Bình","61","Vĩnh Long"
"10236","Xã Hậu Lộc","667","Huyện Tam Bình","61","Vĩnh Long"
"10237","Xã Hòa Thạnh","667","Huyện Tam Bình","61","Vĩnh Long"
"10238","Xã Hòa Lộc","667","Huyện Tam Bình","61","Vĩnh Long"
"10239","Xã Phú Lộc","667","Huyện Tam Bình","61","Vĩnh Long"
"10240","Xã Song Phú","667","Huyện Tam Bình","61","Vĩnh Long"
"10241","Xã Hòa Hiệp","667","Huyện Tam Bình","61","Vĩnh Long"
"10242","Xã Mỹ Lộc","667","Huyện Tam Bình","61","Vĩnh Long"
"10243","Xã Tân Phú","667","Huyện Tam Bình","61","Vĩnh Long"
"10244","Xã Long Phú","667","Huyện Tam Bình","61","Vĩnh Long"
"10245","Xã Mỹ Thạnh Trung","667","Huyện Tam Bình","61","Vĩnh Long"
"10246","Xã Tường Lộc","667","Huyện Tam Bình","61","Vĩnh Long"
"10247","Xã Loan Mỹ","667","Huyện Tam Bình","61","Vĩnh Long"
"10248","Xã Ngãi Tứ","667","Huyện Tam Bình","61","Vĩnh Long"
"10249","Xã Bình Ninh","667","Huyện Tam Bình","61","Vĩnh Long"
"10250","Phường Cái Vồn","663","Thị xã Bình Minh","61","Vĩnh Long"
"10251","Phường Thành Phước","663","Thị xã Bình Minh","61","Vĩnh Long"
"10252","Xã Tân Hưng","664","Huyện Bình Tân","61","Vĩnh Long"
"10253","Xã Tân Thành","664","Huyện Bình Tân","61","Vĩnh Long"
"10254","Xã Thành Trung","664","Huyện Bình Tân","61","Vĩnh Long"
"10255","Xã Tân An Thạnh","664","Huyện Bình Tân","61","Vĩnh Long"
"10256","Xã Tân Lược","664","Huyện Bình Tân","61","Vĩnh Long"
"10257","Xã Nguyễn Văn Thảnh","664","Huyện Bình Tân","61","Vĩnh Long"
"10258","Xã Thành Đông","664","Huyện Bình Tân","61","Vĩnh Long"
"10259","Xã Mỹ Thuận","664","Huyện Bình Tân","61","Vĩnh Long"
"10260","Xã Tân Bình","664","Huyện Bình Tân","61","Vĩnh Long"
"10261","Xã Thành Lợi","664","Huyện Bình Tân","61","Vĩnh Long"
"10262","Thị trấn Tân Quới","664","Huyện Bình Tân","61","Vĩnh Long"
"10263","Xã Thuận An","663","Thị xã Bình Minh","61","Vĩnh Long"
"10264","Xã Đông Thạnh","663","Thị xã Bình Minh","61","Vĩnh Long"
"10265","Xã Đông Bình","663","Thị xã Bình Minh","61","Vĩnh Long"
"10266","Phường Đông Thuận","663","Thị xã Bình Minh","61","Vĩnh Long"
"10267","Xã Mỹ Hòa","663","Thị xã Bình Minh","61","Vĩnh Long"
"10268","Xã Đông Thành","663","Thị xã Bình Minh","61","Vĩnh Long"
"10269","Thị trấn Trà Ôn","668","Huyện Trà Ôn","61","Vĩnh Long"
"10270","Xã Xuân Hiệp","668","Huyện Trà Ôn","61","Vĩnh Long"
"10271","Xã Nhơn Bình","668","Huyện Trà Ôn","61","Vĩnh Long"
"10272","Xã Hòa Bình","668","Huyện Trà Ôn","61","Vĩnh Long"
"10273","Xã Thới Hòa","668","Huyện Trà Ôn","61","Vĩnh Long"
"10274","Xã Trà Côn","668","Huyện Trà Ôn","61","Vĩnh Long"
"10275","Xã Tân Mỹ","668","Huyện Trà Ôn","61","Vĩnh Long"
"10276","Xã Hựu Thành","668","Huyện Trà Ôn","61","Vĩnh Long"
"10277","Xã Vĩnh Xuân","668","Huyện Trà Ôn","61","Vĩnh Long"
"10278","Xã Thuận Thới","668","Huyện Trà Ôn","61","Vĩnh Long"
"10279","Xã Phú Thành","668","Huyện Trà Ôn","61","Vĩnh Long"
"10280","Xã Thiện Mỹ","668","Huyện Trà Ôn","61","Vĩnh Long"
"10281","Xã Lục Sỹ Thành","668","Huyện Trà Ôn","61","Vĩnh Long"
"10282","Xã Tích Thiện","668","Huyện Trà Ôn","61","Vĩnh Long"
"10283","Phường 11","235","Thành phố Cao Lãnh","22","Đồng Tháp"
"10284","Phường 1","235","Thành phố Cao Lãnh","22","Đồng Tháp"
"10285","Phường 2","235","Thành phố Cao Lãnh","22","Đồng Tháp"
"10286","Phường 4","235","Thành phố Cao Lãnh","22","Đồng Tháp"
"10287","Phường 3","235","Thành phố Cao Lãnh","22","Đồng Tháp"
"10288","Phường 6","235","Thành phố Cao Lãnh","22","Đồng Tháp"
"10289","Xã Mỹ Ngãi","235","Thành phố Cao Lãnh","22","Đồng Tháp"
"10290","Xã Mỹ Tân","235","Thành phố Cao Lãnh","22","Đồng Tháp"
"10291","Xã Mỹ Trà","235","Thành phố Cao Lãnh","22","Đồng Tháp"
"10292","Phường Mỹ Phú","235","Thành phố Cao Lãnh","22","Đồng Tháp"
"10293","Xã Tân Thuận Tây","235","Thành phố Cao Lãnh","22","Đồng Tháp"
"10294","Phường Hòa Thuận","235","Thành phố Cao Lãnh","22","Đồng Tháp"
"10295","Xã Hòa An","235","Thành phố Cao Lãnh","22","Đồng Tháp"
"10296","Xã Tân Thuận Đông","235","Thành phố Cao Lãnh","22","Đồng Tháp"
"10297","Xã Tịnh Thới","235","Thành phố Cao Lãnh","22","Đồng Tháp"
"10298","Phường 3","236","Thành phố Sa Đéc","22","Đồng Tháp"
"10299","Phường 1","236","Thành phố Sa Đéc","22","Đồng Tháp"
"10300","Phường 4","236","Thành phố Sa Đéc","22","Đồng Tháp"
"10301","Phường 2","236","Thành phố Sa Đéc","22","Đồng Tháp"
"10302","Xã Tân Khánh Đông","236","Thành phố Sa Đéc","22","Đồng Tháp"
"10303","Phường Tân Quy Đông","236","Thành phố Sa Đéc","22","Đồng Tháp"
"10304","Phường An Hòa","236","Thành phố Sa Đéc","22","Đồng Tháp"
"10305","Xã Tân Quy Tây","236","Thành phố Sa Đéc","22","Đồng Tháp"
"10306","Xã Tân Phú Đông","236","Thành phố Sa Đéc","22","Đồng Tháp"
"10307","Thị trấn Sa Rài","244","Huyện Tân Hồng","22","Đồng Tháp"
"10308","Xã Tân Hộ Cơ","244","Huyện Tân Hồng","22","Đồng Tháp"
"10309","Xã Thông Bình","244","Huyện Tân Hồng","22","Đồng Tháp"
"10310","Xã Bình Phú","244","Huyện Tân Hồng","22","Đồng Tháp"
"10311","Xã Tân Thành A","244","Huyện Tân Hồng","22","Đồng Tháp"
"10312","Xã Tân Thành B","244","Huyện Tân Hồng","22","Đồng Tháp"
"10313","Xã Tân Phước","244","Huyện Tân Hồng","22","Đồng Tháp"
"10314","Xã Tân Công Chí","244","Huyện Tân Hồng","22","Đồng Tháp"
"10315","Xã An Phước","244","Huyện Tân Hồng","22","Đồng Tháp"
"10316","Phường An Lộc","237","Thành phố Hồng Ngự","22","Đồng Tháp"
"10317","Phường An Thạnh","237","Thành phố Hồng Ngự","22","Đồng Tháp"
"10318","Xã Thường Phước 1","240","Huyện Hồng Ngự","22","Đồng Tháp"
"10319","Xã Bình Thạnh","237","Thành phố Hồng Ngự","22","Đồng Tháp"
"10320","Xã Thường Thới Hậu A","240","Huyện Hồng Ngự","22","Đồng Tháp"
"10321","Xã Tân Hội","237","Thành phố Hồng Ngự","22","Đồng Tháp"
"10322","Xã Thường Thới Hậu B","240","Huyện Hồng Ngự","22","Đồng Tháp"
"10323","Thị trấn Thường Thới Tiền","240","Huyện Hồng Ngự","22","Đồng Tháp"
"10324","Xã Thường Phước 2","240","Huyện Hồng Ngự","22","Đồng Tháp"
"10325","Xã Thường Lạc","240","Huyện Hồng Ngự","22","Đồng Tháp"
"10326","Phường An Lạc","237","Thành phố Hồng Ngự","22","Đồng Tháp"
"10327","Xã Long Khánh A","240","Huyện Hồng Ngự","22","Đồng Tháp"
"10328","Xã Long Khánh B","240","Huyện Hồng Ngự","22","Đồng Tháp"
"10329","Phường An Bình B","237","Thành phố Hồng Ngự","22","Đồng Tháp"
"10330","Phường An Bình A","237","Thành phố Hồng Ngự","22","Đồng Tháp"
"10331","Xã Long Thuận","240","Huyện Hồng Ngự","22","Đồng Tháp"
"10332","Xã Phú Thuận B","240","Huyện Hồng Ngự","22","Đồng Tháp"
"10333","Xã Phú Thuận A","240","Huyện Hồng Ngự","22","Đồng Tháp"
"10334","Thị trấn Tràm Chim","243","Huyện Tam Nông","22","Đồng Tháp"
"10335","Xã Hòa Bình","243","Huyện Tam Nông","22","Đồng Tháp"
"10336","Xã Tân Công Sính","243","Huyện Tam Nông","22","Đồng Tháp"
"10337","Xã Phú Hiệp","243","Huyện Tam Nông","22","Đồng Tháp"
"10338","Xã Phú Đức","243","Huyện Tam Nông","22","Đồng Tháp"
"10339","Xã Phú Thành B","243","Huyện Tam Nông","22","Đồng Tháp"
"10340","Xã An Hòa","243","Huyện Tam Nông","22","Đồng Tháp"
"10341","Xã An Long","243","Huyện Tam Nông","22","Đồng Tháp"
"10342","Xã Phú Cường","243","Huyện Tam Nông","22","Đồng Tháp"
"10343","Xã Phú Ninh","243","Huyện Tam Nông","22","Đồng Tháp"
"10344","Xã Phú Thọ","243","Huyện Tam Nông","22","Đồng Tháp"
"10345","Xã Phú Thành A","243","Huyện Tam Nông","22","Đồng Tháp"
"10346","Thị trấn Mỹ An","246","Huyện Tháp Mười","22","Đồng Tháp"
"10347","Xã Thạnh Lợi","246","Huyện Tháp Mười","22","Đồng Tháp"
"10348","Xã Hưng Thạnh","246","Huyện Tháp Mười","22","Đồng Tháp"
"10349","Xã Trường Xuân","246","Huyện Tháp Mười","22","Đồng Tháp"
"10350","Xã Tân Kiều","246","Huyện Tháp Mười","22","Đồng Tháp"
"10351","Xã Mỹ Hòa","246","Huyện Tháp Mười","22","Đồng Tháp"
"10352","Xã Mỹ Quý","246","Huyện Tháp Mười","22","Đồng Tháp"
"10353","Xã Mỹ Đông","246","Huyện Tháp Mười","22","Đồng Tháp"
"10354","Xã Đốc Binh Kiều","246","Huyện Tháp Mười","22","Đồng Tháp"
"10355","Xã Mỹ An","246","Huyện Tháp Mười","22","Đồng Tháp"
"10356","Xã Phú Điền","246","Huyện Tháp Mười","22","Đồng Tháp"
"10357","Xã Láng Biển","246","Huyện Tháp Mười","22","Đồng Tháp"
"10358","Xã Thanh Mỹ","246","Huyện Tháp Mười","22","Đồng Tháp"
"10359","Thị trấn Mỹ Thọ","238","Huyện Cao Lãnh","22","Đồng Tháp"
"10360","Xã Gáo Giồng","238","Huyện Cao Lãnh","22","Đồng Tháp"
"10361","Xã Phương Thịnh","238","Huyện Cao Lãnh","22","Đồng Tháp"
"10362","Xã Ba Sao","238","Huyện Cao Lãnh","22","Đồng Tháp"
"10363","Xã Phong Mỹ","238","Huyện Cao Lãnh","22","Đồng Tháp"
"10364","Xã Tân Nghĩa","238","Huyện Cao Lãnh","22","Đồng Tháp"
"10365","Xã Phương Trà","238","Huyện Cao Lãnh","22","Đồng Tháp"
"10366","Xã Nhị Mỹ","238","Huyện Cao Lãnh","22","Đồng Tháp"
"10367","Xã Mỹ Thọ","238","Huyện Cao Lãnh","22","Đồng Tháp"
"10368","Xã Tân Hội Trung","238","Huyện Cao Lãnh","22","Đồng Tháp"
"10369","Xã An Bình","238","Huyện Cao Lãnh","22","Đồng Tháp"
"10370","Xã Mỹ Hội","238","Huyện Cao Lãnh","22","Đồng Tháp"
"10371","Xã Mỹ Hiệp","238","Huyện Cao Lãnh","22","Đồng Tháp"
"10372","Xã Mỹ Long","238","Huyện Cao Lãnh","22","Đồng Tháp"
"10373","Xã Bình Hàng Trung","238","Huyện Cao Lãnh","22","Đồng Tháp"
"10374","Xã Mỹ Xương","238","Huyện Cao Lãnh","22","Đồng Tháp"
"10375","Xã Bình Hàng Tây","238","Huyện Cao Lãnh","22","Đồng Tháp"
"10376","Xã Bình Thạnh","238","Huyện Cao Lãnh","22","Đồng Tháp"
"10377","Thị trấn Thanh Bình","245","Huyện Thanh Bình","22","Đồng Tháp"
"10378","Xã Tân Quới","245","Huyện Thanh Bình","22","Đồng Tháp"
"10379","Xã Tân Hòa","245","Huyện Thanh Bình","22","Đồng Tháp"
"10380","Xã An Phong","245","Huyện Thanh Bình","22","Đồng Tháp"
"10381","Xã Phú Lợi","245","Huyện Thanh Bình","22","Đồng Tháp"
"10382","Xã Tân Mỹ","245","Huyện Thanh Bình","22","Đồng Tháp"
"10383","Xã Bình Tấn","245","Huyện Thanh Bình","22","Đồng Tháp"
"10384","Xã Tân Huề","245","Huyện Thanh Bình","22","Đồng Tháp"
"10385","Xã Tân Bình","245","Huyện Thanh Bình","22","Đồng Tháp"
"10386","Xã Tân Thạnh","245","Huyện Thanh Bình","22","Đồng Tháp"
"10387","Xã Tân Phú","245","Huyện Thanh Bình","22","Đồng Tháp"
"10388","Xã Bình Thành","245","Huyện Thanh Bình","22","Đồng Tháp"
"10389","Xã Tân Long","245","Huyện Thanh Bình","22","Đồng Tháp"
"10390","Thị trấn Lấp Vò","242","Huyện Lấp Vò","22","Đồng Tháp"
"10391","Xã Mỹ An Hưng A","242","Huyện Lấp Vò","22","Đồng Tháp"
"10392","Xã Tân Mỹ","242","Huyện Lấp Vò","22","Đồng Tháp"
"10393","Xã Mỹ An Hưng B","242","Huyện Lấp Vò","22","Đồng Tháp"
"10394","Xã Tân Khánh Trung","242","Huyện Lấp Vò","22","Đồng Tháp"
"10395","Xã Long Hưng A","242","Huyện Lấp Vò","22","Đồng Tháp"
"10396","Xã Vĩnh Thạnh","242","Huyện Lấp Vò","22","Đồng Tháp"
"10397","Xã Long Hưng B","242","Huyện Lấp Vò","22","Đồng Tháp"
"10398","Xã Bình Thành","242","Huyện Lấp Vò","22","Đồng Tháp"
"10399","Xã Định An","242","Huyện Lấp Vò","22","Đồng Tháp"
"10400","Xã Định Yên","242","Huyện Lấp Vò","22","Đồng Tháp"
"10401","Xã Hội An Đông","242","Huyện Lấp Vò","22","Đồng Tháp"
"10402","Xã Bình Thạnh Trung","242","Huyện Lấp Vò","22","Đồng Tháp"
"10403","Thị trấn Lai Vung","241","Huyện Lai Vung","22","Đồng Tháp"
"10404","Xã Tân Dương","241","Huyện Lai Vung","22","Đồng Tháp"
"10405","Xã Hòa Thành","241","Huyện Lai Vung","22","Đồng Tháp"
"10406","Xã Long Hậu","241","Huyện Lai Vung","22","Đồng Tháp"
"10407","Xã Tân Phước","241","Huyện Lai Vung","22","Đồng Tháp"
"10408","Xã Hòa Long","241","Huyện Lai Vung","22","Đồng Tháp"
"10409","Xã Tân Thành","241","Huyện Lai Vung","22","Đồng Tháp"
"10410","Xã Long Thắng","241","Huyện Lai Vung","22","Đồng Tháp"
"10411","Xã Vĩnh Thới","241","Huyện Lai Vung","22","Đồng Tháp"
"10412","Xã Tân Hòa","241","Huyện Lai Vung","22","Đồng Tháp"
"10413","Xã Định Hòa","241","Huyện Lai Vung","22","Đồng Tháp"
"10414","Xã Phong Hòa","241","Huyện Lai Vung","22","Đồng Tháp"
"10415","Thị trấn Cái Tàu Hạ","239","Huyện Châu Thành","22","Đồng Tháp"
"10416","Xã An Hiệp","239","Huyện Châu Thành","22","Đồng Tháp"
"10417","Xã An Nhơn","239","Huyện Châu Thành","22","Đồng Tháp"
"10418","Xã Tân Nhuận Đông","239","Huyện Châu Thành","22","Đồng Tháp"
"10419","Xã Tân Bình","239","Huyện Châu Thành","22","Đồng Tháp"
"10420","Xã Tân Phú Trung","239","Huyện Châu Thành","22","Đồng Tháp"
"10421","Xã Phú Long","239","Huyện Châu Thành","22","Đồng Tháp"
"10422","Xã An Phú Thuận","239","Huyện Châu Thành","22","Đồng Tháp"
"10423","Xã Phú Hựu","239","Huyện Châu Thành","22","Đồng Tháp"
"10424","Xã An Khánh","239","Huyện Châu Thành","22","Đồng Tháp"
"10425","Xã Tân Phú","239","Huyện Châu Thành","22","Đồng Tháp"
"10426","Xã Hòa Tân","239","Huyện Châu Thành","22","Đồng Tháp"
"10427","Phường Mỹ Bình","54","Thành phố Long Xuyên","3","An Giang"
"10428","Phường Mỹ Long","54","Thành phố Long Xuyên","3","An Giang"
"10429","Phường Đông Xuyên","54","Thành phố Long Xuyên","3","An Giang"
"10430","Phường Mỹ Xuyên","54","Thành phố Long Xuyên","3","An Giang"
"10431","Phường Bình Đức","54","Thành phố Long Xuyên","3","An Giang"
"10432","Phường Bình Khánh","54","Thành phố Long Xuyên","3","An Giang"
"10433","Phường Mỹ Phước","54","Thành phố Long Xuyên","3","An Giang"
"10434","Phường Mỹ Quý","54","Thành phố Long Xuyên","3","An Giang"
"10435","Phường Mỹ Thới","54","Thành phố Long Xuyên","3","An Giang"
"10436","Phường Mỹ Thạnh","54","Thành phố Long Xuyên","3","An Giang"
"10437","Phường Mỹ Hòa","54","Thành phố Long Xuyên","3","An Giang"
"10438","Xã Mỹ Khánh","54","Thành phố Long Xuyên","3","An Giang"
"10439","Xã Mỹ Hòa Hưng","54","Thành phố Long Xuyên","3","An Giang"
"10440","Phường Châu Phú B","55","Thành phố Châu Đốc","3","An Giang"
"10441","Phường Châu Phú A","55","Thành phố Châu Đốc","3","An Giang"
"10442","Phường Vĩnh Mỹ","55","Thành phố Châu Đốc","3","An Giang"
"10443","Phường Núi Sam","55","Thành phố Châu Đốc","3","An Giang"
"10444","Phường Vĩnh Ngươn","55","Thành phố Châu Đốc","3","An Giang"
"10445","Xã Vĩnh Tế","55","Thành phố Châu Đốc","3","An Giang"
"10446","Xã Vĩnh Châu","55","Thành phố Châu Đốc","3","An Giang"
"10447","Thị trấn An Phú","57","Huyện An Phú","3","An Giang"
"10448","Xã Khánh An","57","Huyện An Phú","3","An Giang"
"10449","Thị Trấn Long Bình","57","Huyện An Phú","3","An Giang"
"10450","Xã Khánh Bình","57","Huyện An Phú","3","An Giang"
"10451","Xã Quốc Thái","57","Huyện An Phú","3","An Giang"
"10452","Xã Nhơn Hội","57","Huyện An Phú","3","An Giang"
"10453","Xã Phú Hữu","57","Huyện An Phú","3","An Giang"
"10454","Xã Phú Hội","57","Huyện An Phú","3","An Giang"
"10455","Xã Phước Hưng","57","Huyện An Phú","3","An Giang"
"10456","Xã Vĩnh Lộc","57","Huyện An Phú","3","An Giang"
"10457","Xã Vĩnh Hậu","57","Huyện An Phú","3","An Giang"
"10458","Xã Vĩnh Trường","57","Huyện An Phú","3","An Giang"
"10459","Xã Vĩnh Hội Đông","57","Huyện An Phú","3","An Giang"
"10460","Xã Đa Phước","57","Huyện An Phú","3","An Giang"
"10461","Phường Long Thạnh","56","Thị xã Tân Châu","3","An Giang"
"10462","Phường Long Hưng","56","Thị xã Tân Châu","3","An Giang"
"10463","Phường Long Châu","56","Thị xã Tân Châu","3","An Giang"
"10464","Xã Phú Lộc","56","Thị xã Tân Châu","3","An Giang"
"10465","Xã Vĩnh Xương","56","Thị xã Tân Châu","3","An Giang"
"10466","Xã Vĩnh Hòa","56","Thị xã Tân Châu","3","An Giang"
"10467","Xã Tân Thạnh","56","Thị xã Tân Châu","3","An Giang"
"10468","Xã Tân An","56","Thị xã Tân Châu","3","An Giang"
"10469","Xã Long An","56","Thị xã Tân Châu","3","An Giang"
"10470","Phường Long Phú","56","Thị xã Tân Châu","3","An Giang"
"10471","Xã Châu Phong","56","Thị xã Tân Châu","3","An Giang"
"10472","Xã Phú Vĩnh","56","Thị xã Tân Châu","3","An Giang"
"10473","Xã Lê Chánh","56","Thị xã Tân Châu","3","An Giang"
"10474","Thị trấn Phú Mỹ","61","Huyện Phú Tân","3","An Giang"
"10475","Thị trấn Chợ Vàm","61","Huyện Phú Tân","3","An Giang"
"10476","Phường Long Sơn","56","Thị xã Tân Châu","3","An Giang"
"10477","Xã Long Hòa","61","Huyện Phú Tân","3","An Giang"
"10478","Xã Phú Long","61","Huyện Phú Tân","3","An Giang"
"10479","Xã Phú Lâm","61","Huyện Phú Tân","3","An Giang"
"10480","Xã Phú Hiệp","61","Huyện Phú Tân","3","An Giang"
"10481","Xã Phú Thạnh","61","Huyện Phú Tân","3","An Giang"
"10482","Xã Hòa Lạc","61","Huyện Phú Tân","3","An Giang"
"10483","Xã Phú Thành","61","Huyện Phú Tân","3","An Giang"
"10484","Xã Phú An","61","Huyện Phú Tân","3","An Giang"
"10485","Xã Phú Xuân","61","Huyện Phú Tân","3","An Giang"
"10486","Xã Hiệp Xương","61","Huyện Phú Tân","3","An Giang"
"10487","Xã Phú Bình","61","Huyện Phú Tân","3","An Giang"
"10488","Xã Phú Thọ","61","Huyện Phú Tân","3","An Giang"
"10489","Xã Phú Hưng","61","Huyện Phú Tân","3","An Giang"
"10490","Xã Bình Thạnh Đông","61","Huyện Phú Tân","3","An Giang"
"10491","Xã Tân Hòa","61","Huyện Phú Tân","3","An Giang"
"10492","Xã Tân Trung","61","Huyện Phú Tân","3","An Giang"
"10493","Thị trấn Cái Dầu","58","Huyện Châu Phú","3","An Giang"
"10494","Xã Khánh Hòa","58","Huyện Châu Phú","3","An Giang"
"10495","Xã Mỹ Đức","58","Huyện Châu Phú","3","An Giang"
"10496","Xã Mỹ Phú","58","Huyện Châu Phú","3","An Giang"
"10497","Xã Ô Long Vỹ","58","Huyện Châu Phú","3","An Giang"
"10498","Thị trấn Vĩnh Thạnh Trung","58","Huyện Châu Phú","3","An Giang"
"10499","Xã Thạnh Mỹ Tây","58","Huyện Châu Phú","3","An Giang"
"10500","Xã Bình Long","58","Huyện Châu Phú","3","An Giang"
"10501","Xã Bình Mỹ","58","Huyện Châu Phú","3","An Giang"
"10502","Xã Bình Thủy","58","Huyện Châu Phú","3","An Giang"
"10503","Xã Đào Hữu Cảnh","58","Huyện Châu Phú","3","An Giang"
"10504","Xã Bình Phú","58","Huyện Châu Phú","3","An Giang"
"10505","Xã Bình Chánh","58","Huyện Châu Phú","3","An Giang"
"10506","Thị trấn Nhà Bàng","63","Huyện Tịnh Biên","3","An Giang"
"10507","Thị trấn Chi Lăng","63","Huyện Tịnh Biên","3","An Giang"
"10508","Xã Núi Voi","63","Huyện Tịnh Biên","3","An Giang"
"10509","Xã Nhơn Hưng","63","Huyện Tịnh Biên","3","An Giang"
"10510","Xã An Phú","63","Huyện Tịnh Biên","3","An Giang"
"10511","Xã Thới Sơn","63","Huyện Tịnh Biên","3","An Giang"
"10512","Thị trấn Tịnh Biên","63","Huyện Tịnh Biên","3","An Giang"
"10513","Xã Văn Giáo","63","Huyện Tịnh Biên","3","An Giang"
"10514","Xã An Cư","63","Huyện Tịnh Biên","3","An Giang"
"10515","Xã An Nông","63","Huyện Tịnh Biên","3","An Giang"
"10516","Xã Vĩnh Trung","63","Huyện Tịnh Biên","3","An Giang"
"10517","Xã Tân Lợi","63","Huyện Tịnh Biên","3","An Giang"
"10518","Xã An Hảo","63","Huyện Tịnh Biên","3","An Giang"
"10519","Xã Tân Lập","63","Huyện Tịnh Biên","3","An Giang"
"10520","Thị trấn Tri Tôn","64","Huyện Tri Tôn","3","An Giang"
"10521","Thị trấn Ba Chúc","64","Huyện Tri Tôn","3","An Giang"
"10522","Xã Lạc Quới","64","Huyện Tri Tôn","3","An Giang"
"10523","Xã Lê Trì","64","Huyện Tri Tôn","3","An Giang"
"10524","Xã Vĩnh Gia","64","Huyện Tri Tôn","3","An Giang"
"10525","Xã Vĩnh Phước","64","Huyện Tri Tôn","3","An Giang"
"10526","Xã Châu Lăng","64","Huyện Tri Tôn","3","An Giang"
"10527","Xã Lương Phi","64","Huyện Tri Tôn","3","An Giang"
"10528","Xã Lương An Trà","64","Huyện Tri Tôn","3","An Giang"
"10529","Xã Tà Đảnh","64","Huyện Tri Tôn","3","An Giang"
"10530","Xã Núi Tô","64","Huyện Tri Tôn","3","An Giang"
"10531","Xã An Tức","64","Huyện Tri Tôn","3","An Giang"
"10532","Xã Cô Tô","64","Huyện Tri Tôn","3","An Giang"
"10533","Xã Tân Tuyến","64","Huyện Tri Tôn","3","An Giang"
"10534","Xã Ô Lâm","64","Huyện Tri Tôn","3","An Giang"
"10535","Thị trấn An Châu","59","Huyện Châu Thành","3","An Giang"
"10536","Xã An Hòa","59","Huyện Châu Thành","3","An Giang"
"10537","Xã Cần Đăng","59","Huyện Châu Thành","3","An Giang"
"10538","Xã Vĩnh Hanh","59","Huyện Châu Thành","3","An Giang"
"10539","Xã Bình Thạnh","59","Huyện Châu Thành","3","An Giang"
"10540","Xã Vĩnh Bình","59","Huyện Châu Thành","3","An Giang"
"10541","Xã Bình Hòa","59","Huyện Châu Thành","3","An Giang"
"10542","Xã Vĩnh An","59","Huyện Châu Thành","3","An Giang"
"10543","Xã Hòa Bình Thạnh","59","Huyện Châu Thành","3","An Giang"
"10544","Xã Vĩnh Lợi","59","Huyện Châu Thành","3","An Giang"
"10545","Xã Vĩnh Nhuận","59","Huyện Châu Thành","3","An Giang"
"10546","Xã Tân Phú","59","Huyện Châu Thành","3","An Giang"
"10547","Xã Vĩnh Thành","59","Huyện Châu Thành","3","An Giang"
"10548","Thị trấn Chợ Mới","60","Huyện Chợ Mới","3","An Giang"
"10549","Thị trấn Mỹ Luông","60","Huyện Chợ Mới","3","An Giang"
"10550","Xã Kiến An","60","Huyện Chợ Mới","3","An Giang"
"10551","Xã Mỹ Hội Đông","60","Huyện Chợ Mới","3","An Giang"
"10552","Xã Long Điền A","60","Huyện Chợ Mới","3","An Giang"
"10553","Xã Tấn Mỹ","60","Huyện Chợ Mới","3","An Giang"
"10554","Xã Long Điền B","60","Huyện Chợ Mới","3","An Giang"
"10555","Xã Kiến Thành","60","Huyện Chợ Mới","3","An Giang"
"10556","Xã Mỹ Hiệp","60","Huyện Chợ Mới","3","An Giang"
"10557","Xã Mỹ An","60","Huyện Chợ Mới","3","An Giang"
"10558","Xã Nhơn Mỹ","60","Huyện Chợ Mới","3","An Giang"
"10559","Xã Long Giang","60","Huyện Chợ Mới","3","An Giang"
"10560","Xã Long Kiến","60","Huyện Chợ Mới","3","An Giang"
"10561","Xã Bình Phước Xuân","60","Huyện Chợ Mới","3","An Giang"
"10562","Xã An Thạnh Trung","60","Huyện Chợ Mới","3","An Giang"
"10563","Xã Hội An","60","Huyện Chợ Mới","3","An Giang"
"10564","Xã Hòa Bình","60","Huyện Chợ Mới","3","An Giang"
"10565","Xã Hòa An","60","Huyện Chợ Mới","3","An Giang"
"10566","Thị trấn Núi Sập","62","Huyện Thoại Sơn","3","An Giang"
"10567","Thị trấn Phú Hòa","62","Huyện Thoại Sơn","3","An Giang"
"10568","Thị Trấn Óc Eo","62","Huyện Thoại Sơn","3","An Giang"
"10569","Xã Tây Phú","62","Huyện Thoại Sơn","3","An Giang"
"10570","Xã An Bình","62","Huyện Thoại Sơn","3","An Giang"
"10571","Xã Vĩnh Phú","62","Huyện Thoại Sơn","3","An Giang"
"10572","Xã Vĩnh Trạch","62","Huyện Thoại Sơn","3","An Giang"
"10573","Xã Phú Thuận","62","Huyện Thoại Sơn","3","An Giang"
"10574","Xã Vĩnh Chánh","62","Huyện Thoại Sơn","3","An Giang"
"10575","Xã Định Mỹ","62","Huyện Thoại Sơn","3","An Giang"
"10576","Xã Định Thành","62","Huyện Thoại Sơn","3","An Giang"
"10577","Xã Mỹ Phú Đông","62","Huyện Thoại Sơn","3","An Giang"
"10578","Xã Vọng Đông","62","Huyện Thoại Sơn","3","An Giang"
"10579","Xã Vĩnh Khánh","62","Huyện Thoại Sơn","3","An Giang"
"10580","Xã Thoại Giang","62","Huyện Thoại Sơn","3","An Giang"
"10581","Xã Bình Thành","62","Huyện Thoại Sơn","3","An Giang"
"10582","Xã Vọng Thê","62","Huyện Thoại Sơn","3","An Giang"
"10583","Phường Vĩnh Thanh Vân","357","Thành phố Rạch Giá","33","Kiên Giang"
"10584","Phường Vĩnh Thanh","357","Thành phố Rạch Giá","33","Kiên Giang"
"10585","Phường Vĩnh Quang","357","Thành phố Rạch Giá","33","Kiên Giang"
"10586","Phường Vĩnh Hiệp","357","Thành phố Rạch Giá","33","Kiên Giang"
"10587","Phường Vĩnh Bảo","357","Thành phố Rạch Giá","33","Kiên Giang"
"10588","Phường Vĩnh Lạc","357","Thành phố Rạch Giá","33","Kiên Giang"
"10589","Phường An Hòa","357","Thành phố Rạch Giá","33","Kiên Giang"
"10590","Phường An Bình","357","Thành phố Rạch Giá","33","Kiên Giang"
"10591","Phường Rạch Sỏi","357","Thành phố Rạch Giá","33","Kiên Giang"
"10592","Phường Vĩnh Lợi","357","Thành phố Rạch Giá","33","Kiên Giang"
"10593","Phường Vĩnh Thông","357","Thành phố Rạch Giá","33","Kiên Giang"
"10594","Xã Phi Thông","357","Thành phố Rạch Giá","33","Kiên Giang"
"10595","Phường Tô Châu","358","Thành phố Hà Tiên","33","Kiên Giang"
"10596","Phường Đông Hồ","358","Thành phố Hà Tiên","33","Kiên Giang"
"10597","Phường Bình San","358","Thành phố Hà Tiên","33","Kiên Giang"
"10598","Phường Pháo Đài","358","Thành phố Hà Tiên","33","Kiên Giang"
"10599","Phường Mỹ Đức","358","Thành phố Hà Tiên","33","Kiên Giang"
"10600","Xã Tiên Hải","358","Thành phố Hà Tiên","33","Kiên Giang"
"10601","Xã Thuận Yên","358","Thành phố Hà Tiên","33","Kiên Giang"
"10602","Thị trấn Kiên Lương","366","Huyện Kiên Lương","33","Kiên Giang"
"10603","Xã Kiên Bình","366","Huyện Kiên Lương","33","Kiên Giang"
"10604","Xã Vĩnh Phú","371","Huyện Giang Thành","33","Kiên Giang"
"10605","Xã Vĩnh Điều","371","Huyện Giang Thành","33","Kiên Giang"
"10606","Xã Tân Khánh Hòa","371","Huyện Giang Thành","33","Kiên Giang"
"10607","Xã Phú Lợi","371","Huyện Giang Thành","33","Kiên Giang"
"10608","Xã Phú Mỹ","371","Huyện Giang Thành","33","Kiên Giang"
"10609","Xã Hòa Điền","366","Huyện Kiên Lương","33","Kiên Giang"
"10610","Xã Dương Hòa","366","Huyện Kiên Lương","33","Kiên Giang"
"10611","Xã Bình An","366","Huyện Kiên Lương","33","Kiên Giang"
"10612","Xã Bình Trị","366","Huyện Kiên Lương","33","Kiên Giang"
"10613","Xã Sơn Hải","366","Huyện Kiên Lương","33","Kiên Giang"
"10614","Xã Hòn Nghệ","366","Huyện Kiên Lương","33","Kiên Giang"
"10615","Thị trấn Hòn Đất","364","Huyện Hòn Đất","33","Kiên Giang"
"10616","Thị trấn Sóc Sơn","364","Huyện Hòn Đất","33","Kiên Giang"
"10617","Xã Bình Sơn","364","Huyện Hòn Đất","33","Kiên Giang"
"10618","Xã Bình Giang","364","Huyện Hòn Đất","33","Kiên Giang"
"10619","Xã Mỹ Thái","364","Huyện Hòn Đất","33","Kiên Giang"
"10620","Xã Nam Thái Sơn","364","Huyện Hòn Đất","33","Kiên Giang"
"10621","Xã Mỹ Hiệp Sơn","364","Huyện Hòn Đất","33","Kiên Giang"
"10622","Xã Sơn Kiên","364","Huyện Hòn Đất","33","Kiên Giang"
"10623","Xã Sơn Bình","364","Huyện Hòn Đất","33","Kiên Giang"
"10624","Xã Mỹ Thuận","364","Huyện Hòn Đất","33","Kiên Giang"
"10625","Xã Lình Huỳnh","364","Huyện Hòn Đất","33","Kiên Giang"
"10626","Xã Thổ Sơn","364","Huyện Hòn Đất","33","Kiên Giang"
"10627","Xã Mỹ Lâm","364","Huyện Hòn Đất","33","Kiên Giang"
"10628","Xã Mỹ Phước","364","Huyện Hòn Đất","33","Kiên Giang"
"10629","Thị trấn Tân Hiệp","368","Huyện Tân Hiệp","33","Kiên Giang"
"10630","Xã Tân Hội","368","Huyện Tân Hiệp","33","Kiên Giang"
"10631","Xã Tân Thành","368","Huyện Tân Hiệp","33","Kiên Giang"
"10632","Xã Tân Hiệp B","368","Huyện Tân Hiệp","33","Kiên Giang"
"10633","Xã Tân Hòa","368","Huyện Tân Hiệp","33","Kiên Giang"
"10634","Xã Thạnh Đông B","368","Huyện Tân Hiệp","33","Kiên Giang"
"10635","Xã Thạnh Đông","368","Huyện Tân Hiệp","33","Kiên Giang"
"10636","Xã Tân Hiệp A","368","Huyện Tân Hiệp","33","Kiên Giang"
"10637","Xã Tân An","368","Huyện Tân Hiệp","33","Kiên Giang"
"10638","Xã Thạnh Đông A","368","Huyện Tân Hiệp","33","Kiên Giang"
"10639","Xã Thạnh Trị","368","Huyện Tân Hiệp","33","Kiên Giang"
"10640","Thị trấn Minh Lương","361","Huyện Châu Thành","33","Kiên Giang"
"10641","Xã Mong Thọ A","361","Huyện Châu Thành","33","Kiên Giang"
"10642","Xã Mong Thọ B","361","Huyện Châu Thành","33","Kiên Giang"
"10643","Xã Mong Thọ","361","Huyện Châu Thành","33","Kiên Giang"
"10644","Xã Giục Tượng","361","Huyện Châu Thành","33","Kiên Giang"
"10645","Xã Vĩnh Hòa Hiệp","361","Huyện Châu Thành","33","Kiên Giang"
"10646","Xã Vĩnh Hòa Phú","361","Huyện Châu Thành","33","Kiên Giang"
"10647","Xã Minh Hòa","361","Huyện Châu Thành","33","Kiên Giang"
"10648","Xã Bình An","361","Huyện Châu Thành","33","Kiên Giang"
"10649","Xã Thạnh Lộc","361","Huyện Châu Thành","33","Kiên Giang"
"10650","Thị Trấn Giồng Riềng","362","Huyện Giồng Riềng","33","Kiên Giang"
"10651","Xã Thạnh Hưng","362","Huyện Giồng Riềng","33","Kiên Giang"
"10652","Xã Thạnh Phước","362","Huyện Giồng Riềng","33","Kiên Giang"
"10653","Xã Thạnh Lộc","362","Huyện Giồng Riềng","33","Kiên Giang"
"10654","Xã Thạnh Hòa","362","Huyện Giồng Riềng","33","Kiên Giang"
"10655","Xã Thạnh Bình","362","Huyện Giồng Riềng","33","Kiên Giang"
"10656","Xã Bàn Thạch","362","Huyện Giồng Riềng","33","Kiên Giang"
"10657","Xã Bàn Tân Định","362","Huyện Giồng Riềng","33","Kiên Giang"
"10658","Xã Ngọc Thành","362","Huyện Giồng Riềng","33","Kiên Giang"
"10659","Xã Ngọc Chúc","362","Huyện Giồng Riềng","33","Kiên Giang"
"10660","Xã Ngọc Thuận","362","Huyện Giồng Riềng","33","Kiên Giang"
"10661","Xã Hòa Hưng","362","Huyện Giồng Riềng","33","Kiên Giang"
"10662","Xã Hòa Lợi","362","Huyện Giồng Riềng","33","Kiên Giang"
"10663","Xã Hòa An","362","Huyện Giồng Riềng","33","Kiên Giang"
"10664","Xã Long Thạnh","362","Huyện Giồng Riềng","33","Kiên Giang"
"10665","Xã Vĩnh Thạnh","362","Huyện Giồng Riềng","33","Kiên Giang"
"10666","Xã Vĩnh Phú","362","Huyện Giồng Riềng","33","Kiên Giang"
"10667","Xã Hòa Thuận","362","Huyện Giồng Riềng","33","Kiên Giang"
"10668","Xã Ngọc Hòa","362","Huyện Giồng Riềng","33","Kiên Giang"
"10669","Thị trấn Gò Quao","363","Huyện Gò Quao","33","Kiên Giang"
"10670","Xã Vĩnh Hòa Hưng Bắc","363","Huyện Gò Quao","33","Kiên Giang"
"10671","Xã Định Hòa","363","Huyện Gò Quao","33","Kiên Giang"
"10672","Xã Thới Quản","363","Huyện Gò Quao","33","Kiên Giang"
"10673","Xã Định An","363","Huyện Gò Quao","33","Kiên Giang"
"10674","Xã Thủy Liễu","363","Huyện Gò Quao","33","Kiên Giang"
"10675","Xã Vĩnh Hòa Hưng Nam","363","Huyện Gò Quao","33","Kiên Giang"
"10676","Xã Vĩnh Phước A","363","Huyện Gò Quao","33","Kiên Giang"
"10677","Xã Vĩnh Phước B","363","Huyện Gò Quao","33","Kiên Giang"
"10678","Xã Vĩnh Tuy","363","Huyện Gò Quao","33","Kiên Giang"
"10679","Xã Vĩnh Thắng","363","Huyện Gò Quao","33","Kiên Giang"
"10680","Thị trấn Thứ Ba","359","Huyện An Biên","33","Kiên Giang"
"10681","Xã Tây Yên","359","Huyện An Biên","33","Kiên Giang"
"10682","Xã Tây Yên A","359","Huyện An Biên","33","Kiên Giang"
"10683","Xã Nam Yên","359","Huyện An Biên","33","Kiên Giang"
"10684","Xã Hưng Yên","359","Huyện An Biên","33","Kiên Giang"
"10685","Xã Nam Thái","359","Huyện An Biên","33","Kiên Giang"
"10686","Xã Nam Thái A","359","Huyện An Biên","33","Kiên Giang"
"10687","Xã Đông Thái","359","Huyện An Biên","33","Kiên Giang"
"10688","Xã Đông Yên","359","Huyện An Biên","33","Kiên Giang"
"10689","Xã Thạnh Yên","370","Huyện U Minh Thượng","33","Kiên Giang"
"10690","Xã Thạnh Yên A","370","Huyện U Minh Thượng","33","Kiên Giang"
"10691","Thị trấn Thứ Mười Một","360","Huyện An Minh","33","Kiên Giang"
"10692","Xã Thuận Hòa","360","Huyện An Minh","33","Kiên Giang"
"10693","Xã Đông Hòa","360","Huyện An Minh","33","Kiên Giang"
"10694","Xã An Minh Bắc","370","Huyện U Minh Thượng","33","Kiên Giang"
"10695","Xã Đông Thạnh","360","Huyện An Minh","33","Kiên Giang"
"10696","Xã Tân Thạnh","360","Huyện An Minh","33","Kiên Giang"
"10697","Xã Đông Hưng","360","Huyện An Minh","33","Kiên Giang"
"10698","Xã Đông Hưng A","360","Huyện An Minh","33","Kiên Giang"
"10699","Xã Đông Hưng B","360","Huyện An Minh","33","Kiên Giang"
"10700","Xã Vân Khánh","360","Huyện An Minh","33","Kiên Giang"
"10701","Xã Vân Khánh Đông","360","Huyện An Minh","33","Kiên Giang"
"10702","Xã Vân Khánh Tây","360","Huyện An Minh","33","Kiên Giang"
"10703","Thị trấn Vĩnh Thuận","369","Huyện Vĩnh Thuận","33","Kiên Giang"
"10704","Xã Vĩnh Hòa","370","Huyện U Minh Thượng","33","Kiên Giang"
"10705","Xã Hòa Chánh","370","Huyện U Minh Thượng","33","Kiên Giang"
"10706","Xã Vĩnh Bình Bắc","369","Huyện Vĩnh Thuận","33","Kiên Giang"
"10707","Xã Vĩnh Bình Nam","369","Huyện Vĩnh Thuận","33","Kiên Giang"
"10708","Xã Bình Minh","369","Huyện Vĩnh Thuận","33","Kiên Giang"
"10709","Xã Minh Thuận","370","Huyện U Minh Thượng","33","Kiên Giang"
"10710","Xã Vĩnh Thuận","369","Huyện Vĩnh Thuận","33","Kiên Giang"
"10711","Xã Tân Thuận","369","Huyện Vĩnh Thuận","33","Kiên Giang"
"10712","Xã Phong Đông","369","Huyện Vĩnh Thuận","33","Kiên Giang"
"10713","Xã Vĩnh Phong","369","Huyện Vĩnh Thuận","33","Kiên Giang"
"10714","Phường Dương Đông","367","Thành phố Phú Quốc","33","Kiên Giang"
"10715","Thị trấn An Thới","367","Thành phố Phú Quốc","33","Kiên Giang"
"10716","Xã Cửa Cạn","367","Thành phố Phú Quốc","33","Kiên Giang"
"10717","Xã Gành Dầu","367","Thành phố Phú Quốc","33","Kiên Giang"
"10718","Xã Cửa Dương","367","Thành phố Phú Quốc","33","Kiên Giang"
"10719","Xã Hàm Ninh","367","Thành phố Phú Quốc","33","Kiên Giang"
"10720","Xã Dương Tơ","367","Thành phố Phú Quốc","33","Kiên Giang"
"10721","Xã Hòn Thơm","367","Thành phố Phú Quốc","33","Kiên Giang"
"10722","Xã Bãi Thơm","367","Thành phố Phú Quốc","33","Kiên Giang"
"10723","Xã Thổ Châu","367","Thành phố Phú Quốc","33","Kiên Giang"
"10724","Xã Hòn Tre","365","Huyện Kiên Hải","33","Kiên Giang"
"10725","Xã Lại Sơn","365","Huyện Kiên Hải","33","Kiên Giang"
"10726","Xã An Sơn","365","Huyện Kiên Hải","33","Kiên Giang"
"10727","Xã Nam Du","365","Huyện Kiên Hải","33","Kiên Giang"
"10728","Phường Cái Khế","174","Quận Ninh Kiều","16","Cần Thơ"
"10729","Phường An Hòa","174","Quận Ninh Kiều","16","Cần Thơ"
"10730","Phường Thới Bình","174","Quận Ninh Kiều","16","Cần Thơ"
"10731","Phường An Nghiệp","174","Quận Ninh Kiều","16","Cần Thơ"
"10732","Phường An Cư","174","Quận Ninh Kiều","16","Cần Thơ"
"10733","Phường An Hội","174","Quận Ninh Kiều","16","Cần Thơ"
"10734","Phường Tân An","174","Quận Ninh Kiều","16","Cần Thơ"
"10735","Phường An Lạc","174","Quận Ninh Kiều","16","Cần Thơ"
"10736","Phường An Phú","174","Quận Ninh Kiều","16","Cần Thơ"
"10737","Phường Xuân Khánh","174","Quận Ninh Kiều","16","Cần Thơ"
"10738","Phường Hưng Lợi","174","Quận Ninh Kiều","16","Cần Thơ"
"10739","Phường An Khánh","174","Quận Ninh Kiều","16","Cần Thơ"
"10740","Phường An Bình","174","Quận Ninh Kiều","16","Cần Thơ"
"10741","Phường Châu Văn Liêm","177","Quận Ô Môn","16","Cần Thơ"
"10742","Phường Thới Hòa","177","Quận Ô Môn","16","Cần Thơ"
"10743","Phường Thới Long","177","Quận Ô Môn","16","Cần Thơ"
"10744","Phường Long Hưng","177","Quận Ô Môn","16","Cần Thơ"
"10745","Phường Thới An","177","Quận Ô Môn","16","Cần Thơ"
"10746","Phường Phước Thới","177","Quận Ô Môn","16","Cần Thơ"
"10747","Phường Trường Lạc","177","Quận Ô Môn","16","Cần Thơ"
"10748","Phường Bình Thủy","175","Quận Bình Thủy","16","Cần Thơ"
"10749","Phường Trà An","175","Quận Bình Thủy","16","Cần Thơ"
"10750","Phường Trà Nóc","175","Quận Bình Thủy","16","Cần Thơ"
"10751","Phường Thới An Đông","175","Quận Bình Thủy","16","Cần Thơ"
"10752","Phường An Thới","175","Quận Bình Thủy","16","Cần Thơ"
"10753","Phường Bùi Hữu Nghĩa","175","Quận Bình Thủy","16","Cần Thơ"
"10754","Phường Long Hòa","175","Quận Bình Thủy","16","Cần Thơ"
"10755","Phường Long Tuyền","175","Quận Bình Thủy","16","Cần Thơ"
"10756","Phường Lê Bình","176","Quận Cái Răng","16","Cần Thơ"
"10757","Phường Hưng Phú","176","Quận Cái Răng","16","Cần Thơ"
"10758","Phường Hưng Thạnh","176","Quận Cái Răng","16","Cần Thơ"
"10759","Phường Ba Láng","176","Quận Cái Răng","16","Cần Thơ"
"10760","Phường Thường Thạnh","176","Quận Cái Răng","16","Cần Thơ"
"10761","Phường Phú Thứ","176","Quận Cái Răng","16","Cần Thơ"
"10762","Phường Tân Phú","176","Quận Cái Răng","16","Cần Thơ"
"10763","Phường Thốt Nốt","178","Quận Thốt Nốt","16","Cần Thơ"
"10764","Phường Thới Thuận","178","Quận Thốt Nốt","16","Cần Thơ"
"10765","Xã Vĩnh Bình","183","Huyện Vĩnh Thạnh","16","Cần Thơ"
"10766","Phường Thuận An","178","Quận Thốt Nốt","16","Cần Thơ"
"10767","Phường Tân Lộc","178","Quận Thốt Nốt","16","Cần Thơ"
"10768","Phường Trung Nhứt","178","Quận Thốt Nốt","16","Cần Thơ"
"10769","Phường Thạnh Hòa","178","Quận Thốt Nốt","16","Cần Thơ"
"10770","Phường Trung Kiên","178","Quận Thốt Nốt","16","Cần Thơ"
"10771","Xã Trung An","181","Huyện Cờ Đỏ","16","Cần Thơ"
"10772","Xã Trung Thạnh","181","Huyện Cờ Đỏ","16","Cần Thơ"
"10773","Phường Tân Hưng","178","Quận Thốt Nốt","16","Cần Thơ"
"10774","Phường Thuận Hưng","178","Quận Thốt Nốt","16","Cần Thơ"
"10775","Thị trấn Thanh An","183","Huyện Vĩnh Thạnh","16","Cần Thơ"
"10776","Thị trấn Vĩnh Thạnh","183","Huyện Vĩnh Thạnh","16","Cần Thơ"
"10777","Xã Thạnh Mỹ","183","Huyện Vĩnh Thạnh","16","Cần Thơ"
"10778","Xã Vĩnh Trinh","183","Huyện Vĩnh Thạnh","16","Cần Thơ"
"10779","Xã Thạnh An","183","Huyện Vĩnh Thạnh","16","Cần Thơ"
"10780","Xã Thạnh Tiến","183","Huyện Vĩnh Thạnh","16","Cần Thơ"
"10781","Xã Thạnh Thắng","183","Huyện Vĩnh Thạnh","16","Cần Thơ"
"10782","Xã Thạnh Lợi","183","Huyện Vĩnh Thạnh","16","Cần Thơ"
"10783","Xã Thạnh Qưới","183","Huyện Vĩnh Thạnh","16","Cần Thơ"
"10784","Xã Thạnh Phú","181","Huyện Cờ Đỏ","16","Cần Thơ"
"10785","Xã Thạnh Lộc","183","Huyện Vĩnh Thạnh","16","Cần Thơ"
"10786","Xã Trung Hưng","181","Huyện Cờ Đỏ","16","Cần Thơ"
"10787","Thị trấn Thới Lai","182","Huyện Thới Lai","16","Cần Thơ"
"10788","Thị trấn Cờ Đỏ","181","Huyện Cờ Đỏ","16","Cần Thơ"
"10789","Xã Thới Hưng","181","Huyện Cờ Đỏ","16","Cần Thơ"
"10790","Xã Thới Thạnh","182","Huyện Thới Lai","16","Cần Thơ"
"10791","Xã Tân Thạnh","182","Huyện Thới Lai","16","Cần Thơ"
"10792","Xã Xuân Thắng","182","Huyện Thới Lai","16","Cần Thơ"
"10793","Xã Đông Hiệp","181","Huyện Cờ Đỏ","16","Cần Thơ"
"10794","Xã Đông Thắng","181","Huyện Cờ Đỏ","16","Cần Thơ"
"10795","Xã Thới Đông","181","Huyện Cờ Đỏ","16","Cần Thơ"
"10796","Xã Thới Xuân","181","Huyện Cờ Đỏ","16","Cần Thơ"
"10797","Xã Đông Bình","182","Huyện Thới Lai","16","Cần Thơ"
"10798","Xã Đông Thuận","182","Huyện Thới Lai","16","Cần Thơ"
"10799","Xã Thới Tân","182","Huyện Thới Lai","16","Cần Thơ"
"10800","Xã Trường Thắng","182","Huyện Thới Lai","16","Cần Thơ"
"10801","Xã Định Môn","182","Huyện Thới Lai","16","Cần Thơ"
"10802","Xã Trường Thành","182","Huyện Thới Lai","16","Cần Thơ"
"10803","Xã Trường Xuân","182","Huyện Thới Lai","16","Cần Thơ"
"10804","Xã Trường Xuân A","182","Huyện Thới Lai","16","Cần Thơ"
"10805","Xã Trường Xuân B","182","Huyện Thới Lai","16","Cần Thơ"
"10806","Thị trấn Phong Điền","180","Huyện Phong Điền","16","Cần Thơ"
"10807","Xã Nhơn Ái","180","Huyện Phong Điền","16","Cần Thơ"
"10808","Xã Giai Xuân","180","Huyện Phong Điền","16","Cần Thơ"
"10809","Xã Tân Thới","180","Huyện Phong Điền","16","Cần Thơ"
"10810","Xã Trường Long","180","Huyện Phong Điền","16","Cần Thơ"
"10811","Xã Mỹ Khánh","180","Huyện Phong Điền","16","Cần Thơ"
"10812","Xã Nhơn Nghĩa","180","Huyện Phong Điền","16","Cần Thơ"
"10813","Phường 1","320","Thành phố Vị Thanh","29","Hậu Giang"
"10814","Phường 3","320","Thành phố Vị Thanh","29","Hậu Giang"
"10815","Phường 4","320","Thành phố Vị Thanh","29","Hậu Giang"
"10816","Phường 5","320","Thành phố Vị Thanh","29","Hậu Giang"
"10817","Phường 7","320","Thành phố Vị Thanh","29","Hậu Giang"
"10818","Xã Vị Tân","320","Thành phố Vị Thanh","29","Hậu Giang"
"10819","Xã Hỏa Lựu","320","Thành phố Vị Thanh","29","Hậu Giang"
"10820","Xã Tân Tiến","320","Thành phố Vị Thanh","29","Hậu Giang"
"10821","Xã Hỏa Tiến","320","Thành phố Vị Thanh","29","Hậu Giang"
"10822","Phường Ngã Bảy","321","Thành phố Ngã Bảy","29","Hậu Giang"
"10823","Phường Lái Hiếu","321","Thành phố Ngã Bảy","29","Hậu Giang"
"10824","Thị trấn Một Ngàn","323","Huyện Châu Thành A","29","Hậu Giang"
"10825","Phường Hiệp Thành","321","Thành phố Ngã Bảy","29","Hậu Giang"
"10826","Phường Hiệp Lợi","321","Thành phố Ngã Bảy","29","Hậu Giang"
"10827","Xã Tân Hòa","323","Huyện Châu Thành A","29","Hậu Giang"
"10828","Thị trấn Bảy Ngàn","323","Huyện Châu Thành A","29","Hậu Giang"
"10829","Xã Trường Long Tây","323","Huyện Châu Thành A","29","Hậu Giang"
"10830","Xã Trường Long A","323","Huyện Châu Thành A","29","Hậu Giang"
"10831","Xã Nhơn Nghĩa A","323","Huyện Châu Thành A","29","Hậu Giang"
"10832","Thị trấn Rạch Gòi","323","Huyện Châu Thành A","29","Hậu Giang"
"10833","Xã Thạnh Xuân","323","Huyện Châu Thành A","29","Hậu Giang"
"10834","Thị trấn Cái Tắc","323","Huyện Châu Thành A","29","Hậu Giang"
"10835","Xã Tân Phú Thạnh","323","Huyện Châu Thành A","29","Hậu Giang"
"10836","Thị Trấn Ngã Sáu","322","Huyện Châu Thành","29","Hậu Giang"
"10837","Xã Đông Thạnh","322","Huyện Châu Thành","29","Hậu Giang"
"10838","Xã Phú An","322","Huyện Châu Thành","29","Hậu Giang"
"10839","Xã Đông Phú","322","Huyện Châu Thành","29","Hậu Giang"
"10840","Xã Phú Hữu","322","Huyện Châu Thành","29","Hậu Giang"
"10841","Xã Phú Tân","322","Huyện Châu Thành","29","Hậu Giang"
"10842","Thị trấn Mái Dầm","322","Huyện Châu Thành","29","Hậu Giang"
"10843","Xã Đông Phước","322","Huyện Châu Thành","29","Hậu Giang"
"10844","Xã Đông Phước A","322","Huyện Châu Thành","29","Hậu Giang"
"10845","Thị trấn Kinh Cùng","325","Huyện Phụng Hiệp","29","Hậu Giang"
"10846","Thị trấn Cây Dương","325","Huyện Phụng Hiệp","29","Hậu Giang"
"10847","Xã Tân Bình","325","Huyện Phụng Hiệp","29","Hậu Giang"
"10848","Xã Bình Thành","325","Huyện Phụng Hiệp","29","Hậu Giang"
"10849","Xã Thạnh Hòa","325","Huyện Phụng Hiệp","29","Hậu Giang"
"10850","Xã Long Thạnh","325","Huyện Phụng Hiệp","29","Hậu Giang"
"10851","Xã Đại Thành","321","Thành phố Ngã Bảy","29","Hậu Giang"
"10852","Xã Tân Thành","321","Thành phố Ngã Bảy","29","Hậu Giang"
"10853","Xã Phụng Hiệp","325","Huyện Phụng Hiệp","29","Hậu Giang"
"10854","Xã Hòa Mỹ","325","Huyện Phụng Hiệp","29","Hậu Giang"
"10855","Xã Hòa An","325","Huyện Phụng Hiệp","29","Hậu Giang"
"10856","Xã Phương Bình","325","Huyện Phụng Hiệp","29","Hậu Giang"
"10857","Xã Hiệp Hưng","325","Huyện Phụng Hiệp","29","Hậu Giang"
"10858","Xã Tân Phước Hưng","325","Huyện Phụng Hiệp","29","Hậu Giang"
"10859","Thị trấn Búng Tàu","325","Huyện Phụng Hiệp","29","Hậu Giang"
"10860","Xã Phương Phú","325","Huyện Phụng Hiệp","29","Hậu Giang"
"10861","Xã Tân Long","325","Huyện Phụng Hiệp","29","Hậu Giang"
"10862","Thị trấn Nàng Mau","326","Huyện Vị Thủy","29","Hậu Giang"
"10863","Xã Vị Trung","326","Huyện Vị Thủy","29","Hậu Giang"
"10864","Xã Vị Thủy","326","Huyện Vị Thủy","29","Hậu Giang"
"10865","Xã Vị Thắng","326","Huyện Vị Thủy","29","Hậu Giang"
"10866","Xã Vĩnh Thuận Tây","326","Huyện Vị Thủy","29","Hậu Giang"
"10867","Xã Vĩnh Trung","326","Huyện Vị Thủy","29","Hậu Giang"
"10868","Xã Vĩnh Tường","326","Huyện Vị Thủy","29","Hậu Giang"
"10869","Xã Vị Đông","326","Huyện Vị Thủy","29","Hậu Giang"
"10870","Xã Vị Thanh","326","Huyện Vị Thủy","29","Hậu Giang"
"10871","Xã Vị Bình","326","Huyện Vị Thủy","29","Hậu Giang"
"10872","Phường Thuận An","706","Thị Xã Long Mỹ","29","Hậu Giang"
"10873","Phường Trà Lồng","706","Thị Xã Long Mỹ","29","Hậu Giang"
"10874","Phường Bình Thạnh","706","Thị Xã Long Mỹ","29","Hậu Giang"
"10875","Xã Long Bình","706","Thị Xã Long Mỹ","29","Hậu Giang"
"10876","Phường Vĩnh Tường","706","Thị Xã Long Mỹ","29","Hậu Giang"
"10877","Xã Long Trị","706","Thị Xã Long Mỹ","29","Hậu Giang"
"10878","Xã Long Trị A","706","Thị Xã Long Mỹ","29","Hậu Giang"
"10879","Xã Long Phú","706","Thị Xã Long Mỹ","29","Hậu Giang"
"10880","Xã Tân Phú","706","Thị Xã Long Mỹ","29","Hậu Giang"
"10881","Xã Thuận Hưng","324","Huyện Long Mỹ","29","Hậu Giang"
"10882","Xã Thuận Hòa","324","Huyện Long Mỹ","29","Hậu Giang"
"10883","Xã Vĩnh Thuận Đông","324","Huyện Long Mỹ","29","Hậu Giang"
"10884","Thị trấn Vĩnh Viễn","324","Huyện Long Mỹ","29","Hậu Giang"
"10885","Xã Vĩnh Viễn A","324","Huyện Long Mỹ","29","Hậu Giang"
"10886","Xã Lương Tâm","324","Huyện Long Mỹ","29","Hậu Giang"
"10887","Xã Lương Nghĩa","324","Huyện Long Mỹ","29","Hậu Giang"
"10888","Xã Xà Phiên","324","Huyện Long Mỹ","29","Hậu Giang"
"10889","Phường 5","554","Thành phố Sóc Trăng","51","Sóc Trăng"
"10890","Phường 7","554","Thành phố Sóc Trăng","51","Sóc Trăng"
"10891","Phường 8","554","Thành phố Sóc Trăng","51","Sóc Trăng"
"10892","Phường 6","554","Thành phố Sóc Trăng","51","Sóc Trăng"
"10893","Phường 2","554","Thành phố Sóc Trăng","51","Sóc Trăng"
"10894","Phường 1","554","Thành phố Sóc Trăng","51","Sóc Trăng"
"10895","Phường 4","554","Thành phố Sóc Trăng","51","Sóc Trăng"
"10896","Phường 3","554","Thành phố Sóc Trăng","51","Sóc Trăng"
"10897","Phường 9","554","Thành phố Sóc Trăng","51","Sóc Trăng"
"10898","Phường 10","554","Thành phố Sóc Trăng","51","Sóc Trăng"
"10899","Thị trấn Kế Sách","556","Huyện Kế Sách","51","Sóc Trăng"
"10900","Thị trấn An Lạc Thôn","556","Huyện Kế Sách","51","Sóc Trăng"
"10901","Xã Xuân Hòa","556","Huyện Kế Sách","51","Sóc Trăng"
"10902","Xã Phong Nẫm","556","Huyện Kế Sách","51","Sóc Trăng"
"10903","Xã An Lạc Tây","556","Huyện Kế Sách","51","Sóc Trăng"
"10904","Xã Trinh Phú","556","Huyện Kế Sách","51","Sóc Trăng"
"10905","Xã Ba Trinh","556","Huyện Kế Sách","51","Sóc Trăng"
"10906","Xã Thới An Hội","556","Huyện Kế Sách","51","Sóc Trăng"
"10907","Xã Nhơn Mỹ","556","Huyện Kế Sách","51","Sóc Trăng"
"10908","Xã Kế Thành","556","Huyện Kế Sách","51","Sóc Trăng"
"10909","Xã Kế An","556","Huyện Kế Sách","51","Sóc Trăng"
"10910","Xã Đại Hải","556","Huyện Kế Sách","51","Sóc Trăng"
"10911","Xã An Mỹ","556","Huyện Kế Sách","51","Sóc Trăng"
"10912","Thị trấn Huỳnh Hữu Nghĩa","558","Huyện Mỹ Tú","51","Sóc Trăng"
"10913","Thị trấn Châu Thành","563","Huyện Châu Thành","51","Sóc Trăng"
"10914","Xã Hồ Đắc Kiện","563","Huyện Châu Thành","51","Sóc Trăng"
"10915","Xã Phú Tâm","563","Huyện Châu Thành","51","Sóc Trăng"
"10916","Xã Thuận Hòa","563","Huyện Châu Thành","51","Sóc Trăng"
"10917","Xã Long Hưng","558","Huyện Mỹ Tú","51","Sóc Trăng"
"10918","Xã Phú Tân","563","Huyện Châu Thành","51","Sóc Trăng"
"10919","Xã Thiện Mỹ","563","Huyện Châu Thành","51","Sóc Trăng"
"10920","Xã Hưng Phú","558","Huyện Mỹ Tú","51","Sóc Trăng"
"10921","Xã Mỹ Hương","558","Huyện Mỹ Tú","51","Sóc Trăng"
"10922","Xã An Hiệp","563","Huyện Châu Thành","51","Sóc Trăng"
"10923","Xã Mỹ Tú","558","Huyện Mỹ Tú","51","Sóc Trăng"
"10924","Xã An Ninh","563","Huyện Châu Thành","51","Sóc Trăng"
"10925","Xã Mỹ Phước","558","Huyện Mỹ Tú","51","Sóc Trăng"
"10926","Xã Thuận Hưng","558","Huyện Mỹ Tú","51","Sóc Trăng"
"10927","Xã Mỹ Thuận","558","Huyện Mỹ Tú","51","Sóc Trăng"
"10928","Xã Phú Mỹ","558","Huyện Mỹ Tú","51","Sóc Trăng"
"10929","Thị trấn Cù Lao Dung","555","Huyện Cù Lao Dung","51","Sóc Trăng"
"10930","Xã An Thạnh 1","555","Huyện Cù Lao Dung","51","Sóc Trăng"
"10931","Xã An Thạnh Tây","555","Huyện Cù Lao Dung","51","Sóc Trăng"
"10932","Xã An Thạnh Đông","555","Huyện Cù Lao Dung","51","Sóc Trăng"
"10933","Xã Đại Ân 1","555","Huyện Cù Lao Dung","51","Sóc Trăng"
"10934","Xã An Thạnh 2","555","Huyện Cù Lao Dung","51","Sóc Trăng"
"10935","Xã An Thạnh 3","555","Huyện Cù Lao Dung","51","Sóc Trăng"
"10936","Xã An Thạnh Nam","555","Huyện Cù Lao Dung","51","Sóc Trăng"
"10937","Thị trấn Long Phú","557","Huyện Long Phú","51","Sóc Trăng"
"10938","Xã Song Phụng","557","Huyện Long Phú","51","Sóc Trăng"
"10939","Thị trấn Đại Ngãi","557","Huyện Long Phú","51","Sóc Trăng"
"10940","Xã Hậu Thạnh","557","Huyện Long Phú","51","Sóc Trăng"
"10941","Xã Long Đức","557","Huyện Long Phú","51","Sóc Trăng"
"10942","Xã Trường Khánh","557","Huyện Long Phú","51","Sóc Trăng"
"10943","Xã Phú Hữu","557","Huyện Long Phú","51","Sóc Trăng"
"10944","Xã Tân Hưng","557","Huyện Long Phú","51","Sóc Trăng"
"10945","Xã Châu Khánh","557","Huyện Long Phú","51","Sóc Trăng"
"10946","Xã Tân Thạnh","557","Huyện Long Phú","51","Sóc Trăng"
"10947","Xã Long Phú","557","Huyện Long Phú","51","Sóc Trăng"
"10948","Xã Đại Ân 2","564","Huyện Trần Đề","51","Sóc Trăng"
"10949","Thị trấn Trần Đề","564","Huyện Trần Đề","51","Sóc Trăng"
"10950","Xã Liêu Tú","564","Huyện Trần Đề","51","Sóc Trăng"
"10951","Xã Lịch Hội Thượng","564","Huyện Trần Đề","51","Sóc Trăng"
"10952","Thị trấn Lịch Hội Thượng","564","Huyện Trần Đề","51","Sóc Trăng"
"10953","Xã Trung Bình","564","Huyện Trần Đề","51","Sóc Trăng"
"10954","Thị trấn Mỹ Xuyên","559","Huyện Mỹ Xuyên","51","Sóc Trăng"
"10955","Xã Tài Văn","564","Huyện Trần Đề","51","Sóc Trăng"
"10956","Xã Đại Tâm","559","Huyện Mỹ Xuyên","51","Sóc Trăng"
"10957","Xã Tham Đôn","559","Huyện Mỹ Xuyên","51","Sóc Trăng"
"10958","Xã Viên An","564","Huyện Trần Đề","51","Sóc Trăng"
"10959","Xã Thạnh Thới An","564","Huyện Trần Đề","51","Sóc Trăng"
"10960","Xã Thạnh Thới Thuận","564","Huyện Trần Đề","51","Sóc Trăng"
"10961","Xã Viên Bình","564","Huyện Trần Đề","51","Sóc Trăng"
"10962","Xã Thạnh Phú","559","Huyện Mỹ Xuyên","51","Sóc Trăng"
"10963","Xã Ngọc Đông","559","Huyện Mỹ Xuyên","51","Sóc Trăng"
"10964","Xã Thạnh Quới","559","Huyện Mỹ Xuyên","51","Sóc Trăng"
"10965","Xã Hòa Tú 1","559","Huyện Mỹ Xuyên","51","Sóc Trăng"
"10966","Xã Gia Hòa 1","559","Huyện Mỹ Xuyên","51","Sóc Trăng"
"10967","Xã Ngọc Tố","559","Huyện Mỹ Xuyên","51","Sóc Trăng"
"10968","Xã Gia Hòa 2","559","Huyện Mỹ Xuyên","51","Sóc Trăng"
"10969","Xã Hòa Tú 2","559","Huyện Mỹ Xuyên","51","Sóc Trăng"
"10970","Phường 1","560","Thị xã Ngã Năm","51","Sóc Trăng"
"10971","Phường 2","560","Thị xã Ngã Năm","51","Sóc Trăng"
"10972","Xã Vĩnh Quới","560","Thị xã Ngã Năm","51","Sóc Trăng"
"10973","Xã Tân Long","560","Thị xã Ngã Năm","51","Sóc Trăng"
"10974","Xã Long Bình","560","Thị xã Ngã Năm","51","Sóc Trăng"
"10975","Phường 3","560","Thị xã Ngã Năm","51","Sóc Trăng"
"10976","Xã Mỹ Bình","560","Thị xã Ngã Năm","51","Sóc Trăng"
"10977","Xã Mỹ Quới","560","Thị xã Ngã Năm","51","Sóc Trăng"
"10978","Thị trấn Phú Lộc","561","Huyện Thạnh Trị","51","Sóc Trăng"
"10979","Thị trấn Hưng Lợi","561","Huyện Thạnh Trị","51","Sóc Trăng"
"10980","Xã Lâm Tân","561","Huyện Thạnh Trị","51","Sóc Trăng"
"10981","Xã Thạnh Tân","561","Huyện Thạnh Trị","51","Sóc Trăng"
"10982","Xã Lâm Kiết","561","Huyện Thạnh Trị","51","Sóc Trăng"
"10983","Xã Tuân Tức","561","Huyện Thạnh Trị","51","Sóc Trăng"
"10984","Xã Vĩnh Thành","561","Huyện Thạnh Trị","51","Sóc Trăng"
"10985","Xã Thạnh Trị","561","Huyện Thạnh Trị","51","Sóc Trăng"
"10986","Xã Vĩnh Lợi","561","Huyện Thạnh Trị","51","Sóc Trăng"
"10987","Xã Châu Hưng","561","Huyện Thạnh Trị","51","Sóc Trăng"
"10988","Phường 1","562","Thị xã Vĩnh Châu","51","Sóc Trăng"
"10989","Xã Hòa Đông","562","Thị xã Vĩnh Châu","51","Sóc Trăng"
"10990","Phường Khánh Hòa","562","Thị xã Vĩnh Châu","51","Sóc Trăng"
"10991","Xã Vĩnh Hiệp","562","Thị xã Vĩnh Châu","51","Sóc Trăng"
"10992","Xã Vĩnh Hải","562","Thị xã Vĩnh Châu","51","Sóc Trăng"
"10993","Xã Lạc Hòa","562","Thị xã Vĩnh Châu","51","Sóc Trăng"
"10994","Phường 2","562","Thị xã Vĩnh Châu","51","Sóc Trăng"
"10995","Phường Vĩnh Phước","562","Thị xã Vĩnh Châu","51","Sóc Trăng"
"10996","Xã Vĩnh Tân","562","Thị xã Vĩnh Châu","51","Sóc Trăng"
"10997","Xã Lai Hòa","562","Thị xã Vĩnh Châu","51","Sóc Trăng"
"10998","Phường 2","702","Thành phố Bạc Liêu","7","Bạc Liêu"
"10999","Phường 3","702","Thành phố Bạc Liêu","7","Bạc Liêu"
"11000","Phường 5","702","Thành phố Bạc Liêu","7","Bạc Liêu"
"11001","Phường 7","702","Thành phố Bạc Liêu","7","Bạc Liêu"
"11002","Phường 1","702","Thành phố Bạc Liêu","7","Bạc Liêu"
"11003","Phường 8","702","Thành phố Bạc Liêu","7","Bạc Liêu"
"11004","Phường Nhà Mát","702","Thành phố Bạc Liêu","7","Bạc Liêu"
"11005","Xã Vĩnh Trạch","702","Thành phố Bạc Liêu","7","Bạc Liêu"
"11006","Xã Vĩnh Trạch Đông","702","Thành phố Bạc Liêu","7","Bạc Liêu"
"11007","Xã Hiệp Thành","702","Thành phố Bạc Liêu","7","Bạc Liêu"
"11008","Thị trấn Ngan Dừa","74","Huyện Hồng Dân","7","Bạc Liêu"
"11009","Xã Ninh Quới","74","Huyện Hồng Dân","7","Bạc Liêu"
"11010","Xã Ninh Quới A","74","Huyện Hồng Dân","7","Bạc Liêu"
"11011","Xã Ninh Hòa","74","Huyện Hồng Dân","7","Bạc Liêu"
"11012","Xã Lộc Ninh","74","Huyện Hồng Dân","7","Bạc Liêu"
"11013","Xã Vĩnh Lộc","74","Huyện Hồng Dân","7","Bạc Liêu"
"11014","Xã Vĩnh Lộc A","74","Huyện Hồng Dân","7","Bạc Liêu"
"11015","Xã Ninh Thạnh Lợi A","74","Huyện Hồng Dân","7","Bạc Liêu"
"11016","Xã Ninh Thạnh Lợi","74","Huyện Hồng Dân","7","Bạc Liêu"
"11017","Thị trấn Phước Long","73","Huyện Phước Long","7","Bạc Liêu"
"11018","Xã Vĩnh Phú Đông","73","Huyện Phước Long","7","Bạc Liêu"
"11019","Xã Vĩnh Phú Tây","73","Huyện Phước Long","7","Bạc Liêu"
"11020","Xã Phước Long","73","Huyện Phước Long","7","Bạc Liêu"
"11021","Xã Hưng Phú","73","Huyện Phước Long","7","Bạc Liêu"
"11022","Xã Vĩnh Thanh","73","Huyện Phước Long","7","Bạc Liêu"
"11023","Xã Phong Thạnh Tây A","73","Huyện Phước Long","7","Bạc Liêu"
"11024","Xã Phong Thạnh Tây B","73","Huyện Phước Long","7","Bạc Liêu"
"11025","Thị trấn Hòa Bình","78","Huyện Hòa Bình","7","Bạc Liêu"
"11026","Xã Vĩnh Hưng","75","Huyện Vĩnh Lợi","7","Bạc Liêu"
"11027","Xã Vĩnh Hưng A","75","Huyện Vĩnh Lợi","7","Bạc Liêu"
"11028","Thị trấn Châu Hưng","75","Huyện Vĩnh Lợi","7","Bạc Liêu"
"11029","Xã Châu Hưng A","75","Huyện Vĩnh Lợi","7","Bạc Liêu"
"11030","Xã Hưng Thành","75","Huyện Vĩnh Lợi","7","Bạc Liêu"
"11031","Xã Hưng Hội","75","Huyện Vĩnh Lợi","7","Bạc Liêu"
"11032","Xã Châu Thới","75","Huyện Vĩnh Lợi","7","Bạc Liêu"
"11033","Xã Minh Diệu","78","Huyện Hòa Bình","7","Bạc Liêu"
"11034","Xã Vĩnh Bình","78","Huyện Hòa Bình","7","Bạc Liêu"
"11035","Xã Long Thạnh","75","Huyện Vĩnh Lợi","7","Bạc Liêu"
"11036","Xã Vĩnh Mỹ B","78","Huyện Hòa Bình","7","Bạc Liêu"
"11037","Xã Vĩnh Hậu","78","Huyện Hòa Bình","7","Bạc Liêu"
"11038","Xã Vĩnh Hậu A","78","Huyện Hòa Bình","7","Bạc Liêu"
"11039","Xã Vĩnh Mỹ A","78","Huyện Hòa Bình","7","Bạc Liêu"
"11040","Xã Vĩnh Thịnh","78","Huyện Hòa Bình","7","Bạc Liêu"
"11041","Phường 1","76","Thị xã Giá Rai","7","Bạc Liêu"
"11042","Phường Hộ Phòng","76","Thị xã Giá Rai","7","Bạc Liêu"
"11043","Xã Phong Thạnh Đông","76","Thị xã Giá Rai","7","Bạc Liêu"
"11044","Phường Láng Tròn","76","Thị xã Giá Rai","7","Bạc Liêu"
"11045","Xã Phong Tân","76","Thị xã Giá Rai","7","Bạc Liêu"
"11046","Xã Tân Phong","76","Thị xã Giá Rai","7","Bạc Liêu"
"11047","Xã Phong Thạnh","76","Thị xã Giá Rai","7","Bạc Liêu"
"11048","Xã Phong Thạnh A","76","Thị xã Giá Rai","7","Bạc Liêu"
"11049","Xã Phong Thạnh Tây","76","Thị xã Giá Rai","7","Bạc Liêu"
"11050","Xã Tân Thạnh","76","Thị xã Giá Rai","7","Bạc Liêu"
"11051","Thị trấn Gành Hào","77","Huyện Đông Hải","7","Bạc Liêu"
"11052","Xã Long Điền Đông","77","Huyện Đông Hải","7","Bạc Liêu"
"11053","Xã Long Điền Đông A","77","Huyện Đông Hải","7","Bạc Liêu"
"11054","Xã Long Điền","77","Huyện Đông Hải","7","Bạc Liêu"
"11055","Xã Long Điền Tây","77","Huyện Đông Hải","7","Bạc Liêu"
"11056","Xã Điền Hải","77","Huyện Đông Hải","7","Bạc Liêu"
"11057","Xã An Trạch","77","Huyện Đông Hải","7","Bạc Liêu"
"11058","Xã An Trạch A","77","Huyện Đông Hải","7","Bạc Liêu"
"11059","Xã An Phúc","77","Huyện Đông Hải","7","Bạc Liêu"
"11060","Xã Định Thành","77","Huyện Đông Hải","7","Bạc Liêu"
"11061","Xã Định Thành A","77","Huyện Đông Hải","7","Bạc Liêu"
"11062","Phường 9","152","Thành phố Cà Mau","14","Cà Mau"
"11063","Phường 4","152","Thành phố Cà Mau","14","Cà Mau"
"11064","Phường 1","152","Thành phố Cà Mau","14","Cà Mau"
"11065","Phường 5","152","Thành phố Cà Mau","14","Cà Mau"
"11066","Phường 2","152","Thành phố Cà Mau","14","Cà Mau"
"11067","Phường 8","152","Thành phố Cà Mau","14","Cà Mau"
"11068","Phường 6","152","Thành phố Cà Mau","14","Cà Mau"
"11069","Phường 7","152","Thành phố Cà Mau","14","Cà Mau"
"11070","Phường Tân Xuyên","152","Thành phố Cà Mau","14","Cà Mau"
"11071","Xã An Xuyên","152","Thành phố Cà Mau","14","Cà Mau"
"11072","Phường Tân Thành","152","Thành phố Cà Mau","14","Cà Mau"
"11073","Xã Tân Thành","152","Thành phố Cà Mau","14","Cà Mau"
"11074","Xã Tắc Vân","152","Thành phố Cà Mau","14","Cà Mau"
"11075","Xã Lý Văn Lâm","152","Thành phố Cà Mau","14","Cà Mau"
"11076","Xã Định Bình","152","Thành phố Cà Mau","14","Cà Mau"
"11077","Xã Hòa Thành","152","Thành phố Cà Mau","14","Cà Mau"
"11078","Xã Hòa Tân","152","Thành phố Cà Mau","14","Cà Mau"
"11079","Thị trấn U Minh","157","Huyện U Minh","14","Cà Mau"
"11080","Xã Khánh Hòa","157","Huyện U Minh","14","Cà Mau"
"11081","Xã Khánh Thuận","157","Huyện U Minh","14","Cà Mau"
"11082","Xã Khánh Tiến","157","Huyện U Minh","14","Cà Mau"
"11083","Xã Nguyễn Phích","157","Huyện U Minh","14","Cà Mau"
"11084","Xã Khánh Lâm","157","Huyện U Minh","14","Cà Mau"
"11085","Xã Khánh An","157","Huyện U Minh","14","Cà Mau"
"11086","Xã Khánh Hội","157","Huyện U Minh","14","Cà Mau"
"11087","Thị trấn Thới Bình","158","Huyện Thới Bình","14","Cà Mau"
"11088","Xã Biển Bạch","158","Huyện Thới Bình","14","Cà Mau"
"11089","Xã Tân Bằng","158","Huyện Thới Bình","14","Cà Mau"
"11090","Xã Trí Phải","158","Huyện Thới Bình","14","Cà Mau"
"11091","Xã Trí Lực","158","Huyện Thới Bình","14","Cà Mau"
"11092","Xã Biển Bạch Đông","158","Huyện Thới Bình","14","Cà Mau"
"11093","Xã Thới Bình","158","Huyện Thới Bình","14","Cà Mau"
"11094","Xã Tân Phú","158","Huyện Thới Bình","14","Cà Mau"
"11095","Xã Tân Lộc Bắc","158","Huyện Thới Bình","14","Cà Mau"
"11096","Xã Tân Lộc","158","Huyện Thới Bình","14","Cà Mau"
"11097","Xã Tân Lộc Đông","158","Huyện Thới Bình","14","Cà Mau"
"11098","Xã Hồ Thị Kỷ","158","Huyện Thới Bình","14","Cà Mau"
"11099","Thị trấn Trần Văn Thời","156","Huyện Trần Văn Thời","14","Cà Mau"
"11100","Thị trấn Sông Đốc","156","Huyện Trần Văn Thời","14","Cà Mau"
"11101","Xã Khánh Bình Tây Bắc","156","Huyện Trần Văn Thời","14","Cà Mau"
"11102","Xã Khánh Bình Tây","156","Huyện Trần Văn Thời","14","Cà Mau"
"11103","Xã Trần Hợi","156","Huyện Trần Văn Thời","14","Cà Mau"
"11104","Xã Khánh Lộc","156","Huyện Trần Văn Thời","14","Cà Mau"
"11105","Xã Khánh Bình","156","Huyện Trần Văn Thời","14","Cà Mau"
"11106","Xã Khánh Hưng","156","Huyện Trần Văn Thời","14","Cà Mau"
"11107","Xã Khánh Bình Đông","156","Huyện Trần Văn Thời","14","Cà Mau"
"11108","Xã Khánh Hải","156","Huyện Trần Văn Thời","14","Cà Mau"
"11109","Xã Lợi An","156","Huyện Trần Văn Thời","14","Cà Mau"
"11110","Xã Phong Điền","156","Huyện Trần Văn Thời","14","Cà Mau"
"11111","Xã Phong Lạc","156","Huyện Trần Văn Thời","14","Cà Mau"
"11112","Thị trấn Cái Nước","155","Huyện Cái Nước","14","Cà Mau"
"11113","Xã Thạnh Phú","155","Huyện Cái Nước","14","Cà Mau"
"11114","Xã Lương Thế Trân","155","Huyện Cái Nước","14","Cà Mau"
"11115","Xã Phú Hưng","155","Huyện Cái Nước","14","Cà Mau"
"11116","Xã Tân Hưng","155","Huyện Cái Nước","14","Cà Mau"
"11117","Xã Hưng Mỹ","155","Huyện Cái Nước","14","Cà Mau"
"11118","Xã Hòa Mỹ","155","Huyện Cái Nước","14","Cà Mau"
"11119","Xã Đông Hưng","155","Huyện Cái Nước","14","Cà Mau"
"11120","Xã Đông Thới","155","Huyện Cái Nước","14","Cà Mau"
"11121","Xã Tân Hưng Đông","155","Huyện Cái Nước","14","Cà Mau"
"11122","Xã Trần Thới","155","Huyện Cái Nước","14","Cà Mau"
"11123","Thị trấn Đầm Dơi","153","Huyện Đầm Dơi","14","Cà Mau"
"11124","Xã Tạ An Khương","153","Huyện Đầm Dơi","14","Cà Mau"
"11125","Xã Tạ An Khương Đông","153","Huyện Đầm Dơi","14","Cà Mau"
"11126","Xã Trần Phán","153","Huyện Đầm Dơi","14","Cà Mau"
"11127","Xã Tân Trung","153","Huyện Đầm Dơi","14","Cà Mau"
"11128","Xã Tân Đức","153","Huyện Đầm Dơi","14","Cà Mau"
"11129","Xã Tân Thuận","153","Huyện Đầm Dơi","14","Cà Mau"
"11130","Xã Tạ An Khương Nam","153","Huyện Đầm Dơi","14","Cà Mau"
"11131","Xã Tân Duyệt","153","Huyện Đầm Dơi","14","Cà Mau"
"11132","Xã Tân Dân","153","Huyện Đầm Dơi","14","Cà Mau"
"11133","Xã Tân Tiến","153","Huyện Đầm Dơi","14","Cà Mau"
"11134","Xã Quách Phẩm Bắc","153","Huyện Đầm Dơi","14","Cà Mau"
"11135","Xã Quách Phẩm","153","Huyện Đầm Dơi","14","Cà Mau"
"11136","Xã Thanh Tùng","153","Huyện Đầm Dơi","14","Cà Mau"
"11137","Xã Ngọc Chánh","153","Huyện Đầm Dơi","14","Cà Mau"
"11138","Xã Nguyễn Huân","153","Huyện Đầm Dơi","14","Cà Mau"
"11139","Thị Trấn Năm Căn","159","Huyện Năm Căn","14","Cà Mau"
"11140","Xã Hàm Rồng","159","Huyện Năm Căn","14","Cà Mau"
"11141","Xã Hiệp Tùng","159","Huyện Năm Căn","14","Cà Mau"
"11142","Xã Đất Mới","159","Huyện Năm Căn","14","Cà Mau"
"11143","Xã Lâm Hải","159","Huyện Năm Căn","14","Cà Mau"
"11144","Xã Hàng Vịnh","159","Huyện Năm Căn","14","Cà Mau"
"11145","Xã Tam Giang","159","Huyện Năm Căn","14","Cà Mau"
"11146","Xã Tam Giang Đông","159","Huyện Năm Căn","14","Cà Mau"
"11147","Thị trấn Cái Đôi Vàm","160","Huyện Phú Tân","14","Cà Mau"
"11148","Xã Phú Thuận","160","Huyện Phú Tân","14","Cà Mau"
"11149","Xã Phú Mỹ","160","Huyện Phú Tân","14","Cà Mau"
"11150","Xã Phú Tân","160","Huyện Phú Tân","14","Cà Mau"
"11151","Xã Tân Hải","160","Huyện Phú Tân","14","Cà Mau"
"11152","Xã Việt Thắng","160","Huyện Phú Tân","14","Cà Mau"
"11153","Xã Tân Hưng Tây","160","Huyện Phú Tân","14","Cà Mau"
"11154","Xã Rạch Chèo","160","Huyện Phú Tân","14","Cà Mau"
"11155","Xã Nguyễn Việt Khái","160","Huyện Phú Tân","14","Cà Mau"
"11156","Xã Tam Giang Tây","154","Huyện Ngọc Hiển","14","Cà Mau"
"11157","Xã Tân Ân Tây","154","Huyện Ngọc Hiển","14","Cà Mau"
"11158","Xã Viên An Đông","154","Huyện Ngọc Hiển","14","Cà Mau"
"11159","Xã Viên An","154","Huyện Ngọc Hiển","14","Cà Mau"
"11160","Thị trấn Rạch Gốc","154","Huyện Ngọc Hiển","14","Cà Mau"
"11161","Xã Tân Ân","154","Huyện Ngọc Hiển","14","Cà Mau"
"11162","Xã Đất Mũi","154","Huyện Ngọc Hiển","14","Cà Mau"
"11163","Đảo Hoàng Sa","191","Huyện đảo Hoàng Sa","17","Đà Nẵng"
"11164","Đảo Đá Bắc","191","Huyện đảo Hoàng Sa","17","Đà Nẵng"
"11165","Đá Lồi","191","Huyện đảo Hoàng Sa","17","Đà Nẵng"
"11166","Đảo Bắc","191","Huyện đảo Hoàng Sa","17","Đà Nẵng"
"11167","Đảo Linh Côn","191","Huyện đảo Hoàng Sa","17","Đà Nẵng"
"11168","Đảo Phú Lâm","191","Huyện đảo Hoàng Sa","17","Đà Nẵng"
"11169","Đảo Cây","191","Huyện đảo Hoàng Sa","17","Đà Nẵng"
"11170","Đảo Nam","191","Huyện đảo Hoàng Sa","17","Đà Nẵng"
"11171","Đảo Quang Hòa","191","Huyện đảo Hoàng Sa","17","Đà Nẵng"
"11172","Cồn Bông Bay","191","Huyện đảo Hoàng Sa","17","Đà Nẵng"
"11173","Cồn Quan Sát","191","Huyện đảo Hoàng Sa","17","Đà Nẵng"
"11174","Cồn Cát Tây","191","Huyện đảo Hoàng Sa","17","Đà Nẵng"
"11175","Đá Chim Yến","191","Huyện đảo Hoàng Sa","17","Đà Nẵng"
"11176","Đảo Bạch Quy","191","Huyện đảo Hoàng Sa","17","Đà Nẵng"
"11177","Đảo Tri Tôn","191","Huyện đảo Hoàng Sa","17","Đà Nẵng"
"11178","Đảo Giữa","191","Huyện đảo Hoàng Sa","17","Đà Nẵng"
"11179","Đảo Tháp","191","Huyện đảo Hoàng Sa","17","Đà Nẵng"
"11180","Đảo Hữu Nhật","191","Huyện đảo Hoàng Sa","17","Đà Nẵng"
"11181","Côn Đảo","72","Huyện Côn Đảo","4","Bà Rịa-Vũng Tàu"
"11182","Thị trấn Dầu Giây","230","Huyện Thống Nhất","21","Đồng Nai"
"11183","Xã Phú Lâm","472","Huyện Đoan Hùng","44","Phú Thọ"
"11184","Thị trấn Phong Sơn","606","Huyện Cẩm Thủy","56","Thanh Hóa"
"11185","Phường An Hưng","602","Thành phố Thanh Hóa","56","Thanh Hóa"
"11186","Phường Long Anh","602","Thành phố Thanh Hóa","56","Thanh Hóa"
"11187","Xã Yến Sơn","608","Huyện Hà Trung","56","Thanh Hóa"
"11188","Xã Lĩnh Toại","608","Huyện Hà Trung","56","Thanh Hóa"
"11189","Xã Hoạt Giang","608","Huyện Hà Trung","56","Thanh Hóa"
"11190","Xã Yên Dương","608","Huyện Hà Trung","56","Thanh Hóa"
"11191","Xã Nga Phượng","613","Huyện Nga Sơn","56","Thanh Hóa"
"11192","Thị trấn Hồi Xuân","618","Huyện Quan Hóa","56","Thanh Hóa"
"11193","Thị trấn Sơn Lư","619","Huyện Quan Sơn","56","Thanh Hóa"
"11194","Thị trấn Tân Phong","620","Huyện Quảng Xương","56","Thanh Hóa"
"11195","Xã Tiên Trang","620","Huyện Quảng Xương","56","Thanh Hóa"
"11196","Xã Minh Tâm","622","Huyện Thiệu Hóa","56","Thanh Hóa"
"11197","Xã Tân Châu","622","Huyện Thiệu Hóa","56","Thanh Hóa"
"11198","Thị trấn Thiệu Hóa","622","Huyện Thiệu Hóa","56","Thanh Hóa"
"11199","Xã Xuân Sinh","623","Huyện Thọ Xuân","56","Thanh Hóa"
"11200","Xã Xuân Hồng","623","Huyện Thọ Xuân","56","Thanh Hóa"
"11201","Xã Trường Xuân","623","Huyện Thọ Xuân","56","Thanh Hóa"
"11202","Xã Phú Xuân","623","Huyện Thọ Xuân","56","Thanh Hóa"
"11203","Xã Thuận Minh","623","Huyện Thọ Xuân","56","Thanh Hóa"
"11204","Thị trấn Nưa","626","Huyện Triệu Sơn","56","Thanh Hóa"
"11205","Xã Ninh Khang","627","Huyện Vĩnh Lộc","56","Thanh Hóa"
"11206","Xã Minh Tân","627","Huyện Vĩnh Lộc","56","Thanh Hóa"
"11207","Xã Hùng Việt","471","Huyện Cẩm Khê","44","Phú Thọ"
"11208","Thị trấn Măng Đen","376","Huyện Kon Plông","34","Kon Tum"
"11209","Xã Sen Phương","21","Huyện Phúc Thọ","1","Hà Nội"
"11210","Xã Xuân Đình","21","Huyện Phúc Thọ","1","Hà Nội"
"11211","Xã Nam Tiến","20","Huyện Phú Xuyên","1","Hà Nội"
"11212","Thị trấn Tây Yên Tử","92","Huyện Sơn Động","5","Bắc Giang"
"11213","Xã Đại Sơn","92","Huyện Sơn Động","5","Bắc Giang"
"11214","Xã Phúc Sơn","92","Huyện Sơn Động","5","Bắc Giang"
"11215","Xã Vĩnh An","92","Huyện Sơn Động","5","Bắc Giang"
"11216","Thị trấn Nham Biền","95","Huyện Yên Dũng","5","Bắc Giang"
"11217","Xã Hiệp Lực","85","Huyện Ngân Sơn","6","Bắc Kạn"
"11218","Xã Tân Tú","81","Huyện Bạch Thông","6","Bắc Kạn"
"11219","Xã Quân Hà","81","Huyện Bạch Thông","6","Bắc Kạn"
"11220","Xã Đồng Thắng","82","Huyện Chợ Đồn","6","Bắc Kạn"
"11221","Xã Yên Phong","82","Huyện Chợ Đồn","6","Bắc Kạn"
"11222","Thị trấn Đồng Tâm","83","Huyện Chợ Mới","6","Bắc Kạn"
"11223","Xã Thanh Thịnh","83","Huyện Chợ Mới","6","Bắc Kạn"
"11224","Xã Văn Vũ","84","Huyện Na Rì","6","Bắc Kạn"
"11225","Xã Văn Lang","84","Huyện Na Rì","6","Bắc Kạn"
"11226","Xã Sơn Thành","84","Huyện Na Rì","6","Bắc Kạn"
"11227","Xã Trần Phú","84","Huyện Na Rì","6","Bắc Kạn"
"11228","Phường An Hội","105","Thành phố Bến Tre","9","Bến Tre"
"11229","Xã Phước Ngãi","106","Huyện Ba Tri","9","Bến Tre"
"11230","Thị trấn Thông Nông","165","Huyện Hà Quảng","15","Cao Bằng"
"11231","Xã Cần Yên","165","Huyện Hà Quảng","15","Cao Bằng"
"11232","Xã Cần Nông","165","Huyện Hà Quảng","15","Cao Bằng"
"11233","Xã Lương Thông","165","Huyện Hà Quảng","15","Cao Bằng"
"11234","Xã Đa Thông","165","Huyện Hà Quảng","15","Cao Bằng"
"11235","Xã Ngọc Động","165","Huyện Hà Quảng","15","Cao Bằng"
"11236","Xã Yên Sơn","165","Huyện Hà Quảng","15","Cao Bằng"
"11237","Xã Lương Can","165","Huyện Hà Quảng","15","Cao Bằng"
"11238","Xã Thanh Long","165","Huyện Hà Quảng","15","Cao Bằng"
"11239","Xã Ngọc Đào","165","Huyện Hà Quảng","15","Cao Bằng"
"11240","Thị trấn Trà Lĩnh","173","Huyện Trùng Khánh","15","Cao Bằng"
"11241","Xã Tri Phương","173","Huyện Trùng Khánh","15","Cao Bằng"
"11242","Xã Quang Hán","173","Huyện Trùng Khánh","15","Cao Bằng"
"11243","Xã Xuân Nội","173","Huyện Trùng Khánh","15","Cao Bằng"
"11244","Xã Quang Trung","173","Huyện Trùng Khánh","15","Cao Bằng"
"11245","Xã Quang Vinh","173","Huyện Trùng Khánh","15","Cao Bằng"
"11246","Xã Cao Chương","173","Huyện Trùng Khánh","15","Cao Bằng"
"11247","Xã Đoài Dương","173","Huyện Trùng Khánh","15","Cao Bằng"
"11248","Xã Thống Nhất","164","Huyện Hạ Lang","15","Cao Bằng"
"11249","Xã Quốc Toản","717","Huyện Quảng Hòa","15","Cao Bằng"
"11250","Thị trấn Quảng Uyên","717","Huyện Quảng Hòa","15","Cao Bằng"
"11251","Xã Phi Hải","717","Huyện Quảng Hòa","15","Cao Bằng"
"11252","Xã Quảng Hưng","717","Huyện Quảng Hòa","15","Cao Bằng"
"11253","Xã Độc Lập","717","Huyện Quảng Hòa","15","Cao Bằng"
"11254","Xã Cai Bộ","717","Huyện Quảng Hòa","15","Cao Bằng"
"11255","Xã Phúc Sen","717","Huyện Quảng Hòa","15","Cao Bằng"
"11256","Xã Chí Thảo","717","Huyện Quảng Hòa","15","Cao Bằng"
"11257","Xã Tự Do","717","Huyện Quảng Hòa","15","Cao Bằng"
"11258","Xã Hồng Quang","717","Huyện Quảng Hòa","15","Cao Bằng"
"11259","Xã Ngọc Động","717","Huyện Quảng Hòa","15","Cao Bằng"
"11260","Xã Hạnh Phúc","717","Huyện Quảng Hòa","15","Cao Bằng"
"11261","Thị trấn Tà Lùng","717","Huyện Quảng Hòa","15","Cao Bằng"
"11262","Xã Bế Văn Đàn","717","Huyện Quảng Hòa","15","Cao Bằng"
"11263","Xã Cách Linh","717","Huyện Quảng Hòa","15","Cao Bằng"
"11264","Xã Đại Sơn","717","Huyện Quảng Hòa","15","Cao Bằng"
"11265","Xã Tiên Thành","717","Huyện Quảng Hòa","15","Cao Bằng"
"11266","Thị trấn Hoà Thuận","717","Huyện Quảng Hòa","15","Cao Bằng"
"11267","Xã Mỹ Hưng","717","Huyện Quảng Hòa","15","Cao Bằng"
"11268","Xã Vũ Minh","167","Huyện Nguyên Bình","15","Cao Bằng"
"11269","Xã Tiên Sơn","277","Thị xã Duy Tiên","25","Hà Nam"
"11270","Thị trấn Tân Thanh","280","Huyện Thanh Liêm","25","Hà Nam"
"11271","Xã Trần Hưng Đạo","279","Huyện Lý Nhân","25","Hà Nam"
"11272","Xã Đồng Môn","281","Thành phố Hà Tĩnh","26","Hà Tĩnh"
"11273","Xã An Hòa Thịnh","287","Huyện Hương Sơn","26","Hà Tĩnh"
"11274","Xã Tân Mỹ Hà","287","Huyện Hương Sơn","26","Hà Tĩnh"
"11275","Xã Quang Diệm","287","Huyện Hương Sơn","26","Hà Tĩnh"
"11276","Xã Kim Hoa","287","Huyện Hương Sơn","26","Hà Tĩnh"
"11277","Xã Quang Vĩnh","285","Huyện Đức Thọ","26","Hà Tĩnh"
"11278","Xã Tùng Châu","285","Huyện Đức Thọ","26","Hà Tĩnh"
"11279","Xã Bùi La Nhân","285","Huyện Đức Thọ","26","Hà Tĩnh"
"11280","Xã Thanh Bình Thịnh","285","Huyện Đức Thọ","26","Hà Tĩnh"
"11281","Xã Lâm Trung Thủy","285","Huyện Đức Thọ","26","Hà Tĩnh"
"11282","Xã Hòa Lạc","285","Huyện Đức Thọ","26","Hà Tĩnh"
"11283","Xã Tân Dân","285","Huyện Đức Thọ","26","Hà Tĩnh"
"11284","Xã An Dũng","285","Huyện Đức Thọ","26","Hà Tĩnh"
"11285","Xã Thọ Điền","291","Huyện Vũ Quang","26","Hà Tĩnh"
"11286","Xã Quang Thọ","291","Huyện Vũ Quang","26","Hà Tĩnh"
"11287","Xã Đan Trường","289","Huyện Nghi Xuân","26","Hà Tĩnh"
"11288","Xã Kim Song Trường","284","Huyện Can Lộc","26","Hà Tĩnh"
"11289","Xã Khánh Vĩnh Yên","284","Huyện Can Lộc","26","Hà Tĩnh"
"11290","Xã Điền Mỹ","286","Huyện Hương Khê","26","Hà Tĩnh"
"11291","Xã Đỉnh Bàn","290","Huyện Thạch Hà","26","Hà Tĩnh"
"11292","Xã Việt Tiến","290","Huyện Thạch Hà","26","Hà Tĩnh"
"11293","Xã Lưu Vĩnh Sơn","290","Huyện Thạch Hà","26","Hà Tĩnh"
"11294","Xã Tân Lâm Hương","290","Huyện Thạch Hà","26","Hà Tĩnh"
"11295","Xã Nam Điền","290","Huyện Thạch Hà","26","Hà Tĩnh"
"11296","Xã Yên Hòa","283","Huyện Cẩm Xuyên","26","Hà Tĩnh"
"11297","Xã Nam Phúc Thăng","283","Huyện Cẩm Xuyên","26","Hà Tĩnh"
"11298","Xã Lâm Hợp","288","Huyện Kỳ Anh","26","Hà Tĩnh"
"11299","Xã Bình An","292","Huyện Lộc Hà","26","Hà Tĩnh"
"11300","Thị trấn Lộc Hà","292","Huyện Lộc Hà","26","Hà Tĩnh"
"11301","Phường Hưng Trí","705","Thị xã Kỳ Anh","26","Hà Tĩnh"
"11302","Xã An Thượng","293","Thành phố Hải Dương","27","Hải Dương"
"11303","Xã Quyết Thắng","293","Thành phố Hải Dương","27","Hải Dương"
"11304","Xã Tiền Tiến","293","Thành phố Hải Dương","27","Hải Dương"
"11305","Xã Liên Hồng","293","Thành phố Hải Dương","27","Hải Dương"
"11306","Xã Gia Xuyên","293","Thành phố Hải Dương","27","Hải Dương"
"11307","Xã Ngọc Sơn","293","Thành phố Hải Dương","27","Hải Dương"
"11308","Phường An Lưu","299","Thị xã Kinh Môn","27","Hải Dương"
"11309","Phường Phạm Thái","299","Thị xã Kinh Môn","27","Hải Dương"
"11310","Xã Quang Thành","299","Thị xã Kinh Môn","27","Hải Dương"
"11311","Xã Tuấn Việt","298","Huyện Kim Thành","27","Hải Dương"
"11312","Xã Kim Liên","298","Huyện Kim Thành","27","Hải Dương"
"11313","Xã Đồng Cẩm","298","Huyện Kim Thành","27","Hải Dương"
"11314","Xã An Phượng","302","Huyện Thanh Hà","27","Hải Dương"
"11315","Xã Thanh Quang","302","Huyện Thanh Hà","27","Hải Dương"
"11316","Xã Định Sơn","296","Huyện Cẩm Giàng","27","Hải Dương"
"11317","Xã Vĩnh Hưng","295","Huyện Bình Giang","27","Hải Dương"
"11318","Xã Đại Sơn","304","Huyện Tứ Kỳ","27","Hải Dương"
"11319","Xã Chí Minh","304","Huyện Tứ Kỳ","27","Hải Dương"
"11320","Xã Hồng Phong","303","Huyện Thanh Miện","27","Hải Dương"
"11321","Phường Hải Sơn","306","Quận Đồ Sơn","28","Hải Phòng"
"11322","Đảo Bạch Long Vĩ","314","Huyện đảo Bạch Long Vĩ","28","Hải Phòng"
"11323","Phường Kỳ Sơn","327","Thành phố Hòa Bình","30","Hòa Bình"
"11324","Xã Thịnh Minh","327","Thành phố Hòa Bình","30","Hòa Bình"
"11325","Xã Hợp Thành","327","Thành phố Hòa Bình","30","Hòa Bình"
"11326","Xã Quang Tiến","327","Thành phố Hòa Bình","30","Hòa Bình"
"11327","Xã Mông Hóa","327","Thành phố Hòa Bình","30","Hòa Bình"
"11328","Xã Độc Lập","327","Thành phố Hòa Bình","30","Hòa Bình"
"11329","Xã Nánh Nghê","330","Huyện Đà Bắc","30","Hòa Bình"
"11330","Xã Cao Sơn","328","Huyện Lương Sơn","30","Hòa Bình"
"11331","Xã Thanh Sơn","328","Huyện Lương Sơn","30","Hòa Bình"
"11332","Xã Thanh Cao","328","Huyện Lương Sơn","30","Hòa Bình"
"11333","Xã Hùng Sơn","331","Huyện Kim Bôi","30","Hòa Bình"
"11334","Xã Xuân Thủy","331","Huyện Kim Bôi","30","Hòa Bình"
"11335","Xã Kim Lập","331","Huyện Kim Bôi","30","Hòa Bình"
"11336","Xã Hợp Tiến","331","Huyện Kim Bôi","30","Hòa Bình"
"11337","Xã Hợp Phong","329","Huyện Cao Phong","30","Hòa Bình"
"11338","Xã Thạch Yên","329","Huyện Cao Phong","30","Hòa Bình"
"11339","Xã Suối Hoa","336","Huyện Tân Lạc","30","Hòa Bình"
"11340","Xã Vân Sơn","336","Huyện Tân Lạc","30","Hòa Bình"
"11341","Xã Nhân Mỹ","336","Huyện Tân Lạc","30","Hòa Bình"
"11342","Xã Tân Thành","335","Huyện Mai Châu","30","Hòa Bình"
"11343","Xã Sơn Thủy","335","Huyện Mai Châu","30","Hòa Bình"
"11344","Xã Đồng Tân","335","Huyện Mai Châu","30","Hòa Bình"
"11345","Xã Thành Sơn","335","Huyện Mai Châu","30","Hòa Bình"
"11346","Xã Quyết Thắng","333","Huyện Lạc Sơn","30","Hòa Bình"
"11347","Xã Vũ Bình","333","Huyện Lạc Sơn","30","Hòa Bình"
"11348","Thị trấn Ba Hàng Đồi","334","Huyện Lạc Thủy","30","Hòa Bình"
"11349","Xã Phú Nghĩa","334","Huyện Lạc Thủy","30","Hòa Bình"
"11350","Xã Thống Nhất","334","Huyện Lạc Thủy","30","Hòa Bình"
"11351","Xã Bình Lộc","352","Huyện Diên Khánh","32","Khánh Hòa"
"11352","Xã Sùng Phài","381","Thành phố Lai Châu","35","Lai Châu"
"11353","Thị trấn Phước Cát","411","Huyện Cát Tiên","36","Lâm Đồng"
"11354","Xã Bắc Hùng","390","Huyện Văn Lãng","37","Lạng Sơn"
"11355","Xã Bắc Việt","390","Huyện Văn Lãng","37","Lạng Sơn"
"11356","Xã Liên Hội","391","Huyện Văn Quan","37","Lạng Sơn"
"11357","Xã Điềm He","391","Huyện Văn Quan","37","Lạng Sơn"
"11358","Xã An Sơn","391","Huyện Văn Quan","37","Lạng Sơn"
"11359","Xã Bắc Quỳnh","393","Huyện Bắc Sơn","37","Lạng Sơn"
"11360","Xã Thiện Tân","394","Huyện Hữu Lũng","37","Lạng Sơn"
"11361","Xã Khánh Xuân","397","Huyện Lộc Bình","37","Lạng Sơn"
"11362","Xã Thống Nhất","397","Huyện Lộc Bình","37","Lạng Sơn"
"11363","Xã Minh Hiệp","397","Huyện Lộc Bình","37","Lạng Sơn"
"11364","Xã Cốc San","399","Thành phố Lào Cai","38","Lào Cai"
"11365","Xã Lùng Thẩn","406","Huyện Si Ma Cai","38","Lào Cai"
"11366","Xã Quan Hồ Thẩn","406","Huyện Si Ma Cai","38","Lào Cai"
"11367","Xã Phúc Khánh","401","Huyện Bảo Yên","38","Lào Cai"
"11368","Phường Ô Quý Hồ","405","Huyện Sa Pa","38","Lào Cai"
"11369","Xã Ngũ Chỉ Sơn","405","Huyện Sa Pa","38","Lào Cai"
"11370","Phường Phan Si Păng","405","Huyện Sa Pa","38","Lào Cai"
"11371","Phường Hàm Rồng","405","Huyện Sa Pa","38","Lào Cai"
"11372","Xã Hoàng Liên","405","Huyện Sa Pa","38","Lào Cai"
"11373","Xã Thanh Bình","405","Huyện Sa Pa","38","Lào Cai"
"11374","Phường Cầu Mây","405","Huyện Sa Pa","38","Lào Cai"
"11375","Xã Mường Hoa","405","Huyện Sa Pa","38","Lào Cai"
"11376","Xã Mường Bo","405","Huyện Sa Pa","38","Lào Cai"
"11377","Xã Liên Minh","405","Huyện Sa Pa","38","Lào Cai"
"11378","Xã Tân Long","432","Huyện Thủ Thừa","39","Long An"
"11379","Xã Tân Bình","430","Huyện Tân Trụ","39","Long An"
"11380","Xã Phúc Thắng","439","Huyện Nghĩa Hưng","40","Nam Định"
"11381","Thị trấn Ninh Cường","440","Huyện Trực Ninh","40","Nam Định"
"11382","Xã Nghĩa Thành","691","Huyện Nghĩa Đàn","41","Nghệ An"
"11383","Xã Minh Châu","449","Huyện Diễn Châu","41","Nghệ An"
"11384","Xã Đại Đồng","696","Huyện Thanh Chương","41","Nghệ An"
"11385","Xã Khánh Hợp","690","Huyện Nghi Lộc","41","Nghệ An"
"11386","Xã Thượng Tân Lộc","689","Huyện Nam Đàn","41","Nghệ An"
"11387","Xã Trung Phúc Cường","689","Huyện Nam Đàn","41","Nghệ An"
"11388","Xã Hưng Nghĩa","451","Huyện Hưng Nguyên","41","Nghệ An"
"11389","Xã Long Xá","451","Huyện Hưng Nguyên","41","Nghệ An"
"11390","Xã Châu Nhân","451","Huyện Hưng Nguyên","41","Nghệ An"
"11391","Xã Xuân Lam","451","Huyện Hưng Nguyên","41","Nghệ An"
"11392","Xã Hưng Thành","451","Huyện Hưng Nguyên","41","Nghệ An"
"11393","Xã Xuân Chính","458","Huyện Kim Sơn","42","Ninh Bình"
"11394","Xã Hùng Xuyên","472","Huyện Đoan Hùng","44","Phú Thọ"
"11395","Xã Hợp Nhất","472","Huyện Đoan Hùng","44","Phú Thọ"
"11396","Xã Tứ Hiệp","473","Huyện Hạ Hòa","44","Phú Thọ"
"11397","Xã Quảng Yên","478","Huyện Thanh Ba","44","Phú Thọ"
"11398","Xã Bình Phú","475","Huyện Phù Ninh","44","Phú Thọ"
"11399","Thị trấn Cẩm Khê","471","Huyện Cẩm Khê","44","Phú Thọ"
"11400","Xã Minh Tân","471","Huyện Cẩm Khê","44","Phú Thọ"
"11401","Xã Bắc Sơn","476","Huyện Tam Nông","44","Phú Thọ"
"11402","Xã Lam Sơn","476","Huyện Tam Nông","44","Phú Thọ"
"11403","Xã Vạn Xuân","476","Huyện Tam Nông","44","Phú Thọ"
"11404","Xã Dân Quyền","476","Huyện Tam Nông","44","Phú Thọ"
"11405","Xã Phùng Nguyên","474","Huyện Lâm Thao","44","Phú Thọ"
"11406","Xã Đồng Trung","480","Huyện Thanh Thủy","44","Phú Thọ"
"11407","Xã An Hòa Hải","490","Huyện Tuy An","45","Phú Yên"
"11408","Phường Đồng Hải","491","Thành Phố Đồng Hới","46","Quảng Bình"
"11409","Xã Liên Trường","495","Huyện Quảng Trạch","46","Quảng Bình"
"11410","Xã Hải Phú","492","Huyện Bố Trạch","46","Quảng Bình"
"11411","Thị trấn Phong Nha","492","Huyện Bố Trạch","46","Quảng Bình"
"11412","Xã Ngư Thủy","493","Huyện Lệ Thủy","46","Quảng Bình"
"11413","Xã Quế Mỹ","515","Huyện Quế Sơn","47","Quảng Nam"
"11414","Thị trấn Tân Bình","507","Huyện Hiệp Đức","47","Quảng Nam"
"11415","Xã Ninh Phước","508","Huyện Nông Sơn","47","Quảng Nam"
"11416","Xã Bình Tân Phú","518","Huyện Bình Sơn","48","Quảng Ngãi"
"11417","Xã Trà Thanh","527","Huyện Trà Bồng","48","Quảng Ngãi"
"11418","Xã Sơn Trà","527","Huyện Trà Bồng","48","Quảng Ngãi"
"11419","Xã Trà Phong","527","Huyện Trà Bồng","48","Quảng Ngãi"
"11420","Xã Hương Trà","527","Huyện Trà Bồng","48","Quảng Ngãi"
"11421","Xã Trà Xinh","527","Huyện Trà Bồng","48","Quảng Ngãi"
"11422","Xã Trà Tây","527","Huyện Trà Bồng","48","Quảng Ngãi"
"11423","Phường Nguyễn Nghiêm","519","Thị xã Đức Phổ","48","Quảng Ngãi"
"11424","Phường Hoành Bồ","530","Thành phố Hạ Long","49","Quảng Ninh"
"11425","Xã Kỳ Thượng","530","Thành phố Hạ Long","49","Quảng Ninh"
"11426","Xã Đồng Sơn","530","Thành phố Hạ Long","49","Quảng Ninh"
"11427","Xã Tân Dân","530","Thành phố Hạ Long","49","Quảng Ninh"
"11428","Xã Đồng Lâm","530","Thành phố Hạ Long","49","Quảng Ninh"
"11429","Xã Hòa Bình","530","Thành phố Hạ Long","49","Quảng Ninh"
"11430","Xã Vũ Oai","530","Thành phố Hạ Long","49","Quảng Ninh"
"11431","Xã Dân Chủ","530","Thành phố Hạ Long","49","Quảng Ninh"
"11432","Xã Quảng La","530","Thành phố Hạ Long","49","Quảng Ninh"
"11433","Xã Bằng Cả","530","Thành phố Hạ Long","49","Quảng Ninh"
"11434","Xã Thống Nhất","530","Thành phố Hạ Long","49","Quảng Ninh"
"11435","Xã Sơn Dương","530","Thành phố Hạ Long","49","Quảng Ninh"
"11436","Xã Lê Lợi","530","Thành phố Hạ Long","49","Quảng Ninh"
"11437","Xã Trung Nam","553","Huyện Vĩnh Linh","50","Quảng Trị"
"11438","Xã Kim Thạch","553","Huyện Vĩnh Linh","50","Quảng Trị"
"11439","Xã Hiền Thành","553","Huyện Vĩnh Linh","50","Quảng Trị"
"11440","Xã Lìa","551","Huyện Hướng Hóa","50","Quảng Trị"
"11441","Xã Phong Bình","549","Huyện Gio Linh","50","Quảng Trị"
"11442","Xã Linh Trường","549","Huyện Gio Linh","50","Quảng Trị"
"11443","Xã Thanh An","546","Huyện Cam Lộ","50","Quảng Trị"
"11444","Thị trấn Diên Sanh","550","Huyện Hải Lăng","50","Quảng Trị"
"11445","Xã Hải Hưng","550","Huyện Hải Lăng","50","Quảng Trị"
"11446","Xã Hải Định","550","Huyện Hải Lăng","50","Quảng Trị"
"11447","Xã Hải Phong","550","Huyện Hải Lăng","50","Quảng Trị"
"11448","Đảo Cồn Cỏ","547","Huyện Đảo Cồn Cỏ","50","Quảng Trị"
"11449","Phường Long Hoa","581","Thị xã Hòa Thành","53","Tây Ninh"
"11451","Xã Châu Sơn","589","Huyện Quỳnh Phụ","54","Thái Bình"
"11452","Xã Hà Giang","586","Huyện Đông Hưng","54","Thái Bình"
"11453","Xã Liên Hoa","586","Huyện Đông Hưng","54","Thái Bình"
"11454","Xã Hồng Bạch","586","Huyện Đông Hưng","54","Thái Bình"
"11455","Xã Đông Quan","586","Huyện Đông Hưng","54","Thái Bình"
"11456","Xã Minh Phú","586","Huyện Đông Hưng","54","Thái Bình"
"11457","Xã Hồng Dũng","590","Huyện Thái Thụy","54","Thái Bình"
"11458","Xã An Tân","590","Huyện Thái Thụy","54","Thái Bình"
"11459","Xã Dương Phúc","590","Huyện Thái Thụy","54","Thái Bình"
"11460","Xã Dương Hồng Thủy","590","Huyện Thái Thụy","54","Thái Bình"
"11461","Xã Hòa An","590","Huyện Thái Thụy","54","Thái Bình"
"11462","Xã Sơn Hà","590","Huyện Thái Thụy","54","Thái Bình"
"11463","Xã Tân Học","590","Huyện Thái Thụy","54","Thái Bình"
"11464","Xã Thuần Thành","590","Huyện Thái Thụy","54","Thái Bình"
"11465","Thị trấn Kiến Xương","588","Huyện Kiến Xương","54","Thái Bình"
"11466","Xã Tây Sơn","588","Huyện Kiến Xương","54","Thái Bình"
"11467","Xã Minh Quang","588","Huyện Kiến Xương","54","Thái Bình"
"11468","Phường Châu Sơn","594","Thành phố Sông Công","55","Thái Nguyên"
"11469","Phường Hải Hòa","718","Thị Xã Nghi Sơn","56","Thanh Hóa"
"11470","Phường Hải Châu","718","Thị Xã Nghi Sơn","56","Thanh Hóa"
"11471","Xã Thanh Thủy","718","Thị Xã Nghi Sơn","56","Thanh Hóa"
"11472","Xã Thanh Sơn","718","Thị Xã Nghi Sơn","56","Thanh Hóa"
"11473","Phường Hải Ninh","718","Thị Xã Nghi Sơn","56","Thanh Hóa"
"11474","Xã Anh Sơn","718","Thị Xã Nghi Sơn","56","Thanh Hóa"
"11475","Xã Ngọc Lĩnh","718","Thị Xã Nghi Sơn","56","Thanh Hóa"
"11476","Phường Hải An","718","Thị Xã Nghi Sơn","56","Thanh Hóa"
"11477","Xã Các Sơn","718","Thị Xã Nghi Sơn","56","Thanh Hóa"
"11478","Phường Tân Dân","718","Thị Xã Nghi Sơn","56","Thanh Hóa"
"11479","Phường Hải Lĩnh","718","Thị Xã Nghi Sơn","56","Thanh Hóa"
"11480","Xã Định Hải","718","Thị Xã Nghi Sơn","56","Thanh Hóa"
"11481","Xã Phú Sơn","718","Thị Xã Nghi Sơn","56","Thanh Hóa"
"11482","Phường Ninh Hải","718","Thị Xã Nghi Sơn","56","Thanh Hóa"
"11483","Phường Nguyên Bình","718","Thị Xã Nghi Sơn","56","Thanh Hóa"
"11484","Xã Hải Nhân","718","Thị Xã Nghi Sơn","56","Thanh Hóa"
"11485","Phường Bình Minh","718","Thị Xã Nghi Sơn","56","Thanh Hóa"
"11486","Phường Hải Thanh","718","Thị Xã Nghi Sơn","56","Thanh Hóa"
"11487","Xã Phú Lâm","718","Thị Xã Nghi Sơn","56","Thanh Hóa"
"11488","Phường Xuân Lâm","718","Thị Xã Nghi Sơn","56","Thanh Hóa"
"11489","Phường Trúc Lâm","718","Thị Xã Nghi Sơn","56","Thanh Hóa"
"11490","Phường Hải Bình","718","Thị Xã Nghi Sơn","56","Thanh Hóa"
"11491","Xã Tân Trường","718","Thị Xã Nghi Sơn","56","Thanh Hóa"
"11492","Xã Tùng Lâm","718","Thị Xã Nghi Sơn","56","Thanh Hóa"
"11493","Phường Tĩnh Hải","718","Thị Xã Nghi Sơn","56","Thanh Hóa"
"11494","Phường Mai Lâm","718","Thị Xã Nghi Sơn","56","Thanh Hóa"
"11495","Xã Trường Lâm","718","Thị Xã Nghi Sơn","56","Thanh Hóa"
"11496","Xã Hải Yến","718","Thị Xã Nghi Sơn","56","Thanh Hóa"
"11497","Phường Hải Thượng","718","Thị Xã Nghi Sơn","56","Thanh Hóa"
"11498","Xã Nghi Sơn","718","Thị Xã Nghi Sơn","56","Thanh Hóa"
"11499","Xã Hải Hà","718","Thị Xã Nghi Sơn","56","Thanh Hóa"
"11500","Xã Phú Gia","636","Huyện Phú Vang","57","Thừa Thiên Huế"
"11501","Xã Bình Tiến","632","Thị xã Hương Trà","57","Thừa Thiên Huế"
"11502","Xã Trung Sơn","631","Huyện A Lưới","57","Thừa Thiên Huế"
"11503","Xã Quảng Nhâm","631","Huyện A Lưới","57","Thừa Thiên Huế"
"11504","Xã Lâm Đớt","631","Huyện A Lưới","57","Thừa Thiên Huế"
"11505","Xã Giang Hải","635","Huyện Phú Lộc","57","Thừa Thiên Huế"
"11506","Xã Hương Xuân","633","Huyện Nam Đông","57","Thừa Thiên Huế"
"11507","Xã Kim Phú","656","Thành phố Tuyên Quang","60","Tuyên Quang"
"11508","Phường Mỹ Lâm","656","Thành phố Tuyên Quang","60","Tuyên Quang"
"11509","Xã Tân Thanh","660","Huyện Sơn Dương","60","Tuyên Quang"
"11510","Xã Trường Sinh","660","Huyện Sơn Dương","60","Tuyên Quang"
"11511","Xã Tân Phú","677","Huyện Vĩnh Tường","62","Vĩnh Phúc"
"11512","Xã Nghĩa Lộ","680","Thị xã Nghĩa Lộ","63","Yên Bái"
"11513","Xã Sơn A","680","Thị xã Nghĩa Lộ","63","Yên Bái"
"11514","Xã Phù Nham","680","Thị xã Nghĩa Lộ","63","Yên Bái"
"11515","Xã Thanh Lương","680","Thị xã Nghĩa Lộ","63","Yên Bái"
"11516","Xã Hạnh Sơn","680","Thị xã Nghĩa Lộ","63","Yên Bái"
"11517","Xã Phúc Sơn","680","Thị xã Nghĩa Lộ","63","Yên Bái"
"11518","Xã Thạch Lương","680","Thị xã Nghĩa Lộ","63","Yên Bái"
"107427","Phường An Khánh","10924","Thành phố Thủ Đức","2","TP Hồ Chí Minh"
"107428","Phường An Lợi Đông","10924","Thành phố Thủ Đức","2","TP Hồ Chí Minh"
"107429","Phường An Phú","10924","Thành phố Thủ Đức","2","TP Hồ Chí Minh"
"107430","Phường Bình Chiểu","10924","Thành phố Thủ Đức","2","TP Hồ Chí Minh"
"107431","Phường Bình Thọ","10924","Thành phố Thủ Đức","2","TP Hồ Chí Minh"
"107432","Phường Bình Trưng Đông","10924","Thành phố Thủ Đức","2","TP Hồ Chí Minh"
"107433","Phường Bình Trưng Tây","10924","Thành phố Thủ Đức","2","TP Hồ Chí Minh"
"107434","Phường Cát Lái","10924","Thành phố Thủ Đức","2","TP Hồ Chí Minh"
"107435","Phường Hiệp Bình Chánh","10924","Thành phố Thủ Đức","2","TP Hồ Chí Minh"
"107436","Phường Hiệp Bình Phước","10924","Thành phố Thủ Đức","2","TP Hồ Chí Minh"
"107437","Phường Hiệp Phú","10924","Thành phố Thủ Đức","2","TP Hồ Chí Minh"
"107438","Phường Linh Chiểu","10924","Thành phố Thủ Đức","2","TP Hồ Chí Minh"
"107439","Phường Linh Đông","10924","Thành phố Thủ Đức","2","TP Hồ Chí Minh"
"107440","Phường Linh Tây","10924","Thành phố Thủ Đức","2","TP Hồ Chí Minh"
"107441","Phường Linh Trung","10924","Thành phố Thủ Đức","2","TP Hồ Chí Minh"
"107442","Phường Linh Xuân","10924","Thành phố Thủ Đức","2","TP Hồ Chí Minh"
"107443","Phường Long Bình","10924","Thành phố Thủ Đức","2","TP Hồ Chí Minh"
"107444","Phường Long Phước","10924","Thành phố Thủ Đức","2","TP Hồ Chí Minh"
"107445","Phường Long Thạnh Mỹ","10924","Thành phố Thủ Đức","2","TP Hồ Chí Minh"
"107446","Phường Long Trường","10924","Thành phố Thủ Đức","2","TP Hồ Chí Minh"
"107447","Phường Phú Hữu","10924","Thành phố Thủ Đức","2","TP Hồ Chí Minh"
"107448","Phường Phước Bình","10924","Thành phố Thủ Đức","2","TP Hồ Chí Minh"
"107449","Phường Phước Long A","10924","Thành phố Thủ Đức","2","TP Hồ Chí Minh"
"107450","Phường Phước Long B","10924","Thành phố Thủ Đức","2","TP Hồ Chí Minh"
"107451","Phường Tam Bình","10924","Thành phố Thủ Đức","2","TP Hồ Chí Minh"
"107452","Phường Tam Phú","10924","Thành phố Thủ Đức","2","TP Hồ Chí Minh"
"107453","Phường Tân Phú","10924","Thành phố Thủ Đức","2","TP Hồ Chí Minh"
"107454","Phường Tăng Nhơn Phú A","10924","Thành phố Thủ Đức","2","TP Hồ Chí Minh"
"107455","Phường Tăng Nhơn Phú B","10924","Thành phố Thủ Đức","2","TP Hồ Chí Minh"
"107456","Phường Thạnh Mỹ Lợi","10924","Thành phố Thủ Đức","2","TP Hồ Chí Minh"
"107457","Phường Thảo Điền","10924","Thành phố Thủ Đức","2","TP Hồ Chí Minh"
"107458","Phường Thủ Thiêm","10924","Thành phố Thủ Đức","2","TP Hồ Chí Minh"
"107459","Phường Trường Thạnh","10924","Thành phố Thủ Đức","2","TP Hồ Chí Minh"
"107460","Phường Trường Thọ","10924","Thành phố Thủ Đức","2","TP Hồ Chí Minh"
"107461","Phường Gia Hội","629","Thành phố Huế","57","Thừa Thiên Huế"
"107462","Phường Đông Ba","629","Thành phố Huế","57","Thừa Thiên Huế"
"107463","Phường Võ Thị Sáu","32","Quận 3","2","TP Hồ Chí Minh"
"107464","Phường Tân Tiến","348","Thành phố Nha Trang","32","Khánh Hòa"
"107465","Phường Tiền Ninh Vệ","97","Thành phố Bắc Ninh","8","Bắc Ninh"
